-6.0 -6.0 -6.0 -6.0 -6.0 -6.0 -6.0 -6.0 -6.0 -6.0 -6.0 -6.0 -6.0 -6.0 -6.0 -6.0 -6.0 -6.0 -6.0 -6.0 -6.0 -6.0 -6.0 -6.0 -6.0 -6.0 -6.0 -6.0 -6.0 -6.0 -6.0 -6.0 -6.0 -6.0 -6.0 -6.0 -6.0 -6.0 -6.0 -6.0 -6.0 -6.0 -6.0 -6.0 -6.0 -6.0 -6.0 -6.0 -6.0 -6.0 -6.0 -6.0 -6.0 -6.0 -6.0 -6.0 -6.0 -6.0 -6.0 -6.0 -6.0 -6.0 -6.0 -6.0 -6.0 -6.0 -6.0 -6.0 -6.0 -6.0 -6.0 -6.0 -6.0 -6.0 -6.0 -6.0 -6.0 -6.0 -6.0 -6.0 -6.0 -6.0 -6.0 -6.0 -6.0 -6.0 -6.0 -6.0 -6.0 -6.0 -6.0 -3.19166 -1.50305 0.86632 2.65051 4.89314 5.9065 6.29431 6.71472 7.13127 7.52212 7.95783 8.35819 8.79286 9.44972 9.85138 10.55032 11.05772 11.77281 12.36647 12.90376 13.60862 14.39326 15.10828 15.96706 16.62317 17.20892 17.91372 18.2741 18.7201 19.01652 19.55431 20.15456 21.11531 21.7944 22.71525 22.85651 22.37368 22.05247 21.95822 22.15707 22.33454 22.24221 22.14911 22.37713 22.74246 22.79547 23.02346 23.32387 23.52735 23.66058 23.6849 23.77663 23.98265 24.03606 23.9936 24.01629 23.98729 23.82167 23.9019 24.20667 23.86696 23.46133 23.31633 23.21577 22.82447 22.30439 22.39988 22.69308 22.88907 22.72459 22.61289 23.0253 22.88563 22.32802 22.20699 22.62285 22.51916 22.43374 23.18433 23.64704 23.20476 22.79855 22.12748 22.11247 22.70994 22.68394 22.3578 22.85754 23.06412 22.53487 22.42212 22.96673 23.08016 23.06478 23.03511 23.05615 23.08196 23.10498 23.14886 23.14949 23.10599 23.02667 22.99302 22.94925 22.87573 22.8615 22.72871 22.31073 21.09783 19.46991 18.27709 17.60489 16.81382 16.95414 17.64301 18.04953 18.30103 18.31871 18.17379 18.08535 18.19673 18.68035 19.37505 20.06093 20.8026 21.77502 22.31342 22.53595 22.18899 21.60206 20.49966
-6.0 -6.0 -6.0 -6.0 -6.0 -6.0 -6.0 -6.0 -6.0 -6.0 -6.0 -6.0 -6.0 -6.0 -6.0 -6.0 -6.0 -6.0 -6.0 -6.0 -6.0 -6.0 -6.0 -6.0 -6.0 -6.0 -6.0 -6.0 -6.0 -6.0 -6.0 -6.0 -6.0 -6.0 -6.0 -6.0 -6.0 -6.0 -6.0 -6.0 -6.0 -6.0 -6.0 -6.0 -6.0 -6.0 -6.0 -6.0 -6.0 -6.0 -6.0 -6.0 -6.0 -6.0 -6.0 -6.0 -6.0 -6.0 -6.0 -6.0 -6.0 -6.0 -6.0 -6.0 -6.0 -6.0 -6.0 -6.0 -6.0 -6.0 -6.0 -6.0 -6.0 -6.0 -6.0 -6.0 -6.0 -6.0 -6.0 -6.0 -6.0 -6.0 -6.0 -6.0 -6.0 -6.0 -6.0 -6.0 -6.0 -6.0 -6.0 -6.0 -2.28465 -0.36242 1.37126 4.13106 5.78353 6.23949 6.6851 7.06393 7.45874 7.85989 8.23997 8.66693 9.2742 9.64246 10.33721 10.85301 11.56015 12.10385 12.63919 13.2697 13.95547 14.6547 15.4583 16.02943 16.49086 17.16579 17.64459 18.19137 18.51487 18.98484 19.38735 19.81824 20.30482 22.02649 22.79809 22.71172 22.48334 22.36455 22.3883 22.43679 22.07611 21.90888 22.07863 22.36653 22.50609 22.64261 22.85121 22.93841 22.92633 23.0372 23.43044 24.26631 24.61559 24.57999 24.43782 24.01825 23.47893 23.03335 23.12339 22.78416 22.33476 22.33038 22.54497 22.54067 22.62839 23.03955 22.72669 22.08431 21.15425 20.74617 22.67569 23.00063 22.86059 22.71098 22.17001 21.91308 22.15636 23.05653 23.07321 22.53089 22.56039 22.66139 22.66515 22.75586 22.78173 22.87832 22.58754 22.64452 22.54202 22.34603 22.47496 22.64393 22.72816 22.74337 22.78343 22.80097 22.83251 22.84519 22.83772 22.80051 22.77694 22.80741 22.74532 22.46458 22.32604 22.63108 22.51175 19.88271 18.2238 16.74286 15.94368 14.92537 14.90034 15.55655 16.30943 16.97561 17.14454 17.03771 17.2504 17.70381 18.26176 19.02472 19.74829 20.43249 21.22884 21.39948 21.079 20.46501 19.76239 18.72622
-6.0 -6.0 -6.0 -6.0 -6.0 -6.0 -6.0 -6.0 -6.0 -6.0 -6.0 -6.0 -6.0 -6.0 -6.0 -6.0 -6.0 -6.0 -6.0 -6.0 -6.0 -6.0 -6.0 -6.0 -6.0 -6.0 -6.0 -6.0 -6.0 -6.0 -6.0 -6.0 -6.0 -6.0 -6.0 -6.0 -6.0 -6.0 -6.0 -6.0 -6.0 -6.0 -6.0 -6.0 -6.0 -6.0 -6.0 -6.0 -6.0 -6.0 -6.0 -6.0 -6.0 -6.0 -6.0 -6.0 -6.0 -6.0 -6.0 -6.0 -6.0 -6.0 -6.0 -6.0 -6.0 -6.0 -6.0 -6.0 -6.0 -6.0 -6.0 -6.0 -6.0 -6.0 -6.0 -6.0 -6.0 -6.0 -6.0 -6.0 -6.0 -6.0 -6.0 -6.0 -6.0 -6.0 -6.0 -6.0 -6.0 -6.0 -6.0 -6.0 -6.0 -1.29926 0.40365 2.9402 4.69803 5.8962 6.55675 7.00739 7.42946 7.7902 8.16203 8.57559 9.16801 9.54823 10.24966 10.74411 11.44486 11.98027 12.50778 13.11234 13.76684 14.42711 15.14757 15.64354 16.02407 16.5965 17.00433 17.59375 18.01682 18.54781 19.00398 19.43159 19.62018 20.36089 21.27065 21.96323 21.61439 21.14974 21.72112 22.52125 22.51562 22.34683 22.21466 22.14158 21.93046 21.98791 22.3268 22.39723 22.3375 22.51912 22.9484 23.6276 23.79114 23.11026 22.48866 22.4759 22.39342 22.20152 22.08182 22.16473 22.36294 21.0663 21.75517 22.22622 21.914 22.13344 21.29753 20.59221 20.13773 20.01634 20.55847 20.72364 20.82663 20.80078 21.50501 20.98727 21.05298 22.75797 23.16864 22.75514 22.39252 22.41171 22.20636 22.10019 22.12244 22.16167 22.03569 22.29601 22.41174 22.44636 22.36541 22.19334 22.306 22.34975 22.42607 22.45717 22.52705 22.56301 22.54222 22.51409 22.51969 22.61463 22.68314 22.37303 22.02027 22.0411 21.51361 18.91807 17.78035 15.73947 14.6811 13.57696 13.02347 13.2824 14.14279 15.04187 15.6545 15.7826 16.15474 16.72739 17.6536 18.52173 19.13739 19.56612 19.99063 19.9015 19.21484 18.48135 17.8786 17.12017
-6.0 -6.0 -6.0 -6.0 -6.0 -6.0 -6.0 -6.0 -6.0 -6.0 -6.0 -6.0 -6.0 -6.0 -6.0 -6.0 -6.0 -6.0 -6.0 -6.0 -6.0 -6.0 -6.0 -6.0 -6.0 -6.0 -6.0 -6.0 -6.0 -6.0 -6.0 -6.0 -6.0 -6.0 -6.0 -6.0 -6.0 -6.0 -6.0 -6.0 -6.0 -6.0 -6.0 -6.0 -6.0 -6.0 -6.0 -6.0 -6.0 -6.0 -6.0 -6.0 -6.0 -6.0 -6.0 -6.0 -6.0 -6.0 -6.0 -6.0 -6.0 -6.0 -6.0 -6.0 -6.0 -6.0 -6.0 -6.0 -6.0 -6.0 -6.0 -6.0 -6.0 -6.0 -6.0 -6.0 -6.0 -6.0 -6.0 -6.0 -6.0 -6.0 -6.0 -6.0 -6.0 -6.0 -6.0 -6.0 -6.0 -6.0 -6.0 -6.0 -6.0 -2.04784 -0.74367 1.36214 2.82068 4.55602 6.01975 6.73511 7.05632 7.45503 7.83491 8.24024 8.89799 9.34265 10.07274 10.55566 11.26263 11.80922 12.34045 12.94016 13.58561 14.18425 14.85841 15.35768 15.74514 16.43676 16.81687 16.94992 17.20547 18.08902 18.63022 18.90456 18.98781 19.40701 19.84438 20.167 20.11521 20.06006 20.29574 21.03036 22.56692 22.99524 22.92067 22.56616 21.05936 21.18895 22.74713 23.00804 22.6589 22.27345 22.19453 22.77574 22.62118 20.84128 20.00855 19.98939 19.98866 19.76056 20.09275 22.18655 22.68712 20.99928 20.45567 20.39212 20.20117 20.13181 19.99664 19.87562 19.86054 19.80241 19.82178 19.80251 19.87436 19.89549 20.2815 20.12351 20.06631 21.55254 23.15052 22.78734 22.25056 22.50513 22.17412 21.90089 21.91066 21.86734 21.87267 22.04694 22.05593 22.01076 21.94527 21.90524 21.91335 21.93775 22.03063 22.07468 22.14578 22.18932 22.19525 22.2005 22.24655 22.38257 22.49593 22.32818 21.77776 20.38097 19.3345 16.95034 16.00917 13.6577 12.56817 11.5936 10.81551 11.24942 12.20163 13.12406 13.95172 14.37798 14.87268 15.51567 16.73195 17.84283 18.04573 18.23031 18.46394 18.21071 17.24479 16.54218 16.04694 15.41602
-6.0 -6.0 -6.0 -6.0 -6.0 -6.0 -6.0 -6.0 -6.0 -6.0 -6.0 -6.0 -6.0 -6.0 -6.0 -6.0 -6.0 -6.0 -6.0 -6.0 -6.0 -6.0 -6.0 -6.0 -6.0 -6.0 -6.0 -6.0 -6.0 -6.0 -6.0 -6.0 -6.0 -6.0 -6.0 -6.0 -6.0 -6.0 -6.0 -6.0 -6.0 -6.0 -6.0 -6.0 -6.0 -6.0 -6.0 -6.0 -6.0 -6.0 -6.0 -6.0 -6.0 -6.0 -6.0 -6.0 -6.0 -6.0 -6.0 -6.0 -6.0 -6.0 -6.0 -6.0 -6.0 -6.0 -6.0 -6.0 -6.0 -6.0 -6.0 -6.0 -6.0 -6.0 -6.0 -6.0 -6.0 -6.0 -6.0 -6.0 -6.0 -6.0 -6.0 -6.0 -6.0 -6.0 -6.0 -6.0 -6.0 -6.0 -6.0 -6.0 -6.0 -5.09632 -2.12297 -0.76745 0.43434 2.70964 4.48975 5.84776 6.32873 6.83246 7.23618 7.70683 8.47103 8.95012 9.74353 10.28079 11.04531 11.60114 12.15095 12.75301 13.40606 13.98932 14.66909 15.26853 15.87384 16.62314 16.82362 16.83701 16.92416 17.48022 18.11048 18.73709 18.61529 18.41353 18.95613 19.71415 20.26476 21.14963 22.19338 22.28463 22.46992 22.48245 22.24046 22.28741 22.43523 22.45476 23.10696 23.21411 23.06762 22.54371 22.41831 21.63625 20.27092 19.01173 18.56517 18.45222 18.56261 18.47471 18.70966 20.14915 22.03299 22.47031 22.35091 22.22489 20.69267 19.16366 19.14839 19.4778 20.1365 19.22969 19.32643 19.02133 19.64369 19.79237 19.55118 20.55193 20.94752 20.95891 22.15466 22.11406 21.9773 22.21334 22.18943 22.17207 22.17854 22.10326 22.09574 22.14978 22.15102 22.15128 22.1959 22.21339 22.16903 22.1202 22.10682 22.08956 22.06774 21.99669 21.94075 21.94934 22.01305 22.08696 22.23755 22.45896 22.08933 19.9487 18.08557 15.11671 12.67327 10.74174 9.94304 9.17607 8.67013 9.44886 10.47122 11.46586 12.5613 13.17569 13.75653 14.51602 16.12281 17.59267 17.81006 17.8538 17.67296 16.87304 15.60477 14.92397 14.46625 13.96288
-6.0 -6.0 -6.0 -6.0 -6.0 -6.0 -6.0 -6.0 -6.0 -6.0 -6.0 -6.0 -6.0 -6.0 -6.0 -6.0 -6.0 -6.0 -6.0 -6.0 -6.0 -6.0 -6.0 -6.0 -6.0 -6.0 -6.0 -6.0 -6.0 -6.0 -6.0 -6.0 -6.0 -6.0 -6.0 -6.0 -6.0 -6.0 -6.0 -6.0 -6.0 -6.0 -6.0 -6.0 -6.0 -6.0 -6.0 -6.0 -6.0 -6.0 -6.0 -6.0 -6.0 -6.0 -6.0 -6.0 -6.0 -6.0 -6.0 -6.0 -6.0 -6.0 -6.0 -6.0 -6.0 -6.0 -6.0 -6.0 -6.0 -6.0 -6.0 -6.0 -6.0 -6.0 -6.0 -6.0 -6.0 -6.0 -6.0 -6.0 -6.0 -6.0 -6.0 -6.0 -6.0 -6.0 -6.0 -6.0 -6.0 -6.0 -6.0 -6.0 -6.0 -6.0 -6.0 -2.60049 -0.90075 0.88911 2.57626 4.07103 4.95651 5.94349 6.49759 7.11457 7.97576 8.48687 9.33514 9.91713 10.73948 11.33611 11.92818 12.54893 13.2056 13.87333 14.65556 15.27651 15.82255 16.36148 16.59754 16.86065 17.04528 17.53893 18.14801 18.77712 18.73688 18.4196 19.04658 19.88727 20.29065 20.83051 21.71399 21.6164 21.37386 21.61032 21.89346 21.98818 22.82835 22.42804 21.63439 21.42734 21.34286 20.99326 20.79025 19.74402 18.45262 17.85215 17.70936 17.54819 17.63932 17.82214 18.07958 18.87375 20.18885 21.15107 22.16147 22.40186 20.22554 18.92563 18.87328 19.12831 19.89094 19.49445 19.06289 18.48391 18.87509 19.48331 19.61002 20.74173 21.51573 21.3563 21.83257 21.99166 22.11836 22.32775 22.43919 22.52992 22.51575 22.40699 22.3903 22.40821 22.42631 22.46044 22.54056 22.57853 22.53536 22.46132 22.39727 22.36845 22.30483 22.13573 21.91524 21.87121 21.89017 21.91398 22.0207 22.25135 22.14456 20.02411 17.17595 13.59875 9.54951 6.02688 4.94792 4.14902 3.3906 6.55156 8.70944 10.28566 11.60761 12.38495 13.19703 14.00018 16.00215 17.59487 17.75779 17.41602 16.47613 15.35443 13.97386 13.25565 12.66961 11.84183
-6.0 -6.0 -6.0 -6.0 -6.0 -6.0 -6.0 -6.0 -6.0 -6.0 -6.0 -6.0 -6.0 -6.0 -6.0 -6.0 -6.0 -6.0 -6.0 -6.0 -6.0 -6.0 -6.0 -6.0 -6.0 -6.0 -6.0 -6.0 -6.0 -6.0 -6.0 -6.0 -6.0 -6.0 -6.0 -6.0 -6.0 -6.0 -6.0 -6.0 -6.0 -6.0 -6.0 -6.0 -6.0 -6.0 -6.0 -6.0 -6.0 -6.0 -6.0 -6.0 -6.0 -6.0 -6.0 -6.0 -6.0 -6.0 -6.0 -6.0 -6.0 -6.0 -6.0 -6.0 -6.0 -6.0 -6.0 -6.0 -6.0 -6.0 -6.0 -6.0 -6.0 -6.0 -6.0 -6.0 -6.0 -6.0 -6.0 -6.0 -6.0 -6.0 -6.0 -6.0 -6.0 -6.0 -6.0 -6.0 -6.0 -6.0 -6.0 -6.0 -6.0 -6.0 -6.0 -6.0 -4.18641 -1.61345 -0.52612 0.56398 1.73066 3.19402 4.45213 5.64408 7.00256 7.60492 8.56383 9.22288 10.1717 10.88058 11.5361 12.20456 12.88629 13.69207 14.68282 15.27349 15.63383 15.86862 16.09507 16.69726 17.03348 17.60245 18.1705 19.03699 18.97738 18.88431 19.59436 20.67108 20.98708 20.55181 19.91364 19.90114 20.5565 21.59394 21.55704 20.78478 20.87359 20.03562 18.32202 18.01008 18.06271 17.98328 17.74987 17.1972 16.81383 16.66565 16.60711 16.55443 16.89365 17.22812 17.75172 18.49336 18.47778 18.33954 18.77939 19.23406 18.26935 18.21272 18.7941 18.71772 18.5599 19.26674 18.39685 18.33113 18.17244 19.35146 21.37296 21.6066 21.79769 22.20148 22.26598 22.48185 22.70554 22.93484 23.04189 23.0795 23.04434 22.90544 22.86953 22.8923 22.92202 22.95436 23.03409 23.08862 23.0759 23.0298 22.96018 22.95329 22.8832 22.60554 22.17205 21.92198 21.83502 21.83399 21.84489 22.24615 22.27807 19.19971 15.18538 10.1513 4.66723 0.14447 -0.76475 -1.2688 -1.83036 0.24091 4.6161 8.69834 10.35438 11.40057 12.82174 13.92507 16.03331 17.43206 17.14228 15.76214 13.74151 12.08825 10.23417 9.32118 8.48981 6.95112
-6.0 -6.0 -6.0 -6.0 -6.0 -6.0 -6.0 -6.0 -6.0 -6.0 -6.0 -6.0 -6.0 -6.0 -6.0 -6.0 -6.0 -6.0 -6.0 -6.0 -6.0 -6.0 -6.0 -6.0 -6.0 -6.0 -6.0 -6.0 -6.0 -6.0 -6.0 -6.0 -6.0 -6.0 -6.0 -6.0 -6.0 -6.0 -6.0 -6.0 -6.0 -6.0 -6.0 -6.0 -6.0 -6.0 -6.0 -6.0 -6.0 -6.0 -6.0 -6.0 -6.0 -6.0 -6.0 -6.0 -6.0 -6.0 -6.0 -6.0 -6.0 -6.0 -6.0 -6.0 -6.0 -6.0 -6.0 -6.0 -6.0 -6.0 -6.0 -6.0 -6.0 -6.0 -6.0 -6.0 -6.0 -6.0 -6.0 -6.0 -6.0 -6.0 -6.0 -6.0 -6.0 -6.0 -6.0 -6.0 -6.0 -6.0 -6.0 -6.0 -6.0 -6.0 -6.0 -6.0 -6.0 -6.0 -2.17798 -1.34459 -0.26498 1.02999 2.34948 3.91454 5.91231 6.75468 7.98525 8.77126 9.8758 10.58735 11.16187 11.81969 12.57601 13.33443 14.17309 14.7101 15.0952 15.4247 15.62824 16.09921 16.42528 16.96389 17.68185 18.85831 18.87464 18.85828 19.3621 20.03213 20.38438 19.94467 19.2905 19.28292 19.998 20.88339 20.44288 19.68802 19.54111 19.01807 17.78521 17.41502 16.89402 16.75017 16.6514 16.54266 16.34992 15.19827 14.6318 15.641 16.53335 17.1086 17.72014 18.3001 18.10725 17.56213 17.17261 17.05726 17.03026 17.24335 18.31106 18.22907 17.74782 18.7699 18.62395 19.03309 19.39696 20.6966 22.73171 22.75124 22.37629 22.55704 22.80329 22.91948 23.05954 23.19661 23.26118 23.25803 23.15683 23.00676 23.0082 23.10056 23.15424 23.18182 23.23169 23.26362 23.26494 23.2511 23.20516 23.2078 23.16185 22.9018 22.45057 22.07218 21.8511 21.83144 21.84921 22.45515 22.60162 18.64758 13.9381 7.07378 1.62366 -1.98647 -6.0 -6.0 -6.0 -4.26836 1.46183 7.28582 9.89819 11.189 12.612 13.66535 15.38698 16.51042 15.92526 14.00195 11.30884 9.28756 6.82644 5.77799 4.88776 3.19618
-6.0 -6.0 -6.0 -6.0 -6.0 -6.0 -6.0 -6.0 -6.0 -6.0 -6.0 -6.0 -6.0 -6.0 -6.0 -6.0 -6.0 -6.0 -6.0 -6.0 -6.0 -6.0 -6.0 -6.0 -6.0 -6.0 -6.0 -6.0 -6.0 -6.0 -6.0 -6.0 -6.0 -6.0 -6.0 -6.0 -6.0 -6.0 -6.0 -6.0 -6.0 -6.0 -6.0 -6.0 -6.0 -6.0 -6.0 -6.0 -6.0 -6.0 -6.0 -6.0 -6.0 -6.0 -6.0 -6.0 -6.0 -6.0 -6.0 -6.0 -6.0 -6.0 -6.0 -6.0 -6.0 -6.0 -6.0 -6.0 -6.0 -6.0 -6.0 -6.0 -6.0 -6.0 -6.0 -6.0 -6.0 -6.0 -6.0 -6.0 -6.0 -6.0 -6.0 -6.0 -6.0 -6.0 -6.0 -6.0 -6.0 -6.0 -6.0 -6.0 -6.0 -6.0 -6.0 -6.0 -6.0 -6.0 -6.0 -6.0 -2.40756 -1.84398 -0.67504 0.67181 2.78699 4.10166 5.92291 7.01577 8.63409 9.58559 10.10345 10.75453 11.39506 11.95769 12.50477 12.9542 13.38111 13.95339 14.28046 14.75772 15.08235 15.70023 16.35764 17.18018 17.48357 17.5381 17.49151 17.2455 17.16379 17.32522 17.73356 17.93644 18.31961 18.75804 18.92425 18.79998 18.82808 19.02073 18.7875 17.90137 15.7916 15.36815 15.55697 15.92832 15.5107 13.06776 11.79959 13.25898 14.2095 15.68654 16.51944 16.32336 16.49541 16.24583 15.86847 15.68596 16.19405 16.92581 17.7057 17.76081 17.69002 18.5397 19.43159 20.09025 21.80157 22.81535 23.26052 23.26437 23.25038 23.25742 23.26671 23.2507 23.20136 23.03432 22.85101 22.71286 22.47914 22.32705 22.38027 22.60294 22.70407 22.75586 22.79817 22.78205 22.80187 22.85173 22.8954 23.00124 23.05828 23.09079 22.87536 22.49894 21.9717 21.84369 21.91108 22.14112 21.72001 17.43717 11.06946 3.33804 -1.96666 -6.0 -6.0 -6.0 -6.0 -6.0 -0.86012 2.38868 9.41782 11.48729 12.64317 12.92732 13.61518 14.17618 13.48063 10.98045 7.1153 4.53081 2.01076 1.10773 0.33433 -1.3115
-6.0 -6.0 -6.0 -6.0 -6.0 -6.0 -6.0 -6.0 -6.0 -6.0 -6.0 -6.0 -6.0 -6.0 -6.0 -6.0 -6.0 -6.0 -6.0 -6.0 -6.0 -6.0 -6.0 -6.0 -6.0 -6.0 -6.0 -6.0 -6.0 -6.0 -6.0 -6.0 -6.0 -6.0 -6.0 -6.0 -6.0 -6.0 -6.0 -6.0 -6.0 -6.0 -6.0 -6.0 -6.0 -6.0 -6.0 -6.0 -6.0 -6.0 -6.0 -6.0 -6.0 -6.0 -6.0 -6.0 -6.0 -6.0 -6.0 -6.0 -6.0 -6.0 -6.0 -6.0 -6.0 -6.0 -6.0 -6.0 -6.0 -6.0 -6.0 -6.0 -6.0 -6.0 -6.0 -6.0 -6.0 -6.0 -6.0 -6.0 -6.0 -6.0 -6.0 -6.0 -6.0 -6.0 -6.0 -6.0 -6.0 -6.0 -6.0 -6.0 -6.0 -6.0 -6.0 -6.0 -6.0 -6.0 -6.0 -6.0 -6.0 -6.0 -2.13743 -1.12845 0.51689 1.45833 3.2967 4.5841 6.73754 8.16497 9.0437 9.66951 10.04739 10.57925 11.16631 11.62136 12.04635 12.67922 13.07855 13.63552 14.01498 14.68068 15.15143 15.52688 15.71856 15.86574 15.80943 15.31638 15.3697 16.16271 16.96665 17.08308 17.82683 18.48092 18.36743 18.0413 17.9513 18.33356 18.44661 17.90439 16.03413 15.40649 15.47087 15.24784 14.42656 12.28805 10.89098 10.8872 11.40732 12.54141 13.31195 12.92677 13.66326 14.07228 13.56862 13.80818 15.67606 16.80503 17.64823 17.96584 18.14576 18.51446 19.66313 20.80536 22.57701 23.10684 23.27034 23.28559 23.28616 23.28397 23.24085 22.98472 22.78175 22.4501 22.08717 21.83015 21.58663 21.46456 21.48529 21.69152 21.80812 21.89546 21.98193 21.96595 22.04015 22.15588 22.25186 22.45756 22.57299 22.82879 23.08666 22.87889 22.21022 21.91405 21.94906 21.53265 19.80062 14.20498 7.666 0.81259 -5.94168 -6.0 -6.0 -6.0 -6.0 -6.0 -6.0 -0.87133 9.38142 11.93788 12.73887 12.82837 12.79965 12.71571 11.8236 8.73942 4.18762 1.6802 -0.56951 -1.43267 -1.87218 -6.0
-6.0 -6.0 -6.0 -6.0 -6.0 -6.0 -6.0 -6.0 -6.0 -6.0 -6.0 -6.0 -6.0 -6.0 -6.0 -6.0 -6.0 -6.0 -6.0 -6.0 -6.0 -6.0 -6.0 -6.0 -6.0 -6.0 -6.0 -6.0 -6.0 -6.0 -6.0 -6.0 -6.0 -6.0 -6.0 -6.0 -6.0 -6.0 -6.0 -6.0 -6.0 -6.0 -6.0 -6.0 -6.0 -6.0 -6.0 -6.0 -6.0 -6.0 -6.0 -6.0 -6.0 -6.0 -6.0 -6.0 -6.0 -6.0 -6.0 -6.0 -6.0 -6.0 -6.0 -6.0 -6.0 -6.0 -6.0 -6.0 -6.0 -6.0 -6.0 -6.0 -6.0 -6.0 -6.0 -6.0 -6.0 -6.0 -6.0 -6.0 -6.0 -6.0 -6.0 -6.0 -6.0 -6.0 -6.0 -6.0 -6.0 -6.0 -6.0 -6.0 -6.0 -6.0 -6.0 -6.0 -6.0 -6.0 -6.0 -6.0 -6.0 -6.0 -6.0 -6.0 -1.39528 -0.47408 0.94735 1.84843 3.85707 5.76041 7.30017 7.82931 8.34105 8.96321 9.63913 10.12687 10.5653 11.22704 11.63807 12.18222 12.57941 13.30958 13.77878 14.12381 14.42067 14.81584 14.7376 13.63176 13.80813 15.24239 16.39193 15.89738 16.677 17.53551 17.6079 17.39394 17.27625 17.41187 17.45559 17.48295 17.39951 16.60408 15.98802 14.95203 13.61093 10.94752 9.11971 8.57351 8.78985 8.18087 8.1543 8.12706 8.26658 9.79567 10.12952 11.34928 14.49336 15.75397 17.51747 18.40843 18.98562 19.73264 20.9483 22.15658 22.91972 23.03913 23.23093 23.28461 23.28038 23.2202 22.98675 22.30442 21.82726 21.49067 21.13348 20.87369 20.68993 20.61115 20.59776 20.74438 20.83778 20.91062 21.00801 21.04674 21.20431 21.37255 21.49252 21.69322 21.80917 22.28151 23.05637 23.15197 22.53551 22.1587 21.91241 20.28051 17.60618 10.4745 4.34912 -1.65176 -6.0 -6.0 -6.0 -6.0 -6.0 -6.0 -6.0 -0.81235 9.7173 12.6161 12.81561 12.77647 12.30127 11.43904 10.03623 6.22837 1.48456 -0.71771 -4.13963 -6.0 -6.0 -6.0
-6.0 -6.0 -6.0 -6.0 -6.0 -6.0 -6.0 -6.0 -6.0 -6.0 -6.0 -6.0 -6.0 -6.0 -6.0 -6.0 -6.0 -6.0 -6.0 -6.0 -6.0 -6.0 -6.0 -6.0 -6.0 -6.0 -6.0 -6.0 -6.0 -6.0 -6.0 -6.0 -6.0 -6.0 -6.0 -6.0 -6.0 -6.0 -6.0 -6.0 -6.0 -6.0 -6.0 -6.0 -6.0 -6.0 -6.0 -6.0 -6.0 -6.0 -6.0 -6.0 -6.0 -6.0 -6.0 -6.0 -6.0 -6.0 -6.0 -6.0 -6.0 -6.0 -6.0 -6.0 -6.0 -6.0 -6.0 -6.0 -6.0 -6.0 -6.0 -6.0 -6.0 -6.0 -6.0 -6.0 -6.0 -6.0 -6.0 -6.0 -6.0 -6.0 -6.0 -6.0 -6.0 -6.0 -6.0 -6.0 -6.0 -6.0 -6.0 -6.0 -6.0 -6.0 -6.0 -6.0 -6.0 -6.0 -6.0 -6.0 -6.0 -6.0 -6.0 -6.0 -5.1048 -5.01131 -1.96098 -1.23028 0.70114 2.16027 3.09457 4.0534 5.23845 6.59074 7.84061 8.34976 8.71263 9.20165 9.45843 9.79155 10.02259 10.6851 11.31449 11.98098 12.68576 13.50862 14.12039 14.56583 14.84607 14.72388 14.38206 14.41545 15.00402 15.82689 16.48456 16.61488 16.45908 16.29765 15.82945 15.59254 15.72504 15.69181 15.83174 15.478 14.41921 11.6845 9.91308 8.63465 8.06317 -2.69999 -2.69829 -2.69825 -2.68831 8.88687 10.16502 12.02914 15.36933 17.02817 18.0791 18.96451 20.20419 21.44636 22.40086 22.46565 22.43998 22.67424 23.14246 23.26887 23.19866 22.76473 22.19122 21.33063 20.73958 20.41482 20.16424 19.97945 19.91958 19.89423 19.89046 19.92015 19.93623 19.95276 20.00333 20.07295 20.28598 20.47584 20.60615 20.74678 20.91028 21.59162 22.64773 23.07378 22.49407 22.45913 21.61466 17.83233 14.73819 6.98417 1.92419 -3.96824 -6.0 -6.0 -6.0 -6.0 -6.0 -6.0 -1.35893 1.39965 9.91624 12.59987 12.55478 12.09126 10.75015 9.86589 7.75704 3.65002 -1.28797 -3.13283 -6.0 -6.0 -6.0 -6.0
-6.0 -6.0 -6.0 -6.0 -6.0 -6.0 -6.0 -6.0 -6.0 -6.0 -6.0 -6.0 -6.0 -6.0 -6.0 -6.0 -6.0 -6.0 -6.0 -6.0 -6.0 -6.0 -6.0 -6.0 -6.0 -6.0 -6.0 -6.0 -6.0 -6.0 -6.0 -6.0 -6.0 -6.0 -6.0 -6.0 -6.0 -6.0 -6.0 -6.0 -6.0 -6.0 -6.0 -6.0 -6.0 -6.0 -6.0 -6.0 -6.0 -6.0 -6.0 -6.0 -6.0 -6.0 -6.0 -6.0 -6.0 -6.0 -6.0 -6.0 -6.0 -6.0 -6.0 -6.0 -6.0 -6.0 -6.0 -6.0 -6.0 -6.0 -6.0 -6.0 -6.0 -6.0 -6.0 -6.0 -6.0 -6.0 -6.0 -6.0 -6.0 -6.0 -6.0 -6.0 -6.0 -6.0 -6.0 -6.0 -6.0 -6.0 -6.0 -6.0 -6.0 -6.0 -6.0 -6.0 -6.0 -6.0 -6.0 -6.0 -6.0 -6.0 -6.0 -6.0 -6.0 -6.0 -6.0 -6.0 -2.20672 -1.18905 -0.30468 0.66236 2.20988 3.62195 5.49109 6.4486 6.78622 6.74559 7.01352 7.65513 7.91624 8.52157 8.95388 9.41157 9.85057 10.3452 10.72875 11.06359 11.07839 11.04701 11.50901 11.93541 11.9579 12.66036 14.7129 15.44402 15.73568 15.39879 14.10224 13.94573 14.35023 14.67505 14.85959 13.84925 12.50946 10.7557 9.87699 8.949 7.96151 -6.0 -6.0 -6.0 -6.0 11.28853 13.20941 14.60697 15.70416 16.58395 18.21195 19.48317 21.69101 22.76417 22.39146 22.03763 21.99505 22.41438 23.01279 23.16807 22.92037 21.935 21.19064 20.37928 19.89851 19.84522 19.79737 19.69102 19.63587 19.57174 19.56731 19.60156 19.5932 19.60179 19.65304 19.68531 19.79586 19.83448 19.8476 19.90756 20.15725 20.81068 21.99007 22.78091 22.38621 22.28496 20.91437 15.87554 12.70149 7.69125 3.1521 -2.09531 -6.0 -6.0 -6.0 -6.0 -6.0 -5.14881 0.72504 5.82802 10.31666 11.73965 11.34594 10.31291 9.02289 8.14433 5.36063 1.16109 -2.1058 -6.0 -6.0 -6.0 -6.0 -6.0
-6.0 -6.0 -6.0 -6.0 -6.0 -6.0 -6.0 -6.0 -6.0 -6.0 -6.0 -6.0 -6.0 -6.0 -6.0 -6.0 -6.0 -6.0 -6.0 -6.0 -6.0 -6.0 -6.0 -6.0 -6.0 -6.0 -6.0 -6.0 -6.0 -6.0 -6.0 -6.0 -6.0 -6.0 -6.0 -6.0 -6.0 -6.0 -6.0 -6.0 -6.0 -6.0 -6.0 -6.0 -6.0 -6.0 -6.0 -6.0 -6.0 -6.0 -6.0 -6.0 -6.0 -6.0 -6.0 -6.0 -6.0 -6.0 -6.0 -6.0 -6.0 -6.0 -6.0 -6.0 -6.0 -6.0 -6.0 -6.0 -6.0 -6.0 -6.0 -6.0 -6.0 -6.0 -6.0 -6.0 -6.0 -6.0 -6.0 -6.0 -6.0 -6.0 -6.0 -6.0 -6.0 -6.0 -6.0 -6.0 -6.0 -6.0 -6.0 -6.0 -6.0 -6.0 -6.0 -6.0 -6.0 -6.0 -6.0 -6.0 -6.0 -6.0 -6.0 -6.0 -6.0 -6.0 -6.0 -6.0 -6.0 -3.25239 -3.12016 -2.8014 -0.98033 0.61049 2.43637 3.59855 3.94468 3.78824 3.80636 4.09651 4.40794 5.06086 5.70507 6.48807 7.12598 8.04539 8.29738 8.61188 8.76898 8.89739 9.03832 9.28438 10.203 11.31181 12.87523 13.98133 14.20789 13.86067 13.2479 13.55988 13.37529 13.768 14.04479 13.48201 12.9721 12.34797 11.99463 11.18361 10.85835 10.57438 10.54814 -6.0 12.2023 13.43636 14.46922 15.50517 16.78682 17.78158 18.79218 19.37648 20.21839 21.01152 22.23962 22.22416 22.24891 22.47489 22.72894 22.34301 21.78294 20.94813 20.36509 19.92056 19.73523 19.59963 19.50509 19.40046 19.35087 19.26975 19.22822 19.20606 19.19145 19.20164 19.22965 19.23594 19.31597 19.33105 19.37055 19.52093 19.6457 19.96501 20.95544 22.0477 22.45488 21.20232 18.75 15.19692 13.37884 9.59323 4.74286 -1.86029 -6.0 -6.0 -6.0 -6.0 -6.0 -5.14754 1.05866 6.27996 9.13091 9.62803 8.97949 8.03436 6.98407 5.15106 2.3018 -0.85552 -6.0 -6.0 -6.0 -6.0 -6.0 -6.0
-6.0 -6.0 -6.0 -6.0 -6.0 -6.0 -6.0 -6.0 -6.0 -6.0 -6.0 -6.0 -6.0 -6.0 -6.0 -6.0 -6.0 -6.0 -6.0 -6.0 -6.0 -6.0 -6.0 -6.0 -6.0 -6.0 -6.0 -6.0 -6.0 -6.0 -6.0 -6.0 -6.0 -6.0 -6.0 -6.0 -6.0 -6.0 -6.0 -6.0 -6.0 -6.0 -6.0 -6.0 -6.0 -6.0 -6.0 -6.0 -6.0 -6.0 -6.0 -6.0 -6.0 -6.0 -6.0 -6.0 -6.0 -6.0 -6.0 -6.0 -6.0 -6.0 -6.0 -6.0 -6.0 -6.0 -6.0 -6.0 -6.0 -6.0 -6.0 -6.0 -6.0 -6.0 -6.0 -6.0 -6.0 -6.0 -6.0 -6.0 -6.0 -6.0 -6.0 -6.0 -6.0 -6.0 -6.0 -6.0 -6.0 -6.0 -6.0 -6.0 -6.0 -6.0 -6.0 -6.0 -6.0 -6.0 -6.0 -6.0 -6.0 -6.0 -6.0 -6.0 -6.0 -6.0 -6.0 -6.0 -6.0 -6.0 -6.0 -6.0 -4.19991 -1.8194 -0.11216 0.47109 0.44728 -0.07756 0.03701 0.3082 0.57742 1.29223 2.1674 3.65325 4.55883 7.05367 7.41813 7.64504 7.97317 8.17272 7.46031 6.85879 8.18209 10.04213 11.68652 11.93872 12.2295 12.50584 13.28769 13.66782 13.74006 13.7492 13.70653 13.46402 13.12918 12.51458 12.79061 13.12158 12.69188 12.75803 13.23876 14.55743 15.05389 15.48679 16.57796 17.6673 18.45984 18.68667 18.89851 19.08735 19.56523 19.95437 20.5255 21.2919 21.84878 21.57351 21.16938 20.73955 20.35495 19.96376 19.84757 19.65443 19.46824 19.29916 19.19359 19.10139 19.05595 18.9715 18.89652 18.84397 18.83647 18.83583 18.82359 18.80577 18.80077 18.78025 18.88734 19.0273 19.18671 19.38593 19.8544 20.47864 20.38813 19.93806 18.76632 15.72109 13.94069 10.42562 5.34389 -1.10498 -5.95033 -6.0 -6.0 -6.0 -6.0 -5.14896 0.96933 5.59929 7.86469 7.90046 7.46228 6.64297 3.85891 1.32563 -1.67786 -4.23432 -6.0 -6.0 -6.0 -6.0 -6.0 -6.0
-6.0 -6.0 -6.0 -6.0 -6.0 -6.0 -6.0 -6.0 -6.0 -6.0 -6.0 -6.0 -6.0 -6.0 -6.0 -6.0 -6.0 -6.0 -6.0 -6.0 -6.0 -6.0 -6.0 -6.0 -6.0 -6.0 -6.0 -6.0 -6.0 -6.0 -6.0 -6.0 -6.0 -6.0 -6.0 -6.0 -6.0 -6.0 -6.0 -6.0 -6.0 -6.0 -6.0 -6.0 -6.0 -6.0 -6.0 -6.0 -6.0 -6.0 -6.0 -6.0 -6.0 -6.0 -6.0 -6.0 -6.0 -6.0 -6.0 -6.0 -6.0 -6.0 -6.0 -6.0 -6.0 -6.0 -6.0 -6.0 -6.0 -6.0 -6.0 -6.0 -6.0 -6.0 -6.0 -6.0 -6.0 -6.0 -6.0 -6.0 -6.0 -6.0 -6.0 -6.0 -6.0 -6.0 -6.0 -6.0 -6.0 -6.0 -6.0 -6.0 -6.0 -6.0 -6.0 -6.0 -6.0 -6.0 -6.0 -6.0 -6.0 -6.0 -6.0 -6.0 -6.0 -6.0 -6.0 -6.0 -6.0 -6.0 -6.0 -6.0 -6.0 -6.0 -1.89891 -1.77281 -1.87818 -2.0948 -2.03825 -1.96107 -1.87208 -1.29387 -0.36121 1.02838 3.93551 6.70341 6.98835 7.22474 7.57478 7.85885 8.09764 7.93778 8.10299 8.76022 10.13725 10.78266 11.58891 12.61568 13.33058 13.33256 13.55889 13.20608 12.67732 12.5358 12.7431 12.8108 12.9813 13.6872 14.09754 14.32598 15.20073 16.6559 17.86754 18.80335 18.94755 18.98262 18.78363 18.72716 18.71235 18.83599 19.22614 19.48243 19.66325 20.04864 20.31506 20.19518 20.07883 19.9624 19.80913 19.60934 19.51402 19.3438 19.17083 19.01136 18.93375 18.88759 18.84515 18.73868 18.59679 18.45801 18.39249 18.35327 18.28731 18.24155 18.27002 18.29484 18.41646 18.57851 18.76225 18.94066 19.17774 19.45415 19.68241 19.55049 18.45567 15.31174 13.4156 10.42258 6.16121 1.03923 -5.94166 -6.0 -6.0 -6.0 -6.0 -6.0 -1.68245 0.95969 6.21563 7.04695 5.46888 3.25037 0.33596 -1.46245 -6.0 -6.0 -6.0 -6.0 -6.0 -6.0 -6.0 -6.0
-6.0 -6.0 -6.0 -6.0 -6.0 -6.0 -6.0 -6.0 -6.0 -6.0 -6.0 -6.0 -6.0 -6.0 -6.0 -6.0 -6.0 -6.0 -6.0 -6.0 -6.0 -6.0 -6.0 -6.0 -6.0 -6.0 -6.0 -6.0 -6.0 -6.0 -6.0 -6.0 -6.0 -6.0 -6.0 -6.0 -6.0 -6.0 -6.0 -6.0 -6.0 -6.0 -6.0 -6.0 -6.0 -6.0 -6.0 -6.0 -6.0 -6.0 -6.0 -6.0 -6.0 -6.0 -6.0 -6.0 -6.0 -6.0 -6.0 -6.0 -6.0 -6.0 -6.0 -6.0 -6.0 -6.0 -6.0 -6.0 -6.0 -6.0 -6.0 -6.0 -6.0 -6.0 -6.0 -6.0 -6.0 -6.0 -6.0 -6.0 -6.0 -6.0 -6.0 -6.0 -6.0 -6.0 -6.0 -6.0 -6.0 -6.0 -6.0 -6.0 -6.0 -6.0 -6.0 -6.0 -6.0 -6.0 -6.0 -6.0 -6.0 -6.0 -6.0 -6.0 -6.0 -6.0 -6.0 -6.0 -6.0 -6.0 -6.0 -6.0 -6.0 -6.0 -6.0 -6.0 -6.0 -6.0 -6.0 -6.0 -6.0 -6.0 -6.0 -6.0 -6.0 -6.0 -6.0 -6.0 -6.0 7.39953 7.87645 7.68799 6.81399 7.06105 8.30423 9.60288 11.18375 11.91482 12.31234 12.30641 12.00834 11.92867 11.89174 12.25895 12.87316 13.87173 14.46089 15.41717 15.6332 16.02688 17.01242 18.63213 20.96602 22.46796 21.5408 20.09603 18.81292 18.46606 18.42037 18.54295 18.73165 18.8717 19.00153 19.13415 19.28556 19.33331 19.37376 19.37657 19.35348 19.26341 19.16228 18.99134 18.873 18.83701 18.8075 18.72421 18.55208 18.32826 18.11231 17.92179 17.82353 17.74469 17.65036 17.5928 17.60951 17.66056 17.74875 17.93649 18.08773 18.26945 18.46529 18.58905 18.81813 18.86646 17.92595 14.63359 12.46591 9.91649 7.4737 3.07312 -2.3702 -6.0 -6.0 -6.0 -6.0 -6.0 -6.0 -3.21104 0.91811 5.17106 1.9626 -0.56666 -2.33834 -6.0 -6.0 -6.0 -6.0 -6.0 -6.0 -6.0 -6.0 -6.0
-6.0 -6.0 -6.0 -6.0 -6.0 -6.0 -6.0 -6.0 -6.0 -6.0 -6.0 -6.0 -6.0 -6.0 -6.0 -6.0 -6.0 -6.0 -6.0 -6.0 -6.0 -6.0 -6.0 -6.0 -6.0 -6.0 -6.0 -6.0 -6.0 -6.0 -6.0 -6.0 -6.0 -6.0 -6.0 -6.0 -6.0 -6.0 -6.0 -6.0 -6.0 -6.0 -6.0 -6.0 -6.0 -6.0 -6.0 -6.0 -6.0 -6.0 -6.0 -6.0 -6.0 -6.0 -6.0 -6.0 -6.0 -6.0 -6.0 -6.0 -6.0 -6.0 -6.0 -6.0 -6.0 -6.0 -6.0 -6.0 -6.0 -6.0 -6.0 -6.0 -6.0 -6.0 -6.0 -6.0 -6.0 -6.0 -6.0 -6.0 -6.0 -6.0 -6.0 -6.0 -6.0 -6.0 -6.0 -6.0 -6.0 -6.0 -6.0 -6.0 -6.0 -6.0 -6.0 -6.0 -6.0 -6.0 -6.0 -6.0 -6.0 -6.0 -6.0 -6.0 -6.0 -6.0 -6.0 -6.0 -6.0 -6.0 -6.0 -6.0 -6.0 -6.0 -6.0 -6.0 -6.0 -6.0 -6.0 -6.0 -6.0 -6.0 -6.0 -6.0 -6.0 -6.0 -6.0 -6.0 -6.0 -2.83618 7.365 7.09331 6.42811 6.64892 7.48846 8.49702 9.95454 10.80407 11.28623 11.24582 10.61703 10.90244 11.39466 12.6513 13.58405 14.72523 15.44526 15.85931 16.09664 16.67174 17.58463 19.09183 21.63526 23.05449 22.16882 20.56485 18.76082 18.26707 18.154 18.21434 18.28634 18.40294 18.53853 18.63748 18.83305 18.93825 18.99003 18.99328 18.99031 18.96349 18.92533 18.85655 18.78369 18.58613 18.42696 18.33633 18.15321 17.93097 17.75425 17.54788 17.42541 17.32872 17.19057 17.08897 17.00821 17.0312 17.13285 17.27029 17.4503 17.6513 17.8307 17.88913 17.98259 18.05042 17.3264 14.45386 12.58787 10.48384 7.36884 3.37656 -2.06163 -6.0 -6.0 -6.0 -6.0 -6.0 -6.0 -1.73013 3.16477 4.31184 -0.33954 -3.15497 -6.0 -6.0 -6.0 -6.0 -6.0 -6.0 -6.0 -6.0 -6.0 -6.0
-6.0 -6.0 -6.0 -6.0 -6.0 -6.0 -6.0 -6.0 -6.0 -6.0 -6.0 -6.0 -6.0 -6.0 -6.0 -6.0 -6.0 -6.0 -6.0 -6.0 -6.0 -6.0 -6.0 -6.0 -6.0 -6.0 -6.0 -6.0 -6.0 -6.0 -6.0 -6.0 -6.0 -6.0 -6.0 -6.0 -6.0 -6.0 -6.0 -6.0 -6.0 -6.0 -6.0 -6.0 -6.0 -6.0 -6.0 -6.0 -6.0 -6.0 -6.0 -6.0 -6.0 -6.0 -6.0 -6.0 -6.0 -6.0 -6.0 -6.0 -6.0 -6.0 -6.0 -6.0 -6.0 -6.0 -6.0 -6.0 -6.0 -6.0 -6.0 -6.0 -6.0 -6.0 -6.0 -6.0 -6.0 -6.0 -6.0 -6.0 -6.0 -6.0 -6.0 -6.0 -6.0 -6.0 -6.0 -6.0 -6.0 -6.0 -6.0 -6.0 -6.0 -6.0 -6.0 -6.0 -6.0 -6.0 -6.0 -6.0 -6.0 -6.0 -6.0 -6.0 -6.0 -6.0 -6.0 -6.0 -6.0 -6.0 -6.0 -6.0 -6.0 -6.0 -6.0 -6.0 -6.0 -6.0 -6.0 -6.0 -6.0 -6.0 -6.0 -6.0 -6.0 -6.0 -6.0 -6.0 -6.0 -6.0 0.34154 0.19526 6.14549 6.39299 6.8874 7.52489 8.58636 9.51202 10.10318 10.3091 10.05611 10.64669 11.64483 13.52392 14.41067 15.3811 15.80915 15.96939 16.35961 17.08354 17.93993 19.22136 21.38591 22.69579 22.14791 20.67178 18.71624 18.16773 17.93841 17.92922 17.88926 17.98738 18.08046 18.15869 18.34464 18.49654 18.60006 18.64007 18.668 18.67919 18.69785 18.65219 18.55402 18.2825 18.05172 17.9439 17.78076 17.56512 17.40994 17.19263 17.03388 16.90448 16.72164 16.56427 16.3862 16.34202 16.41265 16.52456 16.69746 16.9288 17.10757 17.15016 17.12718 17.06772 16.4487 14.55966 13.02757 10.66731 7.7015 4.08214 -0.29387 -2.94262 -5.91791 -6.0 -6.0 -4.08356 -1.48421 1.08564 4.87836 3.6521 -1.19856 -6.0 -6.0 -6.0 -6.0 -6.0 -6.0 -6.0 -6.0 -6.0 -6.0 -6.0
-6.0 -6.0 -6.0 -6.0 -6.0 -6.0 -6.0 -6.0 -6.0 -6.0 -6.0 -6.0 -6.0 -6.0 -6.0 -6.0 -6.0 -6.0 -6.0 -6.0 -6.0 -6.0 -6.0 -6.0 -6.0 -6.0 -6.0 -6.0 -6.0 -6.0 -6.0 -6.0 -6.0 -6.0 -6.0 -6.0 -6.0 -6.0 -6.0 -6.0 -6.0 -6.0 -6.0 -6.0 -6.0 -6.0 -6.0 -6.0 -6.0 -6.0 -6.0 -6.0 -6.0 -6.0 -6.0 -6.0 -6.0 -6.0 -6.0 -6.0 -6.0 -6.0 -6.0 -6.0 -6.0 -6.0 -6.0 -6.0 -6.0 -6.0 -6.0 -6.0 -6.0 -6.0 -6.0 -6.0 -6.0 -6.0 -6.0 -6.0 -6.0 -6.0 -6.0 -6.0 -6.0 -6.0 -6.0 -6.0 -6.0 -6.0 -6.0 -6.0 -6.0 -6.0 -6.0 -6.0 -6.0 -6.0 -6.0 -6.0 -6.0 -6.0 -6.0 -6.0 -6.0 -6.0 -6.0 -6.0 -6.0 -6.0 -6.0 -6.0 -6.0 -6.0 -6.0 -6.0 -6.0 -6.0 -6.0 -6.0 -6.0 -6.0 -6.0 -6.0 -6.0 -6.0 -6.0 -6.0 -6.0 -6.0 -6.0 -6.0 -3.27793 5.95659 6.41294 6.75006 7.23222 8.06659 8.73598 9.92387 10.51346 11.52624 13.03646 14.85083 15.42136 15.78148 15.86556 16.13126 16.59204 17.35953 18.24419 19.24519 20.33473 21.26836 21.02017 20.14672 18.68961 18.20096 17.7412 17.52827 17.35072 17.41619 17.47932 17.54872 17.67806 17.82864 17.99557 18.08872 18.14787 18.20677 18.22247 18.15317 18.04739 17.84921 17.61961 17.46395 17.32158 17.09714 16.89935 16.62783 16.40833 16.22485 15.95698 15.72795 15.46875 15.36352 15.32242 15.3909 15.5003 15.72006 15.95719 16.02861 15.97738 15.68049 15.21909 14.41568 13.43646 10.90293 9.28044 6.48155 4.06594 3.23309 1.8206 -0.57472 0.17117 1.9879 3.36829 4.62861 4.30955 2.53941 -1.04235 -6.0 -6.0 -6.0 -6.0 -6.0 -6.0 -6.0 -6.0 -6.0 -6.0 -6.0
-6.0 -6.0 -6.0 -6.0 -6.0 -6.0 -6.0 -6.0 -6.0 -6.0 -6.0 -6.0 -6.0 -6.0 -6.0 -6.0 -6.0 -6.0 -6.0 -6.0 -6.0 -6.0 -6.0 -6.0 -6.0 -6.0 -6.0 -6.0 -6.0 -6.0 -6.0 -6.0 -6.0 -6.0 -6.0 -6.0 -6.0 -6.0 -6.0 -6.0 -6.0 -6.0 -6.0 -6.0 -6.0 -6.0 -6.0 -6.0 -6.0 -6.0 -6.0 -6.0 -6.0 -6.0 -6.0 -6.0 -6.0 -6.0 -6.0 -6.0 -6.0 -6.0 -6.0 -6.0 -6.0 -6.0 -6.0 -6.0 -6.0 -6.0 -6.0 -6.0 -6.0 -6.0 -6.0 -6.0 -6.0 -6.0 -6.0 -6.0 -6.0 -6.0 -6.0 -6.0 -6.0 -6.0 -6.0 -6.0 -6.0 -6.0 -6.0 -6.0 -6.0 -6.0 -6.0 -6.0 -6.0 -6.0 -6.0 -6.0 -6.0 -6.0 -6.0 -6.0 -6.0 -6.0 -6.0 -6.0 -6.0 -6.0 -6.0 -6.0 -6.0 -6.0 -6.0 -6.0 -6.0 -6.0 -6.0 -6.0 -6.0 -6.0 -6.0 -6.0 -6.0 -6.0 -6.0 -6.0 -6.0 -6.0 -6.0 -6.0 -6.0 -3.14136 6.24758 6.70341 7.14426 7.94054 8.82273 10.10216 11.12676 12.14949 13.63871 15.36071 15.75225 15.83737 15.91292 16.24351 16.65935 17.34533 18.25658 19.11067 19.65893 20.16333 20.04869 19.51985 18.58713 18.12934 17.5894 17.25421 17.04271 17.06005 17.11265 17.17243 17.28271 17.39657 17.56703 17.67796 17.75919 17.83427 17.83859 17.80984 17.75416 17.57428 17.34933 17.18307 17.02339 16.76776 16.54763 16.22551 15.96104 15.73879 15.41715 15.14785 14.84987 14.72625 14.6342 14.62899 14.71714 14.93748 15.16515 15.25693 15.30297 15.03031 14.70151 14.2869 13.53925 11.74481 10.59422 8.70788 7.32829 7.79604 5.33598 1.70572 2.73336 5.21301 5.4555 4.87863 3.11787 1.41598 -1.1404 -6.0 -6.0 -6.0 -6.0 -6.0 -6.0 -6.0 -6.0 -6.0 -6.0 -6.0
-6.0 -6.0 -6.0 -6.0 -6.0 -6.0 -6.0 -6.0 -6.0 -6.0 -6.0 -6.0 -6.0 -6.0 -6.0 -6.0 -6.0 -6.0 -6.0 -6.0 -6.0 -6.0 -6.0 -6.0 -6.0 -6.0 -6.0 -6.0 -6.0 -6.0 -6.0 -6.0 -6.0 -6.0 -6.0 -6.0 -6.0 -6.0 -6.0 -6.0 -6.0 -6.0 -6.0 -6.0 -6.0 -6.0 -6.0 -6.0 -6.0 -6.0 -6.0 -6.0 -6.0 -6.0 -6.0 -6.0 -6.0 -6.0 -6.0 -6.0 -6.0 -6.0 -6.0 -6.0 -6.0 -6.0 -6.0 -6.0 -6.0 -6.0 -6.0 -6.0 -6.0 -6.0 -6.0 -6.0 -6.0 -6.0 -6.0 -6.0 -6.0 -6.0 -6.0 -6.0 -6.0 -6.0 -6.0 -6.0 -6.0 -6.0 -6.0 -6.0 -6.0 -6.0 -6.0 -6.0 -6.0 -6.0 -6.0 -6.0 -6.0 -6.0 -6.0 -6.0 -6.0 -6.0 -6.0 -6.0 -6.0 -6.0 -6.0 -6.0 -6.0 -6.0 -6.0 -6.0 -6.0 -6.0 -6.0 -6.0 -6.0 -6.0 -6.0 -6.0 -6.0 -6.0 -6.0 -6.0 -6.0 -6.0 -6.0 -6.0 -6.0 -6.0 6.33765 7.17926 7.79255 8.67893 9.96099 10.83012 12.33901 13.22763 14.37386 15.53421 15.76227 15.86533 15.98693 16.32593 16.62622 17.05679 17.90296 18.54655 18.78569 18.89683 18.84386 18.61092 18.06917 17.69441 17.20579 16.89285 16.66969 16.56057 16.54867 16.59399 16.70115 16.77121 16.90432 17.04828 17.13483 17.17817 17.20287 17.24669 17.25493 17.06855 16.8996 16.70493 16.47977 16.14516 15.87413 15.47837 15.12271 14.80187 14.36916 14.0476 13.71075 13.50641 13.37926 13.33134 13.53037 13.77308 13.95119 14.07536 14.20318 14.16018 14.08648 13.81639 13.47046 12.91415 12.18076 10.88815 8.80312 7.35656 6.51952 5.25872 5.17088 4.93021 4.32521 3.14806 1.05031 -0.4604 -2.11586 -6.0 -6.0 -6.0 -6.0 -6.0 -6.0 -6.0 -6.0 -6.0 -6.0 -6.0
-6.0 -6.0 -6.0 -6.0 -6.0 -6.0 -6.0 -6.0 -6.0 -6.0 -6.0 -6.0 -6.0 -6.0 -6.0 -6.0 -6.0 -6.0 -6.0 -6.0 -6.0 -6.0 -6.0 -6.0 -6.0 -6.0 -6.0 -6.0 -6.0 -6.0 -6.0 -6.0 -6.0 -6.0 -6.0 -6.0 -6.0 -6.0 -6.0 -6.0 -6.0 -6.0 -6.0 -6.0 -6.0 -6.0 -6.0 -6.0 -6.0 -6.0 -6.0 -6.0 -6.0 -6.0 -6.0 -6.0 -6.0 -6.0 -6.0 -6.0 -6.0 -6.0 -6.0 -6.0 -6.0 -6.0 -6.0 -6.0 -6.0 -6.0 -6.0 -6.0 -6.0 -6.0 -6.0 -6.0 -6.0 -6.0 -6.0 -6.0 -6.0 -6.0 -6.0 -6.0 -6.0 -6.0 -6.0 -6.0 -6.0 -6.0 -6.0 -6.0 -6.0 -6.0 -6.0 -6.0 -6.0 -6.0 -6.0 -6.0 -6.0 -6.0 -6.0 -6.0 -6.0 -6.0 -6.0 -6.0 -6.0 -4.11743 -6.0 -6.0 -6.0 -6.0 -6.0 -6.0 -6.0 -6.0 -6.0 -6.0 -6.0 -6.0 -4.16203 -1.49985 -1.098 -6.0 -6.0 -6.0 -6.0 -6.0 -6.0 -6.0 -6.0 -6.0 -6.0 7.58231 8.13288 9.04286 10.32451 11.30737 12.99966 13.99277 14.67504 15.32097 15.63552 15.86244 15.9921 16.28119 16.51465 16.76542 17.42073 17.92635 18.05097 18.0336 17.96236 17.80297 17.49442 17.26489 16.87602 16.61705 16.36047 16.21859 16.17285 16.24443 16.3477 16.40495 16.47164 16.59012 16.65653 16.66787 16.70847 16.74903 16.78766 16.69436 16.5207 16.28427 16.01734 15.62006 15.28902 14.79207 14.3966 14.03923 13.49853 13.12741 12.73614 12.54598 12.50854 12.57016 12.93819 13.13644 13.33425 13.41433 13.45455 13.39891 13.25581 12.99243 12.79896 12.23315 11.61699 9.7822 8.0629 7.03552 6.16314 5.19699 4.84667 4.15521 3.13474 1.76041 -0.28812 -1.84381 -6.0 -6.0 -6.0 -6.0 -6.0 -6.0 -6.0 -6.0 -6.0 -6.0 -6.0 -6.0
-6.0 -6.0 -6.0 -6.0 -6.0 -6.0 -6.0 -6.0 -6.0 -6.0 -6.0 -6.0 -6.0 -6.0 -6.0 -6.0 -6.0 -6.0 -6.0 -6.0 -6.0 -6.0 -6.0 -6.0 -6.0 -6.0 -6.0 -6.0 -6.0 -6.0 -6.0 -6.0 -6.0 -6.0 -6.0 -6.0 -6.0 -6.0 -6.0 -6.0 -6.0 -6.0 -6.0 -6.0 -6.0 -6.0 -6.0 -6.0 -6.0 -6.0 -6.0 -6.0 -6.0 -6.0 -6.0 -6.0 -6.0 -6.0 -6.0 -6.0 -6.0 -6.0 -6.0 -6.0 -6.0 -6.0 -6.0 -6.0 -6.0 -6.0 -6.0 -6.0 -6.0 -6.0 -6.0 -6.0 -6.0 -6.0 -6.0 -6.0 -6.0 -6.0 -6.0 -6.0 -6.0 -6.0 -6.0 -6.0 -6.0 -6.0 -6.0 -6.0 -6.0 -6.0 -6.0 -6.0 -6.0 -6.0 -6.0 -6.0 -6.0 -6.0 -6.0 -6.0 -6.0 -6.0 -6.0 -6.0 -2.22538 -1.37928 -1.85132 -2.38962 -6.0 -6.0 -6.0 -6.0 -6.0 -6.0 -6.0 -6.0 -6.0 -3.16236 -1.53972 2.87006 3.43721 3.52886 1.2847 -6.0 -6.0 -6.0 -6.0 -6.0 -6.0 -6.0 -6.0 7.9542 8.46275 9.25171 10.58668 11.79707 13.35848 13.9566 14.51841 15.20936 15.52041 15.85309 15.96734 16.16325 16.31456 16.43592 16.80707 17.18927 17.21831 17.05775 16.97326 16.91198 16.8031 16.67648 16.42383 16.22932 15.98098 15.87343 15.82893 15.91198 15.99366 16.01039 15.99788 16.12397 16.22082 16.23883 16.28474 16.33825 16.35831 16.31703 16.06852 15.82292 15.49959 14.97677 14.58974 14.02152 13.59968 13.20512 12.57305 12.13886 11.63979 11.60883 11.82253 12.07897 12.53379 12.74435 12.85776 12.83742 12.80725 12.71981 12.56639 12.26435 12.0083 11.43232 10.41035 8.47408 8.62601 7.2749 6.02671 5.31221 4.50326 3.1504 1.64194 0.37964 -1.65939 -5.98941 -6.0 -6.0 -6.0 -6.0 -6.0 -6.0 -6.0 -6.0 -6.0 -6.0 -6.0 -6.0
-6.0 -6.0 -6.0 -6.0 -6.0 -6.0 -6.0 -6.0 -6.0 -6.0 -6.0 -6.0 -6.0 -6.0 -6.0 -6.0 -6.0 -6.0 -6.0 -6.0 -6.0 -6.0 -6.0 -6.0 -6.0 -6.0 -6.0 -6.0 -6.0 -6.0 -6.0 -6.0 -6.0 -6.0 -6.0 -6.0 -6.0 -6.0 -6.0 -6.0 -6.0 -6.0 -6.0 -6.0 -6.0 -6.0 -6.0 -6.0 -6.0 -6.0 -6.0 -6.0 -6.0 -6.0 -6.0 -6.0 -6.0 -6.0 -6.0 -6.0 -6.0 -6.0 -6.0 -6.0 -6.0 -6.0 -6.0 -6.0 -6.0 -6.0 -6.0 -6.0 -6.0 -6.0 -6.0 -6.0 -6.0 -6.0 -6.0 -6.0 -6.0 -6.0 -6.0 -6.0 -6.0 -6.0 -6.0 -6.0 -6.0 -6.0 -6.0 -6.0 -6.0 -6.0 -6.0 -6.0 -6.0 -6.0 -6.0 -6.0 -6.0 -6.0 -6.0 -6.0 -6.0 -6.0 -6.0 -3.2315 -0.59697 1.00189 1.39919 0.63323 -0.62123 -1.4183 -1.18577 -1.55328 -1.75307 -1.71419 -1.64906 -0.77364 0.40988 1.89814 2.10932 2.94908 3.09859 3.1686 3.22393 3.34653 -5.91666 -6.0 -6.0 -6.0 -6.0 -6.0 -6.0 4.66788 8.77232 9.33615 11.00485 12.31577 14.3956 14.88464 15.10183 15.51076 15.72149 15.8049 15.81384 15.87569 15.92184 15.86856 16.07872 16.21662 16.1487 15.97792 15.89708 15.8691 15.86435 15.83821 15.79786 15.72816 15.4984 15.36593 15.39609 15.47507 15.56522 15.59183 15.65473 15.70372 15.72816 15.74855 15.7808 15.82326 15.81032 15.68535 15.44427 15.11425 14.64129 13.97893 13.50885 12.9275 12.48869 12.00831 11.34195 11.07445 10.79733 10.81665 11.02798 11.50305 11.72557 11.96207 11.91528 11.9468 12.00567 11.94944 11.78256 11.28029 10.77965 9.92091 9.34121 8.54555 8.09245 6.29866 5.98624 4.6578 3.44658 1.59924 0.07243 -1.24513 -5.94663 -6.0 -6.0 -6.0 -6.0 -6.0 -6.0 -6.0 -6.0 -6.0 -6.0 -6.0 -6.0 -6.0
-6.0 -6.0 -6.0 -6.0 -6.0 -6.0 -6.0 -6.0 -6.0 -6.0 -6.0 -6.0 -6.0 -6.0 -6.0 -6.0 -6.0 -6.0 -6.0 -6.0 -6.0 -6.0 -6.0 -6.0 -6.0 -6.0 -6.0 -6.0 -6.0 -6.0 -6.0 -6.0 -6.0 -6.0 -6.0 -6.0 -6.0 -6.0 -6.0 -6.0 -6.0 -6.0 -6.0 -6.0 -6.0 -6.0 -6.0 -6.0 -6.0 -6.0 -6.0 -6.0 -6.0 -6.0 -6.0 -6.0 -6.0 -6.0 -6.0 -6.0 -6.0 -6.0 -6.0 -6.0 -6.0 -6.0 -6.0 -6.0 -6.0 -6.0 -6.0 -6.0 -6.0 -6.0 -6.0 -6.0 -6.0 -6.0 -6.0 -6.0 -6.0 -6.0 -6.0 -6.0 -6.0 -6.0 -6.0 -6.0 -6.0 -6.0 -6.0 -6.0 -6.0 -6.0 -6.0 -6.0 -6.0 -6.0 -6.0 -6.0 -6.0 -6.0 -6.0 -6.0 -6.0 -5.0628 -4.94 -1.36388 2.44003 3.42763 3.68742 3.40819 2.8531 2.85118 2.82384 2.49061 2.36247 2.48087 2.79491 3.57784 4.06384 4.50272 4.26683 3.83911 3.57865 3.53544 3.44545 3.29955 3.27871 1.08133 -3.43844 -6.0 -6.0 -2.53374 8.04618 8.77782 9.20208 10.57607 14.03216 15.17957 15.4188 15.38751 15.46581 15.7069 15.78388 15.64586 15.56164 15.53561 15.51757 15.40551 15.39175 15.31185 15.22632 15.08842 14.97419 14.91617 14.9456 14.98921 15.1092 15.16485 15.04336 14.87822 14.87415 15.02555 15.1469 15.16621 15.23328 15.29058 15.32501 15.34107 15.35959 15.37535 15.29953 15.06109 14.80006 14.3651 13.65801 12.99697 12.60022 12.03639 11.62819 11.24241 10.60097 10.25252 9.92248 9.96696 10.18342 10.51571 10.69594 10.8133 11.08854 11.22251 11.24738 11.17149 10.9909 10.37194 9.75368 9.06479 8.97212 8.58447 7.16 5.90821 5.01418 3.55979 2.27295 0.48582 -0.98526 -2.32877 -6.0 -6.0 -6.0 -6.0 -6.0 -6.0 -6.0 -6.0 -6.0 -6.0 -6.0 -6.0 -6.0 -6.0
-6.0 -6.0 -6.0 -6.0 -6.0 -6.0 -6.0 -6.0 -6.0 -6.0 -6.0 -6.0 -6.0 -6.0 -6.0 -6.0 -6.0 -6.0 -6.0 -6.0 -6.0 -6.0 -6.0 -6.0 -6.0 -6.0 -6.0 -6.0 -6.0 -6.0 -6.0 -6.0 -6.0 -6.0 -6.0 -6.0 -6.0 -6.0 -6.0 -6.0 -6.0 -6.0 -6.0 -6.0 -6.0 -6.0 -6.0 -6.0 -6.0 -6.0 -6.0 -6.0 -6.0 -6.0 -6.0 -6.0 -6.0 -6.0 -6.0 -6.0 -6.0 -6.0 -6.0 -6.0 -6.0 -6.0 -6.0 -6.0 -6.0 -6.0 -6.0 -6.0 -6.0 -6.0 -6.0 -6.0 -6.0 -6.0 -6.0 -6.0 -6.0 -6.0 -6.0 -6.0 -6.0 -6.0 -6.0 -6.0 -6.0 -6.0 -6.0 -6.0 -6.0 -6.0 -6.0 -6.0 -6.0 -6.0 -6.0 -6.0 -6.0 -6.0 -6.0 -6.0 -3.88866 -1.28159 1.25668 2.95753 4.40409 4.8383 4.90252 4.88991 4.55894 4.55036 4.43807 4.2123 4.00929 4.10862 4.71581 5.73911 6.06233 5.71544 5.28109 4.81182 4.63668 4.78305 4.72593 4.70847 4.81701 4.97496 5.55532 6.11885 7.15488 8.00479 9.52733 10.74378 13.5617 14.53486 15.4513 15.77026 15.75463 15.72136 15.7284 15.71486 15.60279 15.28038 15.13629 15.12231 15.11673 14.93625 14.80565 14.61988 14.54241 14.43984 14.32975 14.25931 14.24297 14.28844 14.45587 14.55554 14.67448 14.62718 14.58894 14.6668 14.74336 14.78232 14.85085 14.90234 14.93511 14.94336 14.92369 14.83392 14.69021 14.40783 14.10649 13.70657 13.11811 12.8386 12.6242 11.74317 11.01858 10.6719 10.40189 10.00737 10.02328 10.37623 10.08195 10.09937 10.22366 10.25233 10.42531 10.61909 10.57977 10.44544 10.26202 9.85189 9.53642 9.29625 8.79509 7.57675 6.19265 4.92229 3.82191 2.20646 1.03906 -0.83763 -1.73241 -6.0 -6.0 -6.0 -6.0 -6.0 -6.0 -6.0 -6.0 -6.0 -6.0 -6.0 -6.0 -6.0 -6.0 -6.0
-6.0 -6.0 -6.0 -6.0 -6.0 -6.0 -6.0 -6.0 -6.0 -6.0 -6.0 -6.0 -6.0 -6.0 -6.0 -6.0 -6.0 -6.0 -6.0 -6.0 -6.0 -6.0 -6.0 -6.0 -6.0 -6.0 -6.0 -6.0 -6.0 -6.0 -6.0 -6.0 -6.0 -6.0 -6.0 -6.0 -6.0 -6.0 -6.0 -6.0 -6.0 -6.0 -6.0 -6.0 -6.0 -6.0 -6.0 -6.0 -6.0 -6.0 -6.0 -6.0 -6.0 -6.0 -6.0 -6.0 -6.0 -6.0 -6.0 -6.0 -6.0 -6.0 -6.0 -6.0 -6.0 -6.0 -6.0 -6.0 -6.0 -6.0 -6.0 -6.0 -6.0 -6.0 -6.0 -6.0 -6.0 -6.0 -6.0 -6.0 -6.0 -6.0 -6.0 -6.0 -6.0 -6.0 -6.0 -6.0 -6.0 -6.0 -6.0 -6.0 -6.0 -6.0 -6.0 -6.0 -6.0 -6.0 -6.0 -6.0 -6.0 -6.0 -6.0 -2.11313 0.64031 2.52725 4.85343 5.81859 6.14383 6.06703 6.00014 5.97915 5.76044 5.59179 5.54616 5.45989 5.47969 5.84247 6.46537 7.36413 7.42701 6.81257 6.3387 5.90243 5.82269 6.07484 6.13246 6.34139 6.54874 6.92685 7.82543 8.38259 9.40274 10.91089 14.16493 15.12613 15.68628 15.80966 15.82732 15.83028 15.82481 15.81388 15.79787 15.49427 15.15255 14.81523 14.64927 14.68202 14.67923 14.55515 14.2726 13.9508 13.90366 13.85734 13.80383 13.75334 13.72186 13.74253 13.82398 13.87141 14.0327 14.18416 14.23744 14.28968 14.32506 14.37099 14.45846 14.47319 14.47859 14.46706 14.40818 14.26404 14.07964 13.75943 13.50412 13.22029 12.91688 12.83121 12.70396 11.48621 10.55867 10.10409 9.96896 9.88566 10.14926 10.77116 10.63624 10.33382 10.11599 10.22135 10.03678 10.03813 9.83821 9.68582 9.51463 9.17553 8.90436 8.326 7.6848 6.44281 5.07491 3.62978 2.29711 0.71288 -0.60328 -3.04928 -6.0 -6.0 -6.0 -6.0 -6.0 -6.0 -6.0 -6.0 -6.0 -6.0 -6.0 -6.0 -6.0 -6.0 -6.0 -6.0
-6.0 -6.0 -6.0 -6.0 -6.0 -6.0 -6.0 -6.0 -6.0 -6.0 -6.0 -6.0 -6.0 -6.0 -6.0 -6.0 -6.0 -6.0 -6.0 -6.0 -6.0 -6.0 -6.0 -6.0 -6.0 -6.0 -6.0 -6.0 -6.0 -6.0 -6.0 -6.0 -6.0 -6.0 -6.0 -6.0 -6.0 -6.0 -6.0 -6.0 -6.0 -6.0 -6.0 -6.0 -6.0 -6.0 -6.0 -6.0 -6.0 -6.0 -6.0 -6.0 -6.0 -6.0 -6.0 -6.0 -6.0 -6.0 -6.0 -6.0 -6.0 -6.0 -6.0 -6.0 -6.0 -6.0 -6.0 -6.0 -6.0 -6.0 -6.0 -6.0 -6.0 -6.0 -6.0 -6.0 -6.0 -6.0 -6.0 -6.0 -6.0 -6.0 -6.0 -6.0 -6.0 -6.0 -6.0 -6.0 -6.0 -6.0 -6.0 -6.0 -6.0 -6.0 -6.0 -6.0 -6.0 -6.0 -6.0 -6.0 -5.99109 -2.15799 -0.5364 1.45759 4.65484 6.12409 7.20351 7.27726 7.02478 6.88971 6.77506 6.67867 6.43271 6.33825 6.39919 6.41777 6.50798 7.06254 7.51852 7.85668 7.95956 7.71272 7.29912 6.93204 6.89421 7.15118 7.37034 7.76393 8.02859 8.5973 10.10678 11.6136 13.86676 14.48867 15.55188 15.83486 15.83163 15.83093 15.83065 15.81328 15.69804 15.5485 15.37587 14.67752 14.15297 14.06574 14.05257 14.10764 14.10387 14.00218 13.8702 13.6735 13.62793 13.58916 13.5472 13.49667 13.43705 13.44195 13.50042 13.53093 13.64481 13.757 13.88737 13.94442 13.94354 13.98 14.0493 14.05841 14.05496 14.03385 13.96093 13.79821 13.66321 13.40842 13.21157 12.94265 12.85399 12.84542 12.40595 10.94691 10.58418 10.8669 11.05755 10.69646 10.71494 10.84033 10.84162 10.81574 10.68435 10.6492 10.11225 9.74109 9.17255 9.04322 8.95216 8.53117 8.13193 7.38664 6.60365 5.06497 3.56947 2.08278 0.79222 -0.801 -1.96165 -6.0 -6.0 -6.0 -6.0 -6.0 -6.0 -6.0 -6.0 -6.0 -6.0 -6.0 -6.0 -6.0 -6.0 -6.0 -6.0 -6.0
-6.0 -6.0 -6.0 -6.0 -6.0 -6.0 -6.0 -6.0 -6.0 -6.0 -6.0 -6.0 -6.0 -6.0 -6.0 -6.0 -6.0 -6.0 -6.0 -6.0 -6.0 -6.0 -6.0 -6.0 -6.0 -6.0 -6.0 -6.0 -6.0 -6.0 -6.0 -6.0 -6.0 -6.0 -6.0 -6.0 -6.0 -6.0 -6.0 -6.0 -6.0 -6.0 -6.0 -6.0 -6.0 -6.0 -6.0 -6.0 -6.0 -6.0 -6.0 -6.0 -6.0 -6.0 -6.0 -6.0 -6.0 -6.0 -6.0 -6.0 -6.0 -6.0 -6.0 -6.0 -6.0 -6.0 -6.0 -6.0 -6.0 -6.0 -6.0 -6.0 -6.0 -6.0 -6.0 -6.0 -6.0 -6.0 -6.0 -6.0 -6.0 -6.0 -6.0 -6.0 -6.0 -6.0 -6.0 -6.0 -6.0 -6.0 -6.0 -6.0 -6.0 -6.0 -6.0 -6.0 -6.0 -6.0 -5.01486 -2.23288 -0.57284 2.43526 5.10854 7.37666 8.77397 8.93785 8.81911 8.67769 8.52551 8.26262 7.92467 7.72292 7.48609 7.32872 7.34571 7.42239 7.49698 7.71007 7.87051 8.03568 8.16625 8.36558 8.36876 8.1168 8.15375 8.42385 8.70097 8.90062 8.99225 11.22574 15.3355 16.14097 16.59596 16.63099 16.37878 16.06906 15.88226 15.86233 15.84804 15.71286 15.25779 15.01671 14.63562 13.99508 13.83502 13.69511 13.52282 13.54906 13.68271 13.77779 13.60802 13.39416 13.34946 13.32231 13.28647 13.23146 13.14163 13.12393 13.16667 13.17902 13.23273 13.31885 13.43288 13.48578 13.46577 13.51686 13.56168 13.58428 13.62036 13.61214 13.48371 13.31702 13.22625 13.01155 12.88108 12.84032 12.9358 13.21042 13.11059 12.56149 12.45918 12.49833 12.19079 11.65323 11.36988 11.00596 11.19089 11.48248 11.00359 10.68128 10.16749 9.75364 9.35337 8.99911 8.49221 7.58914 6.88364 5.77303 4.83898 3.24266 1.84321 0.39909 -0.79932 -2.25068 -5.94871 -6.0 -6.0 -6.0 -6.0 -6.0 -6.0 -6.0 -6.0 -6.0 -6.0 -6.0 -6.0 -6.0 -6.0 -6.0 -6.0 -6.0
-6.0 -6.0 -6.0 -6.0 -6.0 -6.0 -6.0 -6.0 -6.0 -6.0 -6.0 -6.0 -6.0 -6.0 -6.0 -6.0 -6.0 -6.0 -6.0 -6.0 -6.0 -6.0 -6.0 -6.0 -6.0 -6.0 -6.0 -6.0 -6.0 -6.0 -6.0 -6.0 -6.0 -6.0 -6.0 -6.0 -6.0 -6.0 -6.0 -6.0 -6.0 -6.0 -6.0 -6.0 -6.0 -6.0 -6.0 -6.0 -6.0 -6.0 -6.0 -6.0 -6.0 -6.0 -6.0 -6.0 -6.0 -6.0 -6.0 -6.0 -6.0 -6.0 -6.0 -6.0 -6.0 -6.0 -6.0 -6.0 -6.0 -6.0 -6.0 -6.0 -6.0 -6.0 -6.0 -6.0 -6.0 -6.0 -6.0 -6.0 -6.0 -6.0 -6.0 -6.0 -6.0 -6.0 -6.0 -6.0 -6.0 -6.0 -6.0 -4.09207 -4.15185 -6.0 -6.0 -4.15436 -4.14377 -3.72883 1.1135 3.15023 5.81202 8.3372 9.96508 10.29016 10.18449 10.03287 9.7248 9.52529 9.38626 9.28464 8.95529 8.49459 7.80901 7.69764 7.69852 7.726 7.75722 7.97835 8.18356 8.36116 8.47804 8.65203 8.80299 9.39043 10.0455 10.80557 11.67003 13.04212 13.47656 14.9861 17.33694 17.52146 17.46803 17.42361 17.05664 16.65529 16.47872 16.42766 16.2149 15.89669 15.36203 15.00737 14.58882 14.03778 13.81446 13.43908 13.09332 13.22252 13.3943 13.55108 13.38773 13.19005 13.14687 13.12251 13.08947 13.04059 12.95365 12.92173 12.93906 12.94089 12.95749 12.99362 13.06189 13.11362 13.10031 13.15015 13.18566 13.20431 13.23546 13.23 13.11292 12.95499 12.86754 12.68747 12.60416 12.77892 12.93519 12.97058 13.04001 12.82786 12.5136 12.28778 11.96432 11.81461 11.64597 11.35253 11.16167 11.09806 10.67492 10.27049 9.75308 9.31359 8.70123 8.16793 7.45173 6.3218 5.52053 4.33673 3.35478 1.72634 0.49088 -0.71139 -1.73711 -5.0387 -6.0 -6.0 -6.0 -6.0 -6.0 -6.0 -6.0 -6.0 -6.0 -6.0 -6.0 -6.0 -6.0 -6.0 -6.0 -6.0 -6.0 -6.0
-6.0 -6.0 -6.0 -6.0 -6.0 -6.0 -6.0 -6.0 -6.0 -6.0 -6.0 -6.0 -6.0 -6.0 -6.0 -6.0 -6.0 -6.0 -6.0 -6.0 -6.0 -6.0 -6.0 -6.0 -6.0 -6.0 -6.0 -6.0 -6.0 -6.0 -6.0 -6.0 -6.0 -6.0 -6.0 -6.0 -6.0 -6.0 -6.0 -6.0 -6.0 -6.0 -6.0 -6.0 -6.0 -6.0 -6.0 -6.0 -6.0 -6.0 -6.0 -6.0 -6.0 -6.0 -6.0 -6.0 -6.0 -6.0 -6.0 -6.0 -6.0 -6.0 -6.0 -6.0 -6.0 -6.0 -6.0 -6.0 -6.0 -5.01026 -2.87665 -2.96747 -2.87078 -3.1981 -3.18892 -6.0 -6.0 -6.0 -6.0 -6.0 -6.0 -6.0 -6.0 -6.0 -6.0 -6.0 -6.0 -6.0 -6.0 -3.22537 -2.62339 -0.51455 -0.15702 0.34014 1.26079 2.19509 2.64426 3.50467 7.62538 10.47361 11.8847 12.2308 12.0673 11.63782 11.18282 10.95896 10.46751 10.23786 9.96736 9.83903 9.55045 9.00657 8.30106 8.21407 8.05699 8.19004 8.26532 8.60641 8.90743 8.83405 8.88776 9.62655 10.0978 11.40616 12.36492 13.57909 14.65466 16.42879 16.92284 17.38144 18.10172 18.1388 18.02897 17.99886 17.6893 17.3651 17.20098 16.99033 16.54898 16.07378 15.53471 15.09638 14.68353 14.12781 13.75216 13.20979 12.8659 12.96714 13.09881 13.26352 13.1268 12.98551 12.95983 12.94378 12.92519 12.88901 12.76435 12.67402 12.65215 12.62864 12.59667 12.60623 12.63269 12.66993 12.71139 12.77746 12.7762 12.74874 12.75334 12.73453 12.64326 12.49238 12.39277 12.23738 12.16352 12.38666 12.4613 12.27724 12.2212 12.08142 11.79268 11.53376 11.34182 11.26919 11.1316 10.89406 10.56098 10.23514 9.90902 9.46426 8.91727 8.40292 7.45168 6.75469 5.94428 4.81923 3.99614 2.76692 1.77625 0.53706 -0.65392 -1.87603 -4.13464 -6.0 -6.0 -6.0 -6.0 -6.0 -6.0 -6.0 -6.0 -6.0 -6.0 -6.0 -6.0 -6.0 -6.0 -6.0 -6.0 -6.0 -6.0 -6.0
-6.0 -6.0 -6.0 -6.0 -6.0 -6.0 -6.0 -6.0 -6.0 -6.0 -6.0 -6.0 -6.0 -6.0 -6.0 -6.0 -6.0 -6.0 -6.0 -6.0 -6.0 -6.0 -6.0 -6.0 -6.0 -6.0 -6.0 -6.0 -6.0 -6.0 -6.0 -6.0 -6.0 -6.0 -6.0 -6.0 -6.0 -6.0 -6.0 -6.0 -6.0 -6.0 -6.0 -6.0 -6.0 -6.0 -6.0 -6.0 -6.0 -6.0 -6.0 -6.0 -6.0 -6.0 -6.0 -6.0 -6.0 -6.0 -6.0 -6.0 -6.0 -6.0 -6.0 -6.0 -6.0 -5.96746 -5.96736 -6.0 -5.96647 -1.50288 -0.10807 0.07651 0.33017 -0.04803 0.05155 -0.90136 0.18696 0.67339 0.0892 -1.36092 -5.98008 -6.0 -6.0 -6.0 -6.0 -6.0 -6.0 -5.9674 -5.967 -0.79608 1.66961 5.97024 7.07475 8.96161 10.39965 11.40158 11.97926 12.21317 12.54714 12.78035 12.37052 12.25209 12.24606 12.05521 11.82461 11.66303 11.25229 11.07285 10.72499 10.35423 9.97282 9.62152 9.40058 8.98617 8.82799 8.98024 9.20814 9.61309 9.77197 9.66027 9.87439 11.8703 13.11694 14.47812 15.1417 16.15634 17.04564 17.99029 18.35142 18.52018 18.65463 18.64883 18.59253 18.58532 18.37036 18.07587 17.76968 17.22461 16.60789 16.05605 15.35296 14.88143 14.47525 14.00137 13.66855 13.09232 12.83761 12.83618 12.85517 12.92697 12.86682 12.83427 12.81556 12.74076 12.6478 12.54146 12.31731 12.15335 12.04478 11.95501 11.88127 11.8798 11.88191 11.90331 11.9943 12.04932 12.08569 11.9869 11.89298 11.79873 11.71884 11.5679 11.42265 11.25357 11.15632 11.19 11.08606 10.8231 10.59817 10.37711 10.25972 10.13417 9.87748 9.68271 9.35848 9.04658 8.72746 8.4257 8.02852 7.59415 6.88857 6.16142 4.96293 4.13929 3.31114 2.45469 1.68389 0.43677 -0.35552 -1.46121 -2.35023 -6.0 -6.0 -6.0 -6.0 -6.0 -6.0 -6.0 -6.0 -6.0 -6.0 -6.0 -6.0 -6.0 -6.0 -6.0 -6.0 -6.0 -6.0 -6.0 -6.0 -6.0
-6.0 -6.0 -6.0 -6.0 -6.0 -6.0 -6.0 -6.0 -6.0 -6.0 -6.0 -6.0 -6.0 -6.0 -6.0 -6.0 -6.0 -6.0 -6.0 -6.0 -6.0 -6.0 -6.0 -6.0 -6.0 -6.0 -6.0 -6.0 -6.0 -6.0 -6.0 -6.0 -6.0 -6.0 -6.0 -6.0 -6.0 -6.0 -6.0 -6.0 -6.0 -6.0 -6.0 -6.0 -6.0 -6.0 -6.0 -6.0 -6.0 -6.0 -6.0 -6.0 -6.0 -6.0 -6.0 -6.0 -6.0 -6.0 -5.06032 -3.1264 -1.18165 -1.05272 -1.01425 -0.77249 -0.8428 -0.4764 -0.40695 -1.0819 -1.31121 -0.11707 0.26321 0.20114 0.1084 0.26828 0.45851 0.2312 1.21232 2.9424 3.17822 1.01714 -2.0957 -5.05271 -3.15312 -1.98672 -5.04576 -4.6441 -0.48693 0.20559 0.81041 2.6216 6.4227 10.80392 11.49983 12.2746 12.70535 12.81255 12.79784 12.63698 12.34202 12.07009 11.88448 11.83909 11.84054 11.83924 11.92624 11.99296 11.98715 11.94309 11.80738 11.43234 10.71929 10.00747 9.84974 9.44276 9.55813 9.76719 9.98266 10.21868 10.50351 11.43113 11.84749 13.46103 14.85579 15.86256 16.25113 16.92151 17.62714 18.4393 18.73887 18.81346 18.81891 18.8187 18.80977 18.74509 18.36489 17.98117 17.53505 16.83054 16.13137 15.57023 14.82523 14.3893 14.03718 13.7168 13.50554 13.072 12.82509 12.78524 12.73176 12.69857 12.66149 12.60222 12.54085 12.42414 12.3068 12.1636 11.91535 11.7046 11.50828 11.38745 11.27315 11.25439 11.25901 11.29781 11.36408 11.35859 11.41237 11.29893 11.18227 11.01779 10.90946 10.73255 10.58443 10.35683 10.26519 10.21228 10.03338 9.7971 9.57741 9.29351 9.15156 9.01274 8.7326 8.52197 8.12423 7.82366 7.45576 7.05122 6.51201 6.0182 5.2526 4.37336 3.19879 2.33278 1.39995 0.71445 0.31295 -0.73506 -1.51453 -2.26993 -6.0 -6.0 -6.0 -6.0 -6.0 -6.0 -6.0 -6.0 -6.0 -6.0 -6.0 -6.0 -6.0 -6.0 -6.0 -6.0 -6.0 -6.0 -6.0 -6.0 -6.0 -6.0
-6.0 -6.0 -6.0 -6.0 -6.0 -6.0 -6.0 -6.0 -6.0 -6.0 -6.0 -6.0 -6.0 -6.0 -6.0 -6.0 -6.0 -6.0 -6.0 -6.0 -6.0 -6.0 -6.0 -6.0 -6.0 -6.0 -6.0 -6.0 -6.0 -6.0 -6.0 -6.0 -6.0 -6.0 -6.0 -6.0 -6.0 -6.0 -6.0 -6.0 -6.0 -6.0 -6.0 -6.0 -6.0 -6.0 -6.0 -6.0 -6.0 -6.0 -6.0 -6.0 -6.0 -6.0 -6.0 -6.0 -1.66855 0.06932 1.17712 1.7968 4.45202 6.35075 7.14855 6.08346 5.27103 5.58835 5.72576 3.46668 2.83621 4.30199 3.87732 2.37569 1.95924 1.32412 1.63562 1.55734 1.58902 3.57943 5.7855 4.93598 2.10356 1.55798 2.12828 2.29058 2.2225 2.91406 6.93371 9.06472 10.02321 11.82104 12.69952 13.24594 13.19106 12.98749 12.9241 12.83851 12.73985 12.30149 11.96071 11.8745 11.96603 11.98888 12.09051 12.30722 12.54143 12.79648 13.35982 13.70363 13.99203 13.91236 13.2547 12.45572 12.30426 12.15051 12.77672 13.03226 13.0477 13.03803 13.85879 15.01034 15.26132 15.61798 15.92125 16.50434 17.19151 17.637 17.92469 18.45235 18.53182 18.49615 18.45876 18.41464 18.11067 17.60632 16.61929 15.88383 15.39376 14.80062 14.18812 13.90715 13.46448 13.20075 13.05928 12.91907 12.82974 12.66951 12.54378 12.39173 12.24055 12.15221 11.95094 11.77462 11.60298 11.44206 11.36076 11.19334 10.86439 10.66447 10.43352 10.31209 10.06907 10.03518 10.01837 10.0751 10.0609 9.95426 9.80136 9.68376 9.5788 9.34798 9.16637 8.91765 8.77533 8.6097 8.47504 8.41658 8.2311 8.02216 7.78471 7.35666 7.08658 6.86402 6.52368 6.32156 6.01194 5.69859 5.03358 4.41477 3.69502 2.98766 2.30719 1.5737 0.53627 -0.14683 -0.91727 -1.50814 -1.69719 -2.24568 -6.0 -6.0 -6.0 -6.0 -6.0 -6.0 -6.0 -6.0 -6.0 -6.0 -6.0 -6.0 -6.0 -6.0 -6.0 -6.0 -6.0 -6.0 -6.0 -6.0 -6.0 -6.0 -6.0 -6.0
-6.0 -6.0 -6.0 -6.0 -6.0 -6.0 -6.0 -6.0 -6.0 -6.0 -6.0 -6.0 -6.0 -6.0 -6.0 -6.0 -6.0 -6.0 -6.0 -6.0 -6.0 -6.0 -6.0 -6.0 -6.0 -6.0 -6.0 -6.0 -6.0 -6.0 -6.0 -6.0 -6.0 -6.0 -6.0 -6.0 -6.0 -6.0 -6.0 -6.0 -6.0 -6.0 -6.0 -6.0 -6.0 -6.0 -6.0 -6.0 -6.0 -6.0 -6.0 -6.0 -6.0 -6.0 -5.02261 -1.84141 0.74388 4.54249 6.44697 6.553 7.86546 11.68847 13.50961 11.13635 9.64351 9.39209 9.18965 7.60212 6.68928 6.87373 7.33877 7.41924 7.42565 6.54339 6.57562 6.0442 6.00009 6.70771 7.78793 8.05313 8.03212 8.17806 8.48376 8.77855 9.55941 10.23621 11.22939 11.92079 11.61427 12.54673 12.99772 13.09828 13.23222 13.29587 13.10014 12.87613 12.73666 12.29038 12.02352 12.02236 12.2578 12.41633 12.69071 13.02915 13.34056 13.64016 14.3442 14.70773 15.14892 15.3152 15.33158 15.49852 15.84378 15.51208 15.98514 15.81794 15.66156 15.6506 15.62641 15.65243 15.72689 15.79413 15.83325 16.13191 16.94386 16.99563 17.00988 17.1065 17.08491 16.97591 16.51938 16.02603 15.52162 15.05575 13.91051 13.25892 12.96889 12.69182 12.49368 12.44663 12.31996 12.24008 12.20724 12.19711 12.18691 12.13538 12.04904 11.87767 11.71865 11.60542 11.33559 11.1029 10.84514 10.57733 10.42367 10.15547 9.72049 9.58562 9.45672 9.36023 9.11404 9.04354 8.94683 8.94464 8.8931 8.71511 8.4556 8.30079 8.17673 7.9506 7.77015 7.46472 7.31898 7.30249 7.19901 7.15391 7.04144 6.81238 6.5509 6.06585 5.68319 5.39171 5.04037 4.86259 4.62161 4.05564 2.98542 2.18977 1.54137 1.05149 0.5559 -0.00578 -0.92114 -1.5969 -2.24866 -6.0 -6.0 -6.0 -6.0 -6.0 -6.0 -6.0 -6.0 -6.0 -6.0 -6.0 -6.0 -6.0 -6.0 -6.0 -6.0 -6.0 -6.0 -6.0 -6.0 -6.0 -6.0 -6.0 -6.0 -6.0 -6.0 -6.0
-6.0 -6.0 -6.0 -6.0 -6.0 -6.0 -6.0 -6.0 -6.0 -6.0 -6.0 -6.0 -6.0 -6.0 -6.0 -6.0 -6.0 -6.0 -6.0 -6.0 -6.0 -6.0 -6.0 -6.0 -6.0 -6.0 -6.0 -6.0 -6.0 -6.0 -6.0 -6.0 -6.0 -6.0 -6.0 -6.0 -6.0 -6.0 -6.0 -6.0 -6.0 -6.0 -6.0 -6.0 -6.0 -6.0 -6.0 -6.0 -6.0 -6.0 -6.0 -6.0 -6.0 -5.07293 -1.28575 2.60044 8.89803 9.6167 8.88229 7.98503 7.04746 8.13347 9.55315 10.71076 11.78348 12.52492 12.62075 10.99654 9.2402 7.45689 7.38812 8.491 10.46301 9.60933 10.19937 10.60257 10.18939 10.33909 10.28726 10.5345 11.70767 11.88024 11.64331 11.65454 11.96539 13.18833 13.90143 13.90645 13.73333 13.60211 13.60413 13.77813 13.85075 13.71198 13.4576 13.08681 12.87713 12.71572 12.6162 12.71153 12.95554 13.45978 13.77766 13.97739 14.58212 15.18188 15.8098 16.02261 16.49525 17.06526 17.13124 17.52617 18.21678 17.8688 17.41837 16.88568 16.63602 16.49579 16.16375 15.68284 15.55798 15.39951 15.15716 14.60568 13.97928 13.37257 13.07171 12.43706 12.32397 12.13343 11.07524 10.32682 10.11647 10.22185 10.23337 10.35304 10.55562 10.59604 10.73546 10.86947 11.0107 11.07529 11.12563 11.21242 11.27369 11.29817 11.2424 11.08705 10.92333 10.67685 10.37405 10.0558 9.6475 9.28348 8.99557 8.69558 8.316 8.09649 7.91618 7.90081 7.79773 7.55611 7.29537 7.19946 7.18977 7.00782 6.70647 6.53082 6.41145 6.22441 6.06491 5.79789 5.69518 5.65544 5.72443 5.75965 5.6058 5.43362 5.1523 4.68515 4.30292 3.96102 3.56407 3.43386 3.09612 2.19693 0.9531 0.20413 -0.48136 -1.13686 -1.71181 -2.0789 -5.95176 -6.0 -6.0 -6.0 -6.0 -6.0 -6.0 -6.0 -6.0 -6.0 -6.0 -6.0 -6.0 -6.0 -6.0 -6.0 -6.0 -6.0 -6.0 -6.0 -6.0 -6.0 -6.0 -6.0 -6.0 -6.0 -6.0 -6.0 -6.0 -6.0
-6.0 -6.0 -6.0 -6.0 -6.0 -6.0 -6.0 -6.0 -6.0 -6.0 -6.0 -6.0 -6.0 -6.0 -6.0 -6.0 -6.0 -6.0 -6.0 -6.0 -6.0 -6.0 -6.0 -6.0 -6.0 -6.0 -6.0 -6.0 -6.0 -6.0 -6.0 -6.0 -6.0 -6.0 -6.0 -6.0 -6.0 -6.0 -6.0 -6.0 -6.0 -6.0 -6.0 -6.0 -6.0 -6.0 -6.0 -6.0 -6.0 -6.0 -6.0 -6.0 -1.47499 1.02618 6.72263 9.76179 11.71238 11.56144 11.12161 10.90201 9.08298 9.07187 9.13666 9.33693 9.86637 10.87858 12.09955 12.54859 12.00471 11.19118 11.07021 12.05835 13.41153 13.59198 13.26943 12.76739 12.44922 12.44255 12.44374 12.5309 13.10015 13.54613 14.02866 14.33698 14.38918 14.59807 14.68892 14.55145 14.38034 14.34553 14.37599 14.47519 14.47054 14.25007 14.13431 14.1069 14.04369 14.27258 14.421 14.57383 14.66773 14.8913 15.11329 15.39094 16.15633 16.5654 16.80093 17.02081 16.95877 16.54991 16.05284 15.84081 15.71633 15.50799 15.67911 15.60621 15.18265 13.21238 12.4469 11.64749 10.85443 9.90399 8.94777 7.17185 5.11916 4.3951 4.34368 4.46798 4.61249 4.76358 5.13085 5.39401 6.04445 6.79088 7.71922 7.98758 8.2327 8.38188 8.67074 8.94429 9.21369 9.37743 9.5213 9.66345 9.74355 9.83409 9.8413 9.68905 9.46914 9.1136 8.68453 8.04303 7.6401 7.2361 6.97379 6.76539 6.58623 6.49116 6.41312 6.35521 6.12388 5.82867 5.63907 5.57764 5.52262 5.37376 5.28549 5.23189 5.15407 4.99603 4.91837 4.66864 4.54329 4.34943 4.32021 4.30025 4.20966 4.07367 3.78557 3.29016 2.99247 2.7432 2.27887 1.95853 1.23916 0.01824 -1.4607 -2.93033 -3.16148 -3.25595 -6.0 -6.0 -6.0 -6.0 -6.0 -6.0 -6.0 -6.0 -6.0 -6.0 -6.0 -6.0 -6.0 -6.0 -6.0 -6.0 -6.0 -6.0 -6.0 -6.0 -6.0 -6.0 -6.0 -6.0 -6.0 -6.0 -6.0 -6.0 -6.0 -6.0 -6.0 -6.0
-6.0 -6.0 -6.0 -6.0 -6.0 -6.0 -6.0 -6.0 -6.0 -6.0 -6.0 -6.0 -6.0 -6.0 -6.0 -6.0 -6.0 -6.0 -6.0 -6.0 -6.0 -6.0 -6.0 -6.0 -6.0 -6.0 -6.0 -6.0 -6.0 -6.0 -6.0 -6.0 -6.0 -6.0 -6.0 -6.0 -6.0 -6.0 -6.0 -6.0 -6.0 -6.0 -6.0 -6.0 -6.0 -6.0 -6.0 -6.0 -6.0 -6.0 -4.00693 -1.60463 5.19796 9.70332 11.91289 12.27527 12.50332 12.50019 12.36841 12.28181 12.21536 11.91634 10.71659 10.49693 10.58123 11.08846 11.75047 12.75455 13.16671 13.60812 13.74864 14.21444 14.56904 14.61924 13.84445 12.94574 12.53007 12.5825 12.8007 12.95743 13.53197 14.03642 14.6072 14.8227 14.83084 14.83098 14.82899 14.80897 14.79164 14.79185 14.79692 14.80706 14.80904 15.01698 15.6069 15.91193 15.24068 15.14427 15.14219 15.19768 15.26158 15.37685 15.63717 16.00903 16.54112 16.69252 16.49461 16.00248 15.06166 14.76222 13.82784 12.77559 11.75973 10.8617 10.78193 10.59117 9.31605 4.68839 3.14771 2.51702 2.20449 2.08463 1.99859 1.84297 1.71995 1.68318 1.67493 1.80895 2.09756 2.32079 2.68031 2.90734 3.56865 4.26403 5.01385 5.3057 5.57807 5.83682 6.21189 6.75546 7.20887 7.4793 7.7574 8.0851 8.19001 8.19676 8.21811 7.98452 7.64317 7.14886 6.66794 6.11638 5.94948 5.88042 5.6736 5.50129 5.3779 5.2647 5.14179 5.05468 4.79967 4.69346 4.64061 4.66849 4.64327 4.68108 4.79748 4.81495 4.80715 4.75649 4.60809 4.21432 4.07071 3.82478 3.66437 3.28527 3.16904 2.95246 2.72697 2.23849 1.82511 1.46974 0.98302 0.5506 -0.3753 -1.82305 -5.98696 -6.0 -6.0 -6.0 -6.0 -6.0 -6.0 -6.0 -6.0 -6.0 -6.0 -6.0 -6.0 -6.0 -6.0 -6.0 -6.0 -6.0 -6.0 -6.0 -6.0 -6.0 -6.0 -6.0 -6.0 -6.0 -6.0 -6.0 -6.0 -6.0 -6.0 -6.0 -6.0 -6.0 -6.0 -6.0
-6.0 -6.0 -6.0 -6.0 -6.0 -6.0 -6.0 -6.0 -6.0 -6.0 -6.0 -6.0 -6.0 -6.0 -6.0 -6.0 -6.0 -6.0 -6.0 -6.0 -6.0 -6.0 -6.0 -6.0 -6.0 -6.0 -6.0 -6.0 -6.0 -6.0 -6.0 -6.0 -6.0 -6.0 -6.0 -6.0 -6.0 -6.0 -6.0 -6.0 -6.0 -6.0 -6.0 -6.0 -6.0 -6.0 -6.0 -6.0 -3.22198 -1.09224 4.16141 8.02542 11.94301 12.92746 12.67636 12.7214 13.08886 13.60349 13.96794 13.68074 13.94408 13.99496 13.67206 13.63572 13.40228 12.806 12.6098 13.23208 13.64478 13.82667 13.82599 13.82907 13.33041 12.76712 12.57767 12.44626 12.58179 12.82496 13.04444 13.3104 14.10995 14.55525 14.76529 14.83012 14.83101 14.831 14.83101 14.83105 14.83114 14.83119 14.83118 14.83114 14.83674 15.11962 15.69473 15.99394 15.58249 15.50143 15.47356 15.49767 15.56066 15.62467 15.92421 16.3032 15.96912 14.28684 12.82627 11.56005 9.62765 8.42061 6.64301 4.85897 3.43789 2.11186 1.5032 0.82308 0.5627 -0.1594 -0.23071 -0.24159 -0.25907 -0.18343 -0.20322 -0.08605 0.21001 0.60087 0.67577 0.77905 0.9129 1.16788 1.68022 1.82804 2.01456 2.3573 3.05038 3.46726 3.93972 4.61118 4.6784 4.74201 4.99219 5.16816 5.45361 5.88259 6.02061 6.12619 6.18464 6.05563 5.8158 5.51676 5.33447 5.20135 5.19861 5.15614 4.99644 4.79648 4.49129 4.32379 4.21927 4.10805 3.93347 3.91613 3.97005 4.09565 4.11104 4.1613 4.23426 4.1855 4.12447 4.0221 3.94104 3.79896 3.71917 3.56742 3.36688 2.85538 2.42951 1.93793 1.76918 1.22651 0.67659 0.22989 -0.21977 -0.6632 -1.86345 -5.12308 -6.0 -6.0 -6.0 -6.0 -6.0 -6.0 -6.0 -6.0 -6.0 -6.0 -6.0 -6.0 -6.0 -6.0 -6.0 -6.0 -6.0 -6.0 -6.0 -6.0 -6.0 -6.0 -6.0 -6.0 -6.0 -6.0 -6.0 -6.0 -6.0 -6.0 -6.0 -6.0 -6.0 -6.0 -6.0 -6.0
-6.0 -6.0 -6.0 -6.0 -6.0 -6.0 -6.0 -6.0 -6.0 -6.0 -6.0 -6.0 -6.0 -6.0 -6.0 -6.0 -6.0 -6.0 -6.0 -6.0 -6.0 -6.0 -6.0 -6.0 -6.0 -6.0 -6.0 -6.0 -6.0 -6.0 -6.0 -6.0 -6.0 -6.0 -6.0 -6.0 -6.0 -6.0 -6.0 -6.0 -6.0 -6.0 -6.0 -6.0 -6.0 -6.0 -6.0 -5.96175 -0.87379 8.38289 13.76658 14.80985 13.41369 12.88317 12.83177 12.83129 12.88014 12.96561 13.06134 13.02215 13.01924 13.03288 13.0361 13.04551 13.02345 12.91205 12.95096 13.32897 13.61745 13.8152 13.8126 13.88942 13.92291 13.77284 14.27175 14.50412 14.56268 14.59487 14.62131 14.65417 14.76545 14.81704 14.83062 14.83117 14.83119 14.83119 14.83111 14.82774 14.81245 14.80225 14.80414 14.80608 14.80519 14.909 15.14856 15.2821 15.19846 15.67523 15.76222 15.77138 15.74618 15.52551 15.97016 16.46318 16.39914 11.50474 7.46672 3.92522 1.42772 -0.19631 -0.85402 -1.53273 -2.07501 -2.26237 -2.18641 -2.3453 -2.34519 -6.0 -6.0 -6.0 -2.45996 -6.0 -4.26079 -2.38419 -2.24345 -1.24268 -0.2886 0.33391 0.24096 0.30968 0.78315 0.90798 0.863 1.00655 1.46943 1.85061 2.20988 2.41369 2.6233 2.98437 3.30953 3.49292 3.71148 4.04653 4.17431 4.24268 4.28501 4.30201 4.19044 4.16951 4.14673 4.12064 4.06677 3.98836 3.99976 4.02786 3.96618 3.84821 3.65957 3.33482 2.97294 2.90766 2.91617 3.09943 3.17045 3.21526 3.23571 3.17194 3.10748 2.99839 2.94496 2.84453 2.70692 2.40982 2.23574 1.74889 1.29831 0.84288 0.72146 0.22754 -0.50282 -1.1328 -1.7754 -2.20286 -6.0 -6.0 -6.0 -6.0 -6.0 -6.0 -6.0 -6.0 -6.0 -6.0 -6.0 -6.0 -6.0 -6.0 -6.0 -6.0 -6.0 -6.0 -6.0 -6.0 -6.0 -6.0 -6.0 -6.0 -6.0 -6.0 -6.0 -6.0 -6.0 -6.0 -6.0 -6.0 -6.0 -6.0 -6.0 -6.0 -6.0 -6.0
-6.0 -6.0 -6.0 -6.0 -6.0 -6.0 -6.0 -6.0 -6.0 -6.0 -6.0 -6.0 -6.0 -6.0 -6.0 -6.0 -6.0 -6.0 -6.0 -6.0 -6.0 -6.0 -6.0 -6.0 -6.0 -6.0 -6.0 -6.0 -6.0 -6.0 -6.0 -6.0 -6.0 -6.0 -6.0 -6.0 -6.0 -6.0 -6.0 -6.0 -6.0 -6.0 -6.0 -6.0 -6.0 -6.0 -1.51421 1.9198 7.3421 12.65798 14.01878 13.76337 12.98518 12.83275 12.83105 12.83106 12.83101 12.84179 12.87293 12.94896 12.96694 12.97621 12.99894 13.26976 13.78997 14.04481 14.07281 14.3498 14.47149 14.53865 14.53512 14.56914 14.60968 14.57957 14.76191 14.82605 14.83096 14.81739 14.79923 14.7762 14.69002 14.6422 14.6022 14.55947 14.53225 14.53247 14.52587 14.42815 14.02949 13.73307 13.80623 13.89357 13.79747 13.77401 13.97037 14.32175 14.59787 14.96602 15.00088 14.89328 14.68008 14.28655 14.11118 13.79633 13.18036 6.9046 2.35665 0.3459 -1.87337 -6.0 -4.16928 -6.0 -5.0287 -4.05769 -2.05397 -2.01847 -1.98926 -2.0691 -4.13267 -6.0 -6.0 -6.0 -6.0 -5.05849 -5.05666 -3.20928 -3.06037 -2.93095 -2.86676 -1.47385 -0.12579 0.40746 0.26867 0.23291 0.47674 0.71681 1.10255 1.18197 1.29737 1.60152 1.99517 2.17096 2.34777 2.65448 2.80383 2.95143 3.05537 2.96524 2.90578 2.96249 2.87593 2.76969 2.68495 2.64022 2.67643 2.77485 2.90996 2.94297 2.81937 2.56195 2.12412 1.98724 1.95269 1.96516 1.90185 1.89061 1.70103 1.54301 1.41615 1.08432 0.92655 0.89807 0.90333 0.85122 0.70034 0.4983 0.23311 -0.09994 -0.1536 -0.60141 -1.46844 -2.92698 -5.06844 -6.0 -6.0 -6.0 -6.0 -6.0 -6.0 -6.0 -6.0 -6.0 -6.0 -6.0 -6.0 -6.0 -6.0 -6.0 -6.0 -6.0 -6.0 -6.0 -6.0 -6.0 -6.0 -6.0 -6.0 -6.0 -6.0 -6.0 -6.0 -6.0 -6.0 -6.0 -6.0 -6.0 -6.0 -6.0 -6.0 -6.0 -6.0 -6.0
-6.0 -6.0 -6.0 -6.0 -6.0 -6.0 -6.0 -6.0 -6.0 -6.0 -6.0 -6.0 -6.0 -6.0 -6.0 -6.0 -6.0 -6.0 -6.0 -6.0 -6.0 -6.0 -6.0 -6.0 -6.0 -6.0 -6.0 -6.0 -6.0 -6.0 -6.0 -6.0 -6.0 -6.0 -6.0 -6.0 -6.0 -6.0 -6.0 -6.0 -6.0 -6.0 -6.0 -6.0 -6.0 -1.86274 6.44813 9.8203 12.45481 13.41701 13.33255 13.03163 12.83533 12.83108 12.84156 12.86762 12.87679 12.9341 13.20184 13.9459 14.34081 14.45354 14.47658 14.54491 14.69392 14.75893 14.76989 14.80636 14.82423 14.81611 14.80871 14.80319 14.78772 14.74978 14.75805 14.75902 14.75719 14.65911 14.38666 14.0729 13.28085 12.71307 12.18758 11.83566 11.53149 11.52498 11.53963 11.72614 11.70136 11.66864 12.04952 12.42116 12.36732 12.59099 13.05433 13.57707 13.8698 13.85496 13.59522 13.52091 12.78219 11.78002 10.77826 9.91792 9.00018 6.71239 1.07621 -0.74865 -2.20021 -4.12606 -4.09616 -1.88791 -1.21424 -0.77499 -0.57411 -0.40737 -0.2153 -0.05918 -0.7048 -1.25878 -1.41466 -1.59575 -1.61915 -1.56019 -1.74967 -4.02074 -6.0 -6.0 -6.0 -5.09007 -4.09903 -3.98189 -2.10964 -1.55476 -0.69764 -0.21781 0.26078 0.35361 0.29175 0.36524 0.5396 0.6498 0.76911 1.14911 1.41604 1.46313 1.44117 1.35873 1.37426 1.46816 1.47113 1.33764 1.22574 1.16529 1.18852 1.19288 1.15464 1.10262 0.97064 0.8763 0.78248 0.70149 0.71426 0.62283 0.50391 0.33117 0.05602 -0.06031 -0.15516 -0.34919 -0.42881 -0.26276 -0.15387 -0.16652 -0.11312 -0.3806 -0.76369 -1.58619 -2.0526 -4.08746 -4.1993 -6.0 -6.0 -6.0 -6.0 -6.0 -6.0 -6.0 -6.0 -6.0 -6.0 -6.0 -6.0 -6.0 -6.0 -6.0 -6.0 -6.0 -6.0 -6.0 -6.0 -6.0 -6.0 -6.0 -6.0 -6.0 -6.0 -6.0 -6.0 -6.0 -6.0 -6.0 -6.0 -6.0 -6.0 -6.0 -6.0 -6.0 -6.0 -6.0 -6.0 -6.0
-6.0 -6.0 -6.0 -6.0 -6.0 -6.0 -6.0 -6.0 -6.0 -6.0 -6.0 -6.0 -6.0 -6.0 -6.0 -6.0 -6.0 -6.0 -6.0 -6.0 -6.0 -6.0 -6.0 -6.0 -6.0 -6.0 -6.0 -6.0 -6.0 -6.0 -6.0 -6.0 -6.0 -6.0 -6.0 -6.0 -6.0 -6.0 -6.0 -6.0 -6.0 -6.0 -6.0 -6.0 -1.30726 4.80089 10.97894 12.06906 12.73946 13.02055 12.97717 12.88657 12.84121 12.85299 13.36694 13.81026 14.0762 14.12979 14.2593 14.55033 14.76717 14.81933 14.82438 14.82382 14.82108 14.81366 14.81031 14.81087 14.77156 14.55567 14.378 14.19626 13.70927 12.80804 12.89531 12.89327 12.88711 12.82905 12.31273 12.07 11.9295 11.59662 11.12949 10.97048 10.84155 10.8425 10.84372 10.95121 10.97535 10.99913 11.19726 11.49413 11.53929 11.85265 12.23412 12.34622 12.1497 11.64664 11.08542 10.88284 10.04839 8.80337 8.12156 8.09859 7.96116 8.69594 3.47425 0.60504 -0.71966 -1.0242 -0.8707 -0.48932 -0.17594 0.18868 0.66418 1.16373 1.95611 2.57826 1.41774 0.60825 0.16596 -0.13751 -0.28986 -0.41667 -0.59155 -0.99758 -1.62989 -2.25799 -6.0 -6.0 -6.0 -6.0 -6.0 -2.23061 -1.91539 -1.75458 -1.58666 -1.51066 -1.09842 -0.62935 -0.26676 -0.09392 0.03742 0.25648 0.40661 0.42846 0.45503 0.39807 0.39997 0.35766 0.39591 0.16539 0.08164 0.0468 0.11818 0.11633 -0.00622 -0.03971 -0.13706 -0.29576 -0.32106 -0.36238 -0.37253 -0.46925 -0.65937 -0.70233 -0.72353 -0.90082 -1.09079 -1.5031 -1.83145 -1.78009 -1.72555 -1.72484 -1.69701 -1.80136 -1.96511 -2.26399 -5.10574 -6.0 -6.0 -6.0 -6.0 -6.0 -6.0 -6.0 -6.0 -6.0 -6.0 -6.0 -6.0 -6.0 -6.0 -6.0 -6.0 -6.0 -6.0 -6.0 -6.0 -6.0 -6.0 -6.0 -6.0 -6.0 -6.0 -6.0 -6.0 -6.0 -6.0 -6.0 -6.0 -6.0 -6.0 -6.0 -6.0 -6.0 -6.0 -6.0 -6.0 -6.0 -6.0 -6.0
-6.0 -6.0 -6.0 -6.0 -6.0 -6.0 -6.0 -6.0 -6.0 -6.0 -6.0 -6.0 -6.0 -6.0 -6.0 -6.0 -6.0 -6.0 -6.0 -6.0 -6.0 -6.0 -6.0 -6.0 -6.0 -6.0 -6.0 -6.0 -6.0 -6.0 -6.0 -6.0 -6.0 -6.0 -6.0 -6.0 -6.0 -6.0 -6.0 -6.0 -6.0 -6.0 -5.96418 -1.15595 2.16399 10.68676 12.11717 12.40377 12.76715 12.83711 12.84437 12.99872 13.39261 13.52375 14.01826 14.52345 14.79285 14.82595 14.82653 14.81958 14.80142 14.71233 14.61545 14.52918 14.29749 13.81437 13.59722 13.65494 13.60751 13.02692 12.7544 12.6254 12.08142 11.04774 10.99071 11.07262 11.20454 11.23791 10.89869 10.76118 10.98676 10.94552 10.74851 10.81316 10.82619 10.95263 10.94868 10.83053 10.69857 10.4589 10.41817 10.57117 10.66169 10.66369 10.62922 10.35782 9.87446 9.38075 9.03443 8.96812 8.35416 6.97238 6.6461 6.72752 6.83826 7.24929 7.38402 4.46056 3.23811 2.77222 2.63412 2.74812 3.09839 3.33103 3.63971 3.53887 3.65032 4.00857 3.81307 3.1552 2.10928 1.41363 0.85235 0.45587 0.24154 -0.05036 -0.29127 -0.71984 -1.36294 -2.22155 -5.96472 -6.0 -6.0 -6.0 -6.0 -6.0 -6.0 -6.0 -2.1475 -1.74846 -1.25244 -1.04889 -0.91636 -0.75956 -0.67797 -0.63132 -0.6019 -0.63682 -0.62975 -0.66013 -0.63194 -0.77805 -0.85231 -0.90159 -0.816 -0.81843 -0.98936 -1.02794 -1.14942 -1.30276 -1.33455 -1.36416 -1.3795 -1.43859 -1.58691 -1.59537 -1.55816 -1.78833 -2.00825 -3.19655 -6.0 -6.0 -6.0 -6.0 -6.0 -6.0 -6.0 -6.0 -6.0 -6.0 -6.0 -6.0 -6.0 -6.0 -6.0 -6.0 -6.0 -6.0 -6.0 -6.0 -6.0 -6.0 -6.0 -6.0 -6.0 -6.0 -6.0 -6.0 -6.0 -6.0 -6.0 -6.0 -6.0 -6.0 -6.0 -6.0 -6.0 -6.0 -6.0 -6.0 -6.0 -6.0 -6.0 -6.0 -6.0 -6.0 -6.0 -6.0 -6.0 -6.0 -6.0 -6.0
-6.0 -6.0 -6.0 -6.0 -6.0 -6.0 -6.0 -6.0 -6.0 -6.0 -6.0 -6.0 -6.0 -6.0 -6.0 -6.0 -6.0 -6.0 -6.0 -6.0 -6.0 -6.0 -6.0 -6.0 -6.0 -6.0 -6.0 -6.0 -6.0 -6.0 -6.0 -6.0 -6.0 -6.0 -6.0 -6.0 -6.0 -6.0 -6.0 -6.0 -6.0 -5.07589 -0.97897 6.54602 11.32438 12.42036 12.9977 13.29071 13.16936 13.13887 13.38989 13.90812 14.62516 14.79192 14.81331 14.82398 14.8273 14.8231 14.75918 14.23777 13.52089 13.08736 12.64159 12.41381 12.06135 11.22077 10.9083 11.14127 11.08436 10.29282 9.88904 9.74294 9.34031 8.10179 6.91538 7.75121 8.35053 8.69756 9.12053 9.24362 9.57934 9.67168 9.55462 9.6156 9.85291 10.21747 10.17814 9.43494 9.13057 8.57485 8.22947 7.90423 7.60892 7.03234 6.47103 5.64917 5.2019 5.32832 6.3901 7.15092 6.68818 5.58075 5.71855 5.4967 5.05392 5.47303 6.37248 6.1603 4.86945 3.51477 2.787 2.4539 2.32518 2.14109 2.17006 2.1209 2.25639 2.98728 3.79108 4.16211 3.44845 3.5617 3.03034 2.59661 2.02693 1.37819 0.77063 0.23972 -0.04335 -0.50116 -1.3528 -1.96182 -1.98076 -1.94981 -1.96465 -2.03495 -4.9553 -6.0 -6.0 -6.0 -6.0 -6.0 -6.0 -6.0 -6.0 -6.0 -6.0 -6.0 -6.0 -6.0 -6.0 -6.0 -6.0 -6.0 -6.0 -6.0 -6.0 -6.0 -6.0 -6.0 -6.0 -6.0 -6.0 -6.0 -6.0 -6.0 -6.0 -6.0 -6.0 -6.0 -6.0 -6.0 -6.0 -6.0 -6.0 -6.0 -6.0 -6.0 -6.0 -6.0 -6.0 -6.0 -6.0 -6.0 -6.0 -6.0 -6.0 -6.0 -6.0 -6.0 -6.0 -6.0 -6.0 -6.0 -6.0 -6.0 -6.0 -6.0 -6.0 -6.0 -6.0 -6.0 -6.0 -6.0 -6.0 -6.0 -6.0 -6.0 -6.0 -6.0 -6.0 -6.0 -6.0 -6.0 -6.0 -6.0 -6.0 -6.0 -6.0 -6.0 -6.0 -6.0
-6.0 -6.0 -6.0 -6.0 -6.0 -6.0 -6.0 -6.0 -6.0 -6.0 -6.0 -6.0 -6.0 -6.0 -6.0 -6.0 -6.0 -6.0 -6.0 -6.0 -6.0 -6.0 -6.0 -6.0 -6.0 -6.0 -6.0 -6.0 -6.0 -6.0 -6.0 -6.0 -6.0 -6.0 -6.0 -6.0 -6.0 -6.0 -6.0 -6.0 -6.0 -0.869 4.16549 11.25492 12.78953 12.87787 13.22426 13.49449 13.60265 13.70519 14.12888 14.57055 14.8252 14.83117 14.80786 14.80254 14.43916 14.01227 13.71913 12.85536 11.75512 11.15903 10.54863 10.25752 10.07731 9.62917 9.27112 9.23198 9.12134 8.80661 8.61792 8.32493 7.87526 6.1877 4.63264 5.60278 6.15649 6.60816 7.16265 7.39076 7.87221 7.90694 7.28265 7.01067 7.18035 7.65272 7.99649 7.61633 8.05076 7.20035 6.17474 5.11549 4.73203 4.37934 4.04931 3.5304 3.25 3.45697 4.80874 5.66801 5.21318 4.81608 5.48879 5.5254 5.16689 5.34176 5.83776 5.84855 5.01295 3.52883 2.43124 1.84023 1.57639 1.49842 1.45497 1.36557 1.37108 2.45658 3.49552 3.75514 3.90442 3.68055 3.29427 3.42376 3.98496 3.6179 2.94761 2.39135 1.87337 1.31553 0.64347 0.10798 -0.29981 -0.65834 -0.92077 -1.13782 -1.75082 -3.06604 -4.0649 -4.08808 -4.11413 -6.0 -6.0 -6.0 -6.0 -6.0 -6.0 -6.0 -6.0 -6.0 -6.0 -6.0 -6.0 -6.0 -6.0 -6.0 -6.0 -6.0 -6.0 -6.0 -6.0 -6.0 -6.0 -6.0 -6.0 -6.0 -6.0 -6.0 -6.0 -6.0 -6.0 -6.0 -6.0 -6.0 -6.0 -6.0 -6.0 -6.0 -6.0 -6.0 -6.0 -6.0 -6.0 -6.0 -6.0 -6.0 -6.0 -6.0 -6.0 -6.0 -6.0 -6.0 -6.0 -6.0 -6.0 -6.0 -6.0 -6.0 -6.0 -6.0 -6.0 -6.0 -6.0 -6.0 -6.0 -6.0 -6.0 -6.0 -6.0 -6.0 -6.0 -6.0 -6.0 -6.0 -6.0 -6.0 -6.0 -6.0 -6.0 -6.0 -6.0 -6.0
-6.0 -6.0 -6.0 -6.0 -6.0 -6.0 -6.0 -6.0 -6.0 -6.0 -6.0 -6.0 -6.0 -6.0 -6.0 -6.0 -6.0 -6.0 -6.0 -6.0 -6.0 -6.0 -6.0 -6.0 -6.0 -6.0 -6.0 -6.0 -6.0 -6.0 -6.0 -6.0 -6.0 -6.0 -6.0 -6.0 -6.0 -6.0 -6.0 -6.0 -0.60546 6.82286 10.57593 12.4005 12.72135 12.86196 13.26306 13.49121 14.12713 14.52432 14.6905 14.78905 14.83009 14.78438 13.89871 12.90332 12.17861 11.47526 10.91394 9.75128 8.56339 7.12616 6.07657 5.60196 5.30463 4.84338 4.30657 3.58209 3.44642 3.59788 3.94976 4.20537 4.2847 4.13536 3.74274 4.38035 4.85515 4.78475 4.23169 4.15409 4.27258 4.21128 3.73433 3.39514 3.29263 3.71713 4.3148 5.19025 7.71749 6.42817 4.40425 2.42207 2.10497 2.05768 2.04038 2.16363 2.24088 2.4098 2.76414 3.0976 3.22411 4.07652 4.95758 5.20511 5.32834 5.51896 5.55227 5.42703 4.52148 3.56459 2.36704 1.47981 1.1118 0.92457 0.82963 0.8831 0.86667 1.03259 1.64482 2.03947 2.39447 2.8617 3.32446 3.6751 3.90721 3.65475 3.29704 3.13327 3.24663 2.68583 2.63569 2.1236 1.33292 0.50097 0.14053 -0.11909 -0.47207 -0.70464 -0.90405 -1.12722 -1.28463 -1.66187 -1.87094 -3.03483 -3.18792 -6.0 -6.0 -6.0 -6.0 -6.0 -6.0 -6.0 -6.0 -6.0 -6.0 -6.0 -6.0 -6.0 -6.0 -6.0 -6.0 -6.0 -6.0 -6.0 -6.0 -6.0 -6.0 -6.0 -6.0 -6.0 -6.0 -6.0 -6.0 -6.0 -6.0 -6.0 -6.0 -6.0 -6.0 -6.0 -6.0 -6.0 -6.0 -6.0 -6.0 -6.0 -6.0 -6.0 -6.0 -6.0 -6.0 -6.0 -6.0 -6.0 -6.0 -6.0 -6.0 -6.0 -6.0 -6.0 -6.0 -6.0 -6.0 -6.0 -6.0 -6.0 -6.0 -6.0 -6.0 -6.0 -6.0 -6.0 -6.0 -6.0 -6.0 -6.0 -6.0 -6.0 -6.0 -6.0 -6.0 -6.0
-6.0 -6.0 -6.0 -6.0 -6.0 -6.0 -6.0 -6.0 -6.0 -6.0 -6.0 -6.0 -6.0 -6.0 -6.0 -6.0 -6.0 -6.0 -6.0 -6.0 -6.0 -6.0 -6.0 -6.0 -6.0 -6.0 -6.0 -6.0 -6.0 -6.0 -6.0 -6.0 -6.0 -6.0 -6.0 -6.0 -6.0 -6.0 -5.96729 -1.34229 4.13371 11.2125 11.70642 12.34946 12.80856 13.12261 13.84218 14.20606 14.56095 14.80221 14.82847 14.77827 14.43179 14.06173 11.98097 10.319 9.6943 9.31716 8.54141 6.61787 4.99273 3.2867 2.3074 1.98019 1.85846 1.62865 1.40448 1.18443 1.12338 1.18701 1.44804 1.61402 1.88229 2.6328 2.84111 4.01608 4.89919 4.28556 3.01221 2.7638 2.56855 2.46618 2.25656 2.16862 2.27598 2.39713 2.64283 3.32498 5.76463 5.32971 3.71395 1.69939 1.33784 1.35196 1.36131 1.6193 1.70653 1.77725 1.88282 1.98486 2.17966 3.36146 3.97427 4.09845 4.50487 4.91321 5.20551 5.07493 3.90556 3.26533 2.41784 1.43112 0.98048 0.84645 0.70484 0.65289 0.60178 0.5222 0.61913 0.95698 1.13799 1.35872 1.68687 1.93474 2.24918 2.56605 3.05331 3.36411 3.28695 2.85881 2.69296 2.46022 1.7028 1.08735 0.85842 0.50086 0.03486 -0.23658 -0.48982 -0.67413 -0.78407 -0.58647 -0.53486 -1.01675 -1.4187 -2.01529 -2.31959 -2.31672 -2.35579 -2.3657 -2.38118 -5.96431 -5.96503 -5.96747 -5.96695 -5.96513 -5.96512 -5.96552 -5.9664 -5.9675 -6.0 -6.0 -6.0 -6.0 -6.0 -6.0 -6.0 -6.0 -6.0 -6.0 -6.0 -6.0 -6.0 -6.0 -6.0 -6.0 -6.0 -6.0 -6.0 -6.0 -6.0 -6.0 -6.0 -6.0 -6.0 -6.0 -6.0 -6.0 -6.0 -6.0 -6.0 -6.0 -6.0 -6.0 -6.0 -6.0 -6.0 -6.0 -6.0 -6.0 -6.0 -6.0 -6.0 -6.0 -6.0 -6.0 -6.0 -6.0 -6.0 -6.0 -6.0 -6.0 -6.0 -6.0 -6.0 -6.0 -6.0 -6.0 -6.0 -6.0 -6.0 -6.0
-6.0 -6.0 -6.0 -6.0 -6.0 -6.0 -6.0 -6.0 -6.0 -6.0 -6.0 -6.0 -6.0 -6.0 -6.0 -6.0 -6.0 -6.0 -6.0 -6.0 -6.0 -6.0 -6.0 -6.0 -6.0 -6.0 -6.0 -6.0 -6.0 -6.0 -6.0 -6.0 -6.0 -6.0 -6.0 -6.0 -6.0 -6.0 -3.69942 4.91991 10.78461 11.81304 11.87567 12.91134 13.71274 13.91846 14.18879 14.43993 14.75337 14.81448 14.78208 14.38181 12.29096 10.57558 8.59227 7.81246 6.39852 5.18448 3.89549 2.46877 2.07711 1.89192 1.87936 1.84154 1.76959 1.64254 1.55582 1.50883 1.47642 1.38198 1.42283 1.26998 1.4283 1.74115 2.05478 3.15815 5.0718 4.8694 3.21808 2.61925 2.03468 1.86103 1.79162 1.71145 1.7206 1.75174 1.89105 2.05408 2.66699 3.10578 2.99921 2.27151 1.91382 1.58171 1.32429 1.09135 1.07487 1.05844 1.1004 1.16868 1.27502 1.74601 1.99953 2.08946 2.44721 3.42358 4.96309 4.42364 2.71468 1.98213 1.81707 1.27183 1.02676 1.031 0.93498 0.82213 0.64697 0.46302 0.53524 0.80826 0.95066 1.12631 1.1798 1.10596 1.14416 1.20157 1.39018 1.53303 1.86121 2.19655 2.48289 2.55354 2.51298 2.23072 1.54887 1.1285 1.3352 0.62742 0.13089 -0.03431 -0.04272 0.15892 0.21767 -0.21371 -0.5392 -0.90486 -1.1242 -1.17589 -1.2889 -1.40672 -1.47672 -1.58128 -1.97138 -2.08856 -1.86791 -1.67014 -1.62894 -1.72143 -1.97847 -2.07709 -5.00182 -5.06816 -5.074 -5.07562 -6.0 -6.0 -6.0 -6.0 -6.0 -6.0 -6.0 -6.0 -6.0 -6.0 -6.0 -6.0 -6.0 -6.0 -6.0 -6.0 -6.0 -6.0 -6.0 -6.0 -6.0 -6.0 -6.0 -6.0 -6.0 -6.0 -6.0 -6.0 -6.0 -6.0 -6.0 -6.0 -6.0 -6.0 -6.0 -6.0 -6.0 -6.0 -6.0 -6.0 -6.0 -6.0 -6.0 -6.0 -6.0 -6.0 -6.0 -6.0 -6.0 -6.0 -6.0 -6.0 -6.0 -6.0 -6.0 -6.0 -6.0 -6.0
-6.0 -6.0 -6.0 -6.0 -6.0 -6.0 -6.0 -6.0 -6.0 -6.0 -6.0 -6.0 -6.0 -6.0 -6.0 -6.0 -6.0 -6.0 -6.0 -6.0 -6.0 -5.08017 -3.57577 -3.76256 -4.00827 -6.0 -6.0 -6.0 -6.0 -6.0 -6.0 -6.0 -6.0 -6.0 -6.0 -6.0 -6.0 -3.60133 2.18615 10.14435 11.608 11.98713 12.67117 13.69804 13.90131 14.10049 14.36163 14.58007 14.71627 14.57884 13.59689 10.83431 7.17378 5.53673 3.35096 2.6435 2.31378 2.11096 2.00395 1.90186 1.95765 1.92224 1.87734 1.81129 1.75802 1.71535 1.66127 1.53902 1.52267 1.52338 1.48196 1.43603 1.348 1.3221 1.58196 2.34738 4.71098 5.37264 3.80798 2.75616 2.03592 1.88013 1.84965 1.84072 1.74884 1.64587 1.59614 1.64365 1.73178 2.32353 2.70683 2.36883 2.04622 1.81444 1.65581 1.34795 1.29729 1.16335 1.15029 1.47568 1.53836 1.62082 1.51071 1.46803 1.74679 2.86978 5.11352 4.51558 2.43952 1.62597 1.55584 1.33731 1.19504 1.07604 0.93385 0.87675 0.76993 0.60507 0.59839 0.71767 0.83383 1.1178 1.31689 1.09369 0.99888 0.92759 0.87786 0.78694 0.78917 1.05701 1.25768 1.68614 2.08346 2.27865 2.13049 1.95466 1.71961 1.35602 0.90781 0.62063 0.65519 0.63069 0.64529 0.58615 0.22782 -0.2381 -0.39469 -0.60313 -0.76506 -0.97479 -1.04047 -1.09383 -1.18051 -1.16268 -1.15557 -1.11734 -1.13817 -1.21051 -1.40637 -1.57798 -1.71617 -1.85724 -1.94765 -1.96941 -2.05907 -3.17398 -6.0 -6.0 -6.0 -6.0 -6.0 -6.0 -6.0 -6.0 -6.0 -6.0 -6.0 -6.0 -6.0 -6.0 -6.0 -6.0 -6.0 -6.0 -6.0 -6.0 -6.0 -6.0 -6.0 -6.0 -6.0 -6.0 -6.0 -6.0 -6.0 -6.0 -6.0 -6.0 -6.0 -6.0 -6.0 -6.0 -6.0 -6.0 -6.0 -6.0 -6.0 -6.0 -6.0 -6.0 -6.0 -6.0 -6.0 -6.0 -6.0 -6.0 -6.0 -6.0 -6.0 -6.0 -6.0 -6.0
-6.0 -6.0 -6.0 -6.0 -6.0 -6.0 -6.0 -6.0 -6.0 -6.0 -6.0 -6.0 -6.0 -6.0 -6.0 -6.0 -3.2716 -3.25925 -4.19435 -6.0 -6.0 -1.90752 3.04964 1.65727 -0.47212 -3.07366 -6.0 -6.0 -6.0 -6.0 -6.0 -6.0 -6.0 -6.0 -6.0 -6.0 -3.2704 1.98411 6.89906 10.80714 11.33082 12.92934 13.84546 13.96944 13.89495 13.92528 14.19327 14.43181 14.36742 13.48063 9.31015 5.67685 2.44858 1.67874 1.40829 1.45715 1.6044 1.69397 1.73762 1.88874 1.90513 1.93009 1.90008 1.84633 1.78624 1.74174 1.74445 1.64146 1.5674 1.53039 1.49317 1.52211 1.54171 1.54897 1.46629 1.55831 3.88923 5.20236 4.31695 2.9376 1.94318 1.85074 1.80536 1.78486 1.84802 1.8101 1.80749 1.79328 1.70397 2.13243 2.52792 2.42476 2.1229 1.86803 1.71115 1.50527 1.63126 1.61767 1.48894 1.5312 1.53806 1.53686 1.51424 1.57296 1.66072 2.33317 4.75678 5.11821 2.70899 1.53892 1.64533 1.43779 1.23555 1.08817 0.93908 0.92141 0.85523 0.70074 0.66756 0.69133 0.75181 0.97128 1.119 1.02989 0.89399 0.8457 0.83482 0.77963 0.63143 0.54433 0.40907 0.43195 0.98728 1.61811 1.89442 2.02035 2.08861 1.89237 1.32805 1.1176 0.78603 0.6207 0.7546 0.89383 0.63528 0.36749 0.23101 -0.07498 -0.3296 -0.50466 -0.77058 -0.79262 -0.8931 -0.93211 -0.93118 -0.95461 -1.03887 -1.08872 -1.22817 -1.38036 -1.50008 -1.52058 -1.56248 -1.6647 -1.72654 -1.81359 -4.12504 -6.0 -6.0 -6.0 -6.0 -6.0 -6.0 -6.0 -6.0 -6.0 -6.0 -6.0 -6.0 -6.0 -6.0 -6.0 -6.0 -6.0 -6.0 -6.0 -6.0 -6.0 -6.0 -6.0 -6.0 -6.0 -6.0 -6.0 -6.0 -6.0 -6.0 -6.0 -6.0 -6.0 -6.0 -6.0 -6.0 -6.0 -6.0 -6.0 -6.0 -6.0 -6.0 -6.0 -6.0 -6.0 -6.0 -6.0 -6.0 -6.0 -6.0 -6.0 -6.0 -6.0 -6.0 -6.0
-6.0 -6.0 -6.0 -6.0 -6.0 -6.0 -6.0 -6.0 -6.0 -6.0 -6.0 -6.0 -5.96653 -2.37953 -2.18296 0.37901 2.99939 3.79413 1.54526 -1.34505 -1.14216 -0.47812 2.94634 1.87787 -0.38961 -3.06821 -6.0 -6.0 -6.0 -6.0 -6.0 -6.0 -6.0 -6.0 -6.0 -6.0 -2.19504 0.61763 5.94696 11.30668 12.52658 13.88957 14.21979 14.18352 14.01251 13.86791 13.9729 14.13808 12.97066 8.44331 4.52508 2.38732 1.55006 1.497 1.47524 1.50789 1.63584 1.73594 1.75684 1.84002 1.85911 1.94157 1.92869 1.83546 1.76632 1.77674 1.80477 1.73742 1.68526 1.6061 1.51921 1.51202 1.52049 1.58352 1.51698 1.60793 3.3662 4.82702 4.56253 3.04527 1.85763 1.80587 1.80927 1.79088 1.82454 1.67193 1.70826 1.64696 1.65242 1.79103 2.25512 2.31655 2.02928 1.84304 1.71887 1.56825 1.56456 1.56617 1.61802 1.65901 1.72215 1.69217 1.55191 1.49187 1.68956 2.03461 3.94029 5.43518 3.59571 1.84168 1.69716 1.70508 1.39705 1.25995 1.19992 1.07453 0.94959 0.8041 0.75674 0.70809 0.74192 0.92146 0.94661 0.99271 0.93239 0.8834 0.87679 0.82308 0.67491 0.59349 0.4309 0.29079 0.28461 0.51807 1.15647 1.74858 1.93892 1.88986 1.699 1.32066 1.06095 0.91622 0.76917 0.68511 0.67779 0.55541 0.49224 0.35784 0.28124 0.09197 -0.21917 -0.41962 -0.56944 -0.66516 -0.69919 -0.75594 -0.90706 -1.00579 -1.173 -1.30978 -1.44623 -1.54272 -1.72793 -1.87936 -1.78214 -1.76031 -1.86881 -2.19743 -5.96734 -5.96448 -6.0 -6.0 -6.0 -6.0 -6.0 -6.0 -6.0 -6.0 -6.0 -6.0 -6.0 -6.0 -6.0 -6.0 -6.0 -6.0 -6.0 -6.0 -6.0 -6.0 -6.0 -6.0 -6.0 -6.0 -6.0 -6.0 -6.0 -6.0 -6.0 -6.0 -6.0 -6.0 -6.0 -6.0 -6.0 -6.0 -6.0 -6.0 -6.0 -6.0 -6.0 -6.0 -6.0 -6.0 -6.0 -6.0 -6.0 -6.0 -6.0 -6.0 -6.0 -6.0
-6.0 -6.0 -6.0 -6.0 -6.0 -6.0 -6.0 -6.0 -6.0 -6.0 -6.0 -6.0 -0.83539 3.59211 5.63606 6.48334 7.48888 7.96382 6.39725 2.40113 -1.60833 -3.14961 -1.74183 -2.81754 -2.13122 -6.0 -6.0 -6.0 -6.0 -6.0 -6.0 -6.0 -6.0 -6.0 -6.0 -2.61536 3.10251 7.30443 10.351 13.61448 14.32312 14.36999 14.49388 14.3924 14.19154 13.96337 13.86329 13.49164 9.53605 4.55199 2.20794 1.59278 1.74825 1.69577 1.53687 1.56315 1.67241 1.74537 1.7714 1.85481 1.9078 1.92497 1.93111 1.869 1.82159 1.83176 1.81918 1.7716 1.74432 1.65827 1.64124 1.57104 1.61657 1.60557 1.57678 1.59718 3.13011 4.3971 4.22576 2.86748 1.83734 1.83765 1.85116 1.82877 1.82336 1.73804 1.66647 1.65623 1.71219 1.70222 1.96706 2.04217 1.86558 1.78778 1.7711 1.675 1.62377 1.71292 1.71026 1.56558 1.76308 1.62533 1.52242 1.49611 1.67663 1.71315 2.82623 4.56379 4.36964 2.44753 1.63596 1.60399 1.39459 1.27255 1.23774 1.21277 1.17036 0.97476 0.85182 0.82375 0.825 0.92631 0.95679 0.9599 0.91301 0.85088 0.81991 0.75829 0.58597 0.49301 0.28704 0.1124 0.01855 0.14076 0.52666 0.91038 1.63032 1.83205 1.57181 1.42597 1.1244 1.03096 0.7599 0.52068 0.62656 0.69677 0.59982 0.53495 0.49814 0.48646 0.32456 0.21655 0.10499 -0.12677 -0.30334 -0.48126 -0.72291 -0.87556 -1.21173 -1.37307 -1.42454 -1.55515 -1.85668 -5.02388 -1.9715 -1.70209 -1.85673 -2.1918 -1.77644 -1.09724 -6.0 -6.0 -6.0 -6.0 -6.0 -6.0 -6.0 -6.0 -6.0 -6.0 -6.0 -6.0 -6.0 -6.0 -6.0 -6.0 -6.0 -6.0 -6.0 -6.0 -6.0 -6.0 -6.0 -6.0 -6.0 -6.0 -6.0 -6.0 -6.0 -6.0 -6.0 -6.0 -6.0 -6.0 -6.0 -6.0 -6.0 -6.0 -6.0 -6.0 -6.0 -6.0 -6.0 -6.0 -6.0 -6.0 -6.0 -6.0 -6.0 -6.0 -6.0 -6.0
-6.0 -6.0 -6.0 -6.0 -6.0 -6.0 -6.0 -6.0 -6.0 -6.0 -6.0 -5.06655 2.25252 8.41763 9.66178 9.858 9.8272 8.24505 4.31781 0.16948 -4.11504 -6.0 -6.0 -6.0 -6.0 -6.0 -6.0 -6.0 -6.0 -6.0 -6.0 -6.0 -6.0 -6.0 -4.17656 -0.74351 7.77995 11.13953 12.88626 14.5858 14.74618 14.68484 14.70859 14.53687 14.32249 14.03583 13.33515 11.24024 7.23101 3.04819 1.84064 1.53843 1.75918 1.73981 1.57949 1.55308 1.62172 1.72026 1.78061 1.85508 1.87758 1.86838 1.88636 1.8859 1.85261 1.83484 1.81265 1.75926 1.73639 1.67984 1.67485 1.64399 1.64592 1.6271 1.7471 2.02101 3.40821 4.28982 3.675 2.51731 1.80137 1.82764 1.85697 1.84266 1.81747 1.77628 1.69686 1.60506 1.7386 1.75517 1.79637 2.07627 2.0474 1.83056 1.77675 1.6784 1.63485 1.77603 1.59394 1.49813 1.6274 1.59053 1.53627 1.59843 1.75931 1.71545 2.21402 3.46057 5.00754 3.63723 1.84657 1.53205 1.35894 1.33436 1.28609 1.25751 1.23226 1.06307 0.9305 0.86454 0.83288 0.85794 0.88413 0.86614 0.9219 1.16194 0.88309 0.72995 0.55974 0.47565 0.31873 0.14985 0.04412 0.15294 0.42829 0.614 1.2171 1.91496 1.71245 1.51552 1.14939 0.99635 0.7791 0.52001 0.49958 0.41168 0.30414 0.22974 0.17709 -0.08356 0.02442 0.17527 0.16834 0.00234 -0.4136 -0.78893 -1.13942 -1.30727 -1.72021 -1.6851 -1.58108 -1.57333 -1.60532 -1.76247 -1.25384 -0.30216 0.52764 0.31162 0.09787 0.14344 -1.74724 -5.02414 -6.0 -6.0 -6.0 -6.0 -6.0 -6.0 -6.0 -6.0 -6.0 -6.0 -6.0 -6.0 -6.0 -6.0 -6.0 -6.0 -6.0 -6.0 -6.0 -6.0 -6.0 -6.0 -6.0 -6.0 -6.0 -6.0 -6.0 -6.0 -6.0 -6.0 -6.0 -6.0 -6.0 -6.0 -6.0 -6.0 -6.0 -6.0 -6.0 -6.0 -6.0 -6.0 -6.0 -6.0 -6.0 -6.0 -6.0 -6.0 -6.0 -6.0
-6.0 -6.0 -6.0 -6.0 -6.0 -6.0 -6.0 -6.0 -6.0 -6.0 -6.0 -5.12278 1.56167 8.27999 10.78949 11.07206 11.00752 9.48495 5.7021 0.87766 -5.99397 -6.0 -6.0 -6.0 -6.0 -6.0 -6.0 -6.0 -6.0 -6.0 -6.0 -6.0 -6.0 -6.0 -2.71276 3.56386 10.71271 13.62765 14.48901 14.8163 14.83033 14.82989 14.81109 14.55862 14.2787 13.76355 11.1736 8.2384 5.40729 2.06999 1.74792 1.60524 1.63875 1.67272 1.66157 1.659 1.63902 1.69191 1.72792 1.82775 1.80493 1.80401 1.8335 1.87201 1.84174 1.80778 1.79721 1.74613 1.72646 1.71868 1.70904 1.73512 1.68415 1.68782 1.93182 3.2586 4.37594 4.46447 2.77762 1.89549 1.8024 1.81001 1.82766 1.82469 1.82396 1.74888 1.74167 1.75574 1.64303 1.68096 1.71355 2.31869 2.48754 1.93455 1.89768 1.72904 1.63155 1.70578 1.54757 1.44394 1.46578 1.68984 1.57551 1.64249 1.72104 1.63933 1.62998 2.3996 4.87718 4.96418 2.50498 1.7417 1.22317 1.20751 1.1759 1.15739 1.1226 0.97948 0.88337 0.8077 0.77442 0.77935 0.81289 0.77142 0.81126 0.87251 0.87548 0.84204 0.69561 0.61972 0.49892 0.3287 0.14457 0.16145 0.32051 0.48588 0.79248 1.90427 1.92454 1.48869 1.03295 0.84361 0.73561 0.70588 0.68486 0.54088 0.29705 -0.14307 -0.28373 -0.49045 -0.66548 -0.78686 -0.49463 -0.06418 -0.57718 -1.17296 -1.72863 -2.04083 -2.14266 -1.62812 -1.41316 -1.08628 0.14496 1.30812 2.39384 2.25013 1.50277 0.33569 0.51713 1.54031 -1.05396 -1.6693 -1.32013 -6.0 -6.0 -6.0 -6.0 -6.0 -6.0 -6.0 -6.0 -6.0 -6.0 -6.0 -6.0 -6.0 -6.0 -6.0 -6.0 -6.0 -6.0 -6.0 -6.0 -6.0 -6.0 -6.0 -6.0 -6.0 -6.0 -6.0 -6.0 -6.0 -6.0 -6.0 -6.0 -6.0 -6.0 -6.0 -6.0 -6.0 -6.0 -6.0 -6.0 -6.0 -6.0 -6.0 -6.0 -6.0 -6.0 -6.0 -6.0 -6.0
-6.0 -6.0 -6.0 -6.0 -6.0 -6.0 -6.0 -6.0 -6.0 -6.0 -6.0 -6.0 -1.54202 6.79963 10.66553 10.95655 10.93056 10.52557 8.74868 4.24843 -2.19272 -6.0 -6.0 -6.0 -6.0 -6.0 -6.0 -6.0 -6.0 -6.0 -6.0 -6.0 -6.0 -2.18922 1.17629 7.76742 12.75334 14.4469 14.82785 14.83101 14.83101 14.83041 14.80168 14.50585 14.09034 13.06884 9.34142 6.06171 3.29356 1.84165 1.73323 1.66289 1.71362 1.77887 1.80691 1.7643 1.7038 1.70103 1.72804 1.74642 1.72467 1.70968 1.74398 1.80116 1.81753 1.80224 1.76248 1.69206 1.67978 1.71219 1.74571 1.78596 1.73326 1.77728 2.13723 3.60959 4.20585 3.78518 2.26222 1.75635 1.78845 1.79576 1.80865 1.79766 1.82608 1.75003 1.79287 1.72271 1.73671 1.65487 1.64765 1.94889 2.04906 1.95182 1.98409 1.76309 1.68921 1.71934 1.6034 1.51051 1.48858 1.5597 1.47459 1.52021 1.47404 1.386 1.45291 1.82379 3.82186 5.35979 3.5085 2.00379 1.08186 1.01012 0.92652 0.91936 0.90272 0.86554 0.81963 0.78606 0.83943 0.85731 0.88833 0.79031 0.72854 0.79222 0.80987 0.78352 0.78405 0.70939 0.54011 0.46661 0.33721 0.29181 0.30926 0.40962 0.56958 1.34073 2.09964 1.55549 1.17294 1.18707 1.18893 1.12956 1.10897 1.11421 0.93543 0.72174 0.56072 0.08182 -0.21154 -0.41908 -0.37877 -0.1276 -0.58334 -1.09049 -1.54773 -1.8011 -1.9472 -1.34737 0.76852 1.78883 1.73138 1.31698 0.19068 1.29608 1.79931 2.00106 0.89133 -0.18999 -1.04087 -1.81877 -2.07842 -6.0 -6.0 -6.0 -6.0 -6.0 -6.0 -6.0 -6.0 -6.0 -6.0 -6.0 -6.0 -6.0 -6.0 -6.0 -6.0 -6.0 -6.0 -6.0 -6.0 -6.0 -6.0 -6.0 -6.0 -6.0 -6.0 -6.0 -6.0 -6.0 -6.0 -6.0 -6.0 -6.0 -6.0 -6.0 -6.0 -6.0 -6.0 -6.0 -6.0 -6.0 -6.0 -6.0 -6.0 -6.0 -6.0 -6.0 -6.0 -6.0
-6.0 -6.0 -6.0 -6.0 -6.0 -6.0 -6.0 -6.0 -6.0 -6.0 -6.0 -6.0 -3.30387 3.77281 8.31716 10.9199 11.07011 11.19299 10.59959 7.42128 1.22404 -0.78405 -1.81097 -4.96387 -5.06777 -5.06841 -5.0706 -5.07131 -5.07258 -5.07259 -5.07377 -5.07246 -5.06586 -1.28092 5.07781 10.97661 14.05263 14.67967 14.82934 14.831 14.83 14.75882 14.6714 14.33506 13.6654 11.71587 7.60936 4.05169 2.07067 1.9466 2.02051 2.04209 1.86313 1.84219 1.88266 1.82758 1.73163 1.72633 1.74449 1.69915 1.69833 1.68816 1.70469 1.74766 1.75848 1.7392 1.73386 1.69493 1.68585 1.70831 1.70869 1.7339 1.6967 1.79066 2.2972 3.76738 3.952 3.26285 1.98134 1.72303 1.76872 1.77294 1.78111 1.76775 1.82588 1.77345 1.80066 1.69591 1.72486 1.64764 1.62598 1.7133 1.76324 1.909 1.96742 1.75918 1.69761 1.73693 1.62674 1.55671 1.52789 1.47434 1.51292 1.56106 1.38893 1.35073 1.41725 1.53081 3.04377 5.13378 4.71176 2.6119 1.03648 0.88389 0.84955 0.86229 0.8896 1.0587 1.25551 1.47073 1.67499 1.63887 1.618 1.60623 1.65353 1.30142 0.88494 0.74742 0.77584 0.70659 0.56068 0.52381 0.46369 0.42022 0.33381 0.28863 0.37549 0.65076 1.52482 2.00902 1.43884 1.70924 1.88659 1.84496 1.77713 1.84021 1.75786 1.73495 1.60435 0.91117 0.46594 0.10669 -0.01775 0.16569 -0.13327 -0.58984 -0.69928 -0.29414 -0.26475 -0.18022 1.34718 1.90999 1.98924 1.44971 1.0622 0.8585 0.24263 -0.1774 -0.57297 -0.73947 -0.91862 -1.93694 -6.0 -6.0 -6.0 -6.0 -6.0 -6.0 -6.0 -6.0 -6.0 -6.0 -6.0 -6.0 -6.0 -6.0 -6.0 -6.0 -6.0 -6.0 -6.0 -6.0 -6.0 -6.0 -6.0 -6.0 -6.0 -6.0 -6.0 -6.0 -6.0 -6.0 -6.0 -6.0 -6.0 -6.0 -6.0 -6.0 -6.0 -6.0 -6.0 -6.0 -6.0 -6.0 -6.0 -6.0 -6.0 -6.0 -6.0 -6.0 -6.0 -6.0
-6.0 -6.0 -6.0 -6.0 -6.0 -6.0 -6.0 -6.0 -6.0 -6.0 -6.0 -6.0 -6.0 -0.86128 3.70759 10.135 11.11656 12.01738 12.28298 12.18008 10.65496 7.11975 3.92337 1.90285 1.99567 1.96629 1.73497 1.57247 1.29714 1.1085 0.79562 1.11467 2.02195 5.05291 11.27305 13.46239 14.71625 14.82729 14.831 14.83102 14.82743 14.65641 14.38848 13.90095 12.64343 8.96172 5.48484 3.04758 2.44585 2.5175 2.43494 2.37294 2.26609 2.20038 2.04145 1.88934 1.72403 1.74652 1.74049 1.70047 1.6867 1.67021 1.6454 1.61802 1.66496 1.69786 1.71371 1.70358 1.64604 1.62046 1.55593 1.53739 1.52633 1.69913 2.79865 4.13745 3.54025 2.64714 1.85259 1.75899 1.76421 1.74568 1.72003 1.69977 1.71536 1.7983 1.74863 1.65466 1.62899 1.64352 1.6838 1.69906 1.72222 1.76872 1.80737 1.79327 1.7215 1.72578 1.62269 1.59656 1.56433 1.50332 1.57348 1.68475 1.47022 1.408 1.51723 1.40861 1.94648 2.79095 3.10255 2.74427 2.18465 2.48823 2.49014 2.68755 2.70561 2.575 2.6309 3.21949 3.35749 2.25253 1.46816 2.49281 3.4152 3.18581 2.59431 1.62387 0.88732 0.62056 0.52702 0.47778 0.50887 0.50334 0.20699 0.11581 0.19262 0.34235 0.83711 1.79787 1.98634 1.87388 2.14167 2.32813 2.13758 2.12404 2.10441 1.98546 1.97736 1.90877 1.44373 1.33191 1.37774 1.87707 1.80298 1.1297 0.86409 1.11356 0.97314 1.15319 0.9339 1.44761 1.75894 0.6833 0.19151 0.18092 0.1181 -0.21937 -0.39189 -0.60198 -0.82946 -1.45525 -1.67755 -6.0 -6.0 -6.0 -6.0 -6.0 -6.0 -6.0 -6.0 -6.0 -6.0 -6.0 -6.0 -6.0 -6.0 -6.0 -6.0 -6.0 -6.0 -6.0 -6.0 -6.0 -6.0 -6.0 -6.0 -6.0 -6.0 -6.0 -6.0 -6.0 -6.0 -6.0 -6.0 -6.0 -6.0 -6.0 -6.0 -6.0 -6.0 -6.0 -6.0 -6.0 -6.0 -6.0 -6.0 -6.0 -6.0 -6.0 -6.0 -6.0
-6.0 -6.0 -6.0 -6.0 -6.0 -6.0 -6.0 -6.0 -6.0 -6.0 -6.0 -6.0 -6.0 -6.0 1.06662 6.24799 8.02182 10.45191 11.14991 11.46437 11.69995 11.65898 10.88549 8.16486 8.4894 8.04997 7.99728 8.13136 7.17702 6.76041 6.57495 7.02649 9.09141 12.25357 13.32555 14.22681 14.79265 14.83082 14.831 14.83103 14.8273 14.64048 14.33876 13.49562 11.46301 7.09284 4.53333 3.2698 2.57965 2.4611 2.22829 1.96119 2.25503 2.28732 2.01727 1.84614 1.68193 1.69293 1.69619 1.68363 1.64144 1.5967 1.58315 1.56029 1.66435 1.72863 1.7138 1.60089 1.52307 1.51624 1.49455 1.48152 1.47863 1.66707 2.93648 4.11898 2.99071 2.29242 1.82151 1.81456 1.78059 1.73763 1.69157 1.65303 1.61744 1.74412 1.70618 1.5918 1.62585 1.62476 1.66136 1.75011 1.76371 1.74317 1.71003 1.80303 1.75979 1.69952 1.64398 1.62292 1.57356 1.53618 1.52678 1.6308 1.4986 1.34852 1.41858 1.50529 1.42447 1.36784 1.25237 3.23265 3.21623 3.86218 3.74804 3.82827 2.50686 2.04056 2.1024 2.57997 2.90799 2.88958 3.01674 3.34462 3.4637 3.58768 3.23602 2.63068 1.67249 1.04953 0.58278 0.44173 0.411 0.29048 0.03301 0.1038 0.26301 0.77706 1.27377 1.15858 1.58528 2.0092 2.27663 2.41082 2.61751 2.60636 2.28872 2.3532 2.41637 2.49783 2.1543 1.81003 2.32163 2.86596 2.40002 1.35042 1.18264 1.4379 1.62229 1.63161 1.46292 0.88547 0.80032 0.5961 0.4713 0.61719 0.50445 -0.01262 -0.34573 -0.63315 -0.79667 -1.09167 -0.8717 -6.0 -6.0 -6.0 -6.0 -6.0 -6.0 -6.0 -6.0 -6.0 -6.0 -6.0 -6.0 -6.0 -6.0 -6.0 -6.0 -6.0 -6.0 -6.0 -6.0 -6.0 -6.0 -6.0 -6.0 -6.0 -6.0 -6.0 -6.0 -6.0 -6.0 -6.0 -6.0 -6.0 -6.0 -6.0 -6.0 -6.0 -6.0 -6.0 -6.0 -6.0 -6.0 -6.0 -6.0 -6.0 -6.0 -6.0 -6.0 -6.0
-6.0 -6.0 -6.0 -6.0 -6.0 -6.0 -6.0 -6.0 -6.0 -6.0 -6.0 -6.0 -6.0 -6.0 -4.22179 -0.96957 0.75716 2.89371 3.35521 3.63354 4.0644 4.40718 4.53557 4.7047 6.05618 4.83544 5.15021 5.65512 4.8568 4.92216 5.59629 5.66169 6.74169 13.03046 15.07272 14.88547 14.8306 14.831 14.831 14.83103 14.82645 14.59542 14.23291 12.45078 9.0157 4.03127 2.53396 1.96962 1.69578 1.67955 1.6637 1.67787 1.67688 1.66109 1.67137 1.63814 1.53637 1.57242 1.62818 1.59655 1.57082 1.60268 1.63968 1.68976 1.7045 1.56207 1.52993 1.52872 1.48607 1.45685 1.46159 1.44471 1.47902 1.57687 2.30231 3.8337 2.37144 1.84924 1.85954 1.86597 1.79078 1.73136 1.66738 1.65135 1.64203 1.62487 1.65506 1.61288 1.4511 1.45721 1.47898 1.776 1.92753 1.86973 1.78099 1.66343 1.63787 1.60233 1.62149 1.62377 1.57548 1.53444 1.52689 1.60513 1.55351 1.43119 1.49322 1.60875 1.47286 1.49835 1.43599 2.90103 4.69888 3.81531 3.49951 3.59253 3.38155 3.80138 3.99855 2.27208 0.9748 1.50105 1.5012 1.32097 1.87204 3.61687 4.16597 3.48242 3.14858 2.8663 1.4854 0.9816 0.6545 0.55358 0.89265 1.21574 1.71478 2.92089 2.58138 1.74358 2.43124 2.63035 2.40791 2.26428 2.02295 1.9459 1.91999 2.00797 2.36052 2.98522 3.48673 3.32722 2.71498 2.55871 2.83539 2.595 1.94014 1.2641 0.68201 1.05715 1.3707 1.44225 1.68052 1.46021 1.39464 1.56818 1.43251 0.77951 0.24856 -0.48137 -0.71108 -0.94984 -0.69147 -6.0 -6.0 -6.0 -6.0 -6.0 -6.0 -6.0 -6.0 -6.0 -6.0 -6.0 -6.0 -6.0 -6.0 -6.0 -6.0 -6.0 -6.0 -6.0 -6.0 -6.0 -6.0 -6.0 -6.0 -6.0 -6.0 -6.0 -6.0 -6.0 -6.0 -6.0 -6.0 -6.0 -6.0 -6.0 -6.0 -6.0 -6.0 -6.0 -6.0 -6.0 -6.0 -6.0 -6.0 -6.0 -6.0 -6.0 -6.0 -6.0
-6.0 -6.0 -6.0 -6.0 -6.0 -6.0 -6.0 -6.0 -6.0 -6.0 -6.0 -6.0 -6.0 -6.0 -6.0 -6.0 -6.0 -3.30353 -3.30411 -3.30486 -3.30327 -3.30059 -3.30054 -3.24311 -0.09369 -0.21803 -2.06055 -3.28925 -3.2972 -3.29855 -3.2201 -2.78811 0.05309 11.96264 15.85092 15.03738 14.83131 14.831 14.831 14.83054 14.79244 14.47193 14.02889 11.67729 7.64663 2.75567 1.81888 1.73014 1.58817 1.69956 1.59251 1.60194 1.58395 1.58576 1.62179 1.57367 1.51765 1.60672 1.61772 1.57913 1.51726 1.6338 1.68907 1.7362 1.75898 1.57931 1.54368 1.59704 1.55696 1.49261 1.48231 1.43699 1.47396 1.5369 1.82845 3.75584 2.43049 1.91244 1.8768 1.87166 1.8156 1.77934 1.72704 1.67855 1.62962 1.62952 1.64525 1.61627 1.49221 1.49981 1.53163 1.7447 1.85213 1.81637 1.74051 1.63736 1.57868 1.51941 1.51544 1.56582 1.56065 1.55758 1.55311 1.54532 1.5532 1.51017 1.36202 1.30565 1.34664 1.60855 1.56354 1.23989 2.01425 2.27754 1.65725 1.55816 0.08094 -0.62177 -0.97946 -2.0266 -6.0 -6.0 -6.0 -6.0 -3.24897 -0.70031 1.26156 2.89992 3.52394 2.5946 2.34465 2.46425 2.26593 2.31818 3.30042 3.55549 3.58844 2.8338 2.63396 2.9958 2.76989 2.1449 2.0414 1.22888 0.67824 0.44535 0.37532 0.37168 0.39309 0.92936 2.28867 3.39325 3.27463 3.03851 2.74923 2.25318 1.40415 0.96894 1.38225 1.78499 1.64827 1.20632 1.1061 1.305 1.42742 1.39646 1.71115 1.75516 0.62806 -0.2738 -0.66946 -0.92341 -0.69533 -6.0 -6.0 -6.0 -6.0 -6.0 -6.0 -6.0 -6.0 -6.0 -6.0 -6.0 -6.0 -6.0 -6.0 -6.0 -6.0 -6.0 -6.0 -6.0 -6.0 -6.0 -6.0 -6.0 -6.0 -6.0 -6.0 -6.0 -6.0 -6.0 -6.0 -6.0 -6.0 -6.0 -6.0 -6.0 -6.0 -6.0 -6.0 -6.0 -6.0 -6.0 -6.0 -6.0 -6.0 -6.0 -6.0 -6.0 -6.0 -6.0
-6.0 -6.0 -6.0 -6.0 -6.0 -6.0 -6.0 -6.0 -6.0 -6.0 -6.0 -6.0 -6.0 -6.0 -6.0 -6.0 -6.0 -6.0 -6.0 -6.0 -6.0 -6.0 -6.0 -6.0 -4.23309 -5.10109 -6.0 -6.0 -6.0 -6.0 -6.0 -6.0 -1.01589 11.1596 16.12488 15.10952 14.83156 14.831 14.83101 14.82817 14.66552 14.17244 13.66749 10.79569 6.69431 2.31281 1.68141 1.63382 1.55267 1.52604 1.73441 1.77953 1.60816 1.62913 1.63267 1.52287 1.60873 1.6914 1.39054 1.38877 1.349 1.38629 1.38636 1.46736 1.48459 1.45671 1.47777 1.47748 1.46604 1.55585 1.60259 1.5301 1.56992 1.53696 1.78571 3.42052 2.69715 2.13024 1.86262 1.87232 1.81644 1.80557 1.7796 1.71141 1.66013 1.62151 1.56643 1.5864 1.55762 1.55288 1.56094 1.68706 1.77327 1.78933 1.72905 1.62264 1.57262 1.52391 1.54583 1.53297 1.52173 1.54939 1.56085 1.57817 1.50208 1.41948 1.34026 1.30197 1.19768 1.2128 1.19156 1.11692 0.85323 0.60198 0.32466 -0.05671 -0.36835 -0.9382 -1.21338 -2.07158 -6.0 -6.0 -6.0 -6.0 -6.0 -6.0 -4.04143 -1.28438 1.8338 3.17385 2.43584 3.44144 3.32313 3.27276 3.48999 2.82285 3.00172 3.02134 3.09143 1.50265 0.06926 -1.42054 -3.77479 -3.99286 -4.22442 -4.21667 -4.20679 -4.15995 -4.14714 -3.96934 -1.8711 1.15679 3.03881 3.20992 2.9453 2.90166 2.73341 2.30518 1.89901 1.281 1.11105 0.64682 0.72335 0.86314 0.96564 1.0938 1.37388 1.77751 1.6077 0.0733 -0.64928 -0.9159 -0.80418 -6.0 -6.0 -6.0 -6.0 -6.0 -6.0 -6.0 -6.0 -6.0 -6.0 -6.0 -6.0 -6.0 -6.0 -6.0 -6.0 -6.0 -6.0 -6.0 -6.0 -6.0 -6.0 -6.0 -6.0 -6.0 -6.0 -6.0 -6.0 -6.0 -6.0 -6.0 -6.0 -6.0 -6.0 -6.0 -6.0 -6.0 -6.0 -6.0 -6.0 -6.0 -6.0 -6.0 -6.0 -6.0 -6.0 -6.0 -6.0 -6.0
-6.0 -6.0 -6.0 -6.0 -6.0 -6.0 -6.0 -6.0 -6.0 -6.0 -6.0 -6.0 -6.0 -6.0 -6.0 -6.0 -6.0 -6.0 -6.0 -6.0 -6.0 -6.0 -6.0 -6.0 -6.0 -6.0 -6.0 -6.0 -6.0 -6.0 -6.0 -6.0 -1.02149 12.03599 16.63335 15.1965 14.83319 14.831 14.83023 14.79748 14.53901 13.85879 13.30428 10.19517 6.14441 2.30273 1.62497 1.50864 1.51191 1.48467 1.62492 1.66078 1.53266 1.49909 1.61466 1.59216 1.36508 1.3667 1.31949 1.35571 1.36479 1.36234 1.38092 1.48303 1.5388 1.45488 1.42413 1.44701 1.45921 1.58245 1.63502 1.61216 1.67721 1.95946 1.84467 2.67555 3.24798 2.65559 1.8503 1.81168 1.77769 1.78892 1.76075 1.72955 1.70483 1.6518 1.55292 1.51502 1.54074 1.54442 1.54737 1.64106 1.71548 1.76941 1.74143 1.65675 1.618 1.58061 1.57301 1.52203 1.50666 1.53875 1.55883 1.56387 1.52092 1.47112 1.40722 1.34055 1.16975 1.14899 1.16647 1.08229 0.81787 0.61034 0.39539 0.0448 -0.22675 -0.80949 -1.12451 -1.99595 -6.0 -6.0 -6.0 -6.0 -6.0 -6.0 -6.0 -6.0 -2.16332 0.49404 2.80214 3.30728 3.08689 3.42481 3.30803 2.14242 0.38747 -1.51241 -2.11041 -4.90516 -5.11483 -6.0 -6.0 -6.0 -6.0 -6.0 -6.0 -6.0 -6.0 -6.0 -5.12142 -1.24123 1.48321 1.81214 2.16774 2.2955 2.36276 1.95469 1.47759 0.96895 0.58602 0.45091 0.58024 0.81678 1.10289 1.35345 1.56766 1.83112 1.86053 0.76998 -0.44588 -1.61568 -5.02642 -6.0 -6.0 -6.0 -6.0 -6.0 -6.0 -6.0 -6.0 -6.0 -6.0 -6.0 -6.0 -6.0 -6.0 -6.0 -6.0 -6.0 -6.0 -6.0 -6.0 -6.0 -6.0 -6.0 -6.0 -6.0 -6.0 -6.0 -6.0 -6.0 -6.0 -6.0 -6.0 -6.0 -6.0 -6.0 -6.0 -6.0 -6.0 -6.0 -6.0 -6.0 -6.0 -6.0 -6.0 -6.0 -6.0 -6.0 -6.0 -6.0
-6.0 -6.0 -6.0 -6.0 -6.0 -6.0 -6.0 -6.0 -6.0 -6.0 -6.0 -6.0 -6.0 -6.0 -6.0 -6.0 -6.0 -6.0 -6.0 -6.0 -6.0 -6.0 -6.0 -6.0 -6.0 -6.0 -6.0 -6.0 -6.0 -6.0 -6.0 -6.0 -1.44886 10.01921 16.07752 15.12444 14.83158 14.83097 14.82061 14.6625 14.3695 13.73598 13.21695 10.61709 6.57464 2.04701 1.51168 1.48797 1.66945 1.47008 1.51219 1.52268 1.52004 1.52411 1.60543 1.64222 1.43424 1.27045 1.2786 1.31704 1.45861 1.37332 1.37886 1.35427 1.55473 1.50416 1.41882 1.46738 1.49136 1.61705 1.67581 1.66996 1.67281 1.62827 1.65992 1.89052 3.61881 3.17608 1.87869 1.70965 1.65771 1.69529 1.72062 1.71559 1.65594 1.62482 1.57459 1.52102 1.51199 1.5123 1.5175 1.66894 1.75689 1.76255 1.70565 1.57599 1.55206 1.53681 1.4938 1.45801 1.47969 1.51109 1.52878 1.51465 1.478 1.53998 1.52783 1.32535 1.17638 1.19904 1.26358 1.07625 0.82349 0.64115 0.40487 0.06813 -0.13393 -0.65053 -0.97522 -1.70586 -2.16146 -6.0 -6.0 -6.0 -6.0 -6.0 -6.0 -6.0 -6.0 -5.14497 -0.43127 2.13449 -0.16522 -1.0743 -1.75277 -2.40982 -5.96759 -6.0 -6.0 -6.0 -6.0 -6.0 -6.0 -6.0 -6.0 -6.0 -6.0 -6.0 -6.0 -6.0 -6.0 -3.22076 0.57328 1.62325 1.0785 1.40168 1.6428 1.57292 1.45926 1.04444 0.52711 0.51153 0.49327 0.51297 0.72808 1.0716 1.42533 1.78099 1.94459 1.28924 -1.13565 -5.08701 -6.0 -6.0 -6.0 -6.0 -6.0 -6.0 -6.0 -6.0 -6.0 -6.0 -6.0 -6.0 -6.0 -6.0 -6.0 -6.0 -6.0 -6.0 -6.0 -6.0 -6.0 -6.0 -6.0 -6.0 -6.0 -6.0 -6.0 -6.0 -6.0 -6.0 -6.0 -6.0 -6.0 -6.0 -6.0 -6.0 -6.0 -6.0 -6.0 -6.0 -6.0 -6.0 -6.0 -6.0 -6.0 -6.0 -6.0 -6.0 -6.0 -6.0
-6.0 -6.0 -6.0 -6.0 -6.0 -6.0 -6.0 -6.0 -6.0 -6.0 -6.0 -6.0 -4.89014 -1.80307 -1.60868 -1.87077 -2.00814 -1.93623 -1.87457 -4.71865 -6.0 -6.0 -6.0 -6.0 -6.0 -6.0 -6.0 -6.0 -6.0 -6.0 -6.0 -6.0 -1.02124 11.54353 15.41413 14.95274 14.83145 14.8308 14.8175 14.63457 14.3409 13.76376 13.24123 10.53111 6.64924 2.39916 1.55668 1.43171 1.5457 1.60035 1.55973 1.51693 1.46183 1.46463 1.47977 1.53803 1.5373 1.46821 1.62981 1.61121 1.44789 1.50278 1.64642 1.46271 1.58374 1.48642 1.39865 1.48378 1.51074 1.56897 1.6223 1.65136 1.66465 1.62378 1.73725 2.14006 3.27126 2.77103 1.72971 1.64007 1.60194 1.61848 1.6631 1.67493 1.65628 1.66273 1.62036 1.51965 1.50202 1.4507 1.45151 1.53618 1.57032 1.64066 1.6673 1.62189 1.61294 1.57374 1.5683 1.52716 1.48439 1.52972 1.52521 1.52677 1.42021 1.38181 1.35705 1.26559 1.18357 1.2075 1.22607 1.06255 0.78526 0.63229 0.39978 0.03296 -0.22192 -0.59262 -0.81704 -1.30504 -1.57771 -6.0 -6.0 -6.0 -6.0 -6.0 -6.0 -6.0 -6.0 -6.0 -5.10191 -3.05359 -6.0 -6.0 -6.0 -6.0 -6.0 -6.0 -6.0 -6.0 -6.0 -6.0 -6.0 -6.0 -6.0 -6.0 -6.0 -6.0 -6.0 -6.0 -4.20175 -0.82585 0.59048 1.53689 1.20666 0.94825 0.9028 1.1009 1.07651 0.86666 0.45062 0.59933 0.60382 0.52835 0.47532 0.54455 0.82784 1.1789 1.73714 1.59987 -1.2398 -6.0 -6.0 -6.0 -6.0 -6.0 -6.0 -6.0 -6.0 -6.0 -6.0 -6.0 -6.0 -6.0 -6.0 -6.0 -6.0 -6.0 -6.0 -6.0 -6.0 -6.0 -6.0 -6.0 -6.0 -6.0 -6.0 -6.0 -6.0 -6.0 -6.0 -6.0 -6.0 -6.0 -6.0 -6.0 -6.0 -6.0 -6.0 -6.0 -6.0 -6.0 -6.0 -6.0 -6.0 -6.0 -6.0 -6.0 -6.0 -6.0 -6.0 -6.0
-6.0 -6.0 -6.0 -6.0 -6.0 -6.0 -6.0 -6.0 -6.0 -6.0 -6.0 -4.0211 1.39885 8.83165 11.28022 8.23106 5.32433 7.18983 8.15707 3.55597 -1.96696 -4.03467 -4.00459 -4.02138 -4.06904 -4.09831 -4.05898 -4.06369 -4.12779 -4.14691 -4.15275 -4.15245 -0.7903 12.73822 15.57053 15.00596 14.83615 14.82979 14.78886 14.5336 14.27465 13.90177 13.38352 10.4266 6.33569 1.92411 1.4637 1.43426 1.47383 1.5389 1.56062 1.51502 1.45766 1.46169 1.44451 1.40295 1.36382 1.38195 1.40864 1.43529 1.37272 1.41963 1.65819 1.70326 1.76458 1.49864 1.39855 1.51372 1.55431 1.58441 1.58746 1.6802 1.6975 1.76262 2.17164 3.21859 2.60359 1.9972 1.57566 1.54471 1.56428 1.59776 1.65531 1.67153 1.66323 1.64331 1.61614 1.53384 1.45238 1.43528 1.45721 1.48294 1.47508 1.48891 1.52779 1.51106 1.44824 1.43792 1.71719 1.66754 1.49599 1.57723 1.5992 1.63742 1.43318 1.30291 1.28937 1.23885 1.15285 1.15968 1.16857 0.9531 0.681 0.52683 0.31704 -0.03698 -0.30133 -0.59894 -0.75507 -1.23287 -1.57685 -6.0 -6.0 -6.0 -6.0 -6.0 -6.0 -6.0 -6.0 -6.0 -6.0 -6.0 -6.0 -6.0 -6.0 -6.0 -6.0 -6.0 -6.0 -6.0 -6.0 -6.0 -6.0 -6.0 -6.0 -6.0 -6.0 -6.0 -6.0 -6.0 -6.0 -1.44427 -0.92289 -0.26213 1.50384 1.10282 0.6319 0.7484 0.68304 0.69567 0.42588 0.71784 0.72258 0.64648 0.57013 0.49609 0.46163 0.62321 1.34166 1.7726 -1.30769 -6.0 -6.0 -6.0 -6.0 -6.0 -6.0 -6.0 -6.0 -6.0 -6.0 -6.0 -6.0 -6.0 -6.0 -6.0 -6.0 -6.0 -6.0 -6.0 -6.0 -6.0 -6.0 -6.0 -6.0 -6.0 -6.0 -6.0 -6.0 -6.0 -6.0 -6.0 -6.0 -6.0 -6.0 -6.0 -6.0 -6.0 -6.0 -6.0 -6.0 -6.0 -6.0 -6.0 -6.0 -6.0 -6.0 -6.0 -6.0 -6.0 -6.0 -6.0
-6.0 -6.0 -6.0 -6.0 -6.0 -6.0 -6.0 -6.0 -3.2374 -1.958 -0.53395 5.38858 9.09564 14.01461 14.97298 13.24252 11.74997 13.03836 13.60423 11.04236 7.0104 6.40346 6.48838 6.58467 6.53078 5.98755 6.24262 6.63413 4.77086 3.38496 2.04059 1.5213 2.36274 13.55225 15.66054 15.08241 14.84371 14.82358 14.73352 14.49073 14.26352 13.91704 13.03441 8.93424 5.1456 2.12277 1.56448 1.45246 1.54507 1.57021 1.55715 1.51204 1.49722 1.50162 1.47375 1.41735 1.33312 1.33078 1.36619 1.39968 1.38445 1.39452 1.46167 1.45723 1.57898 1.45878 1.39557 1.53195 1.60189 1.66113 1.85066 2.32823 2.35296 2.3839 2.44913 2.41528 1.88159 1.61228 1.47608 1.499 1.58976 1.63232 1.6533 1.64315 1.64077 1.61365 1.60465 1.50737 1.46669 1.47168 1.45798 1.42252 1.38706 1.34839 1.42433 1.59451 1.51041 1.30041 1.45403 1.39336 1.35361 1.40312 1.41014 1.49069 1.59092 1.49744 1.25734 1.18401 1.1124 1.12776 1.07338 0.86569 0.57365 0.384 0.05664 -0.15211 -0.34756 -0.65747 -0.8119 -1.18709 -1.45001 -6.0 -6.0 -6.0 -6.0 -6.0 -6.0 -6.0 -6.0 -6.0 -6.0 -6.0 -6.0 -6.0 -6.0 -6.0 -6.0 -6.0 -6.0 -6.0 -6.0 -6.0 -6.0 -6.0 -6.0 -6.0 -6.0 -6.0 -6.0 -6.0 -6.0 -6.0 -1.95764 -0.45109 -0.14754 0.94073 1.01822 0.61132 0.53071 0.5201 0.40527 0.84348 0.84127 0.76486 0.68864 0.61509 0.55252 0.54014 1.13483 1.71312 -1.78314 -6.0 -6.0 -6.0 -6.0 -6.0 -6.0 -6.0 -6.0 -6.0 -6.0 -6.0 -6.0 -6.0 -6.0 -6.0 -6.0 -6.0 -6.0 -6.0 -6.0 -6.0 -6.0 -6.0 -6.0 -6.0 -6.0 -6.0 -6.0 -6.0 -6.0 -6.0 -6.0 -6.0 -6.0 -6.0 -6.0 -6.0 -6.0 -6.0 -6.0 -6.0 -6.0 -6.0 -6.0 -6.0 -6.0 -6.0 -6.0 -6.0 -6.0 -6.0
-6.0 -6.0 -6.0 -6.0 -6.0 -6.0 -6.0 -1.35347 5.09879 7.46169 10.52675 14.13181 14.64473 14.36798 14.20945 14.14802 14.13376 14.06429 14.1617 14.43256 14.50739 14.41431 14.50321 14.58757 14.57825 14.32459 14.52577 14.72692 13.8391 12.81558 11.87099 11.54129 11.71181 15.08316 15.46704 14.98166 14.82893 14.75584 14.60776 14.35123 14.16533 13.71283 12.68576 8.96466 5.62464 2.7322 1.74699 1.58517 1.64946 1.56706 1.49765 1.45368 1.45184 1.47874 1.48408 1.44002 1.34612 1.30739 1.33842 1.34264 1.35042 1.34951 1.47696 1.4422 1.41976 1.58028 1.55101 1.54335 1.66502 2.14406 2.4377 1.8836 1.86098 1.81441 1.81599 1.7014 1.49376 1.4392 1.44487 1.50451 1.60861 1.61545 1.57329 1.5593 1.57621 1.5882 1.5986 1.50102 1.44732 1.41844 1.38561 1.3526 1.33756 1.29491 1.27253 1.25097 1.2435 1.21737 1.20533 1.21436 1.23935 1.26136 1.43457 1.53497 1.46313 1.29134 0.94153 0.88001 1.01076 1.00727 0.88596 0.70242 0.41171 0.09124 -0.22669 -0.36595 -0.51598 -0.78308 -0.91269 -1.56156 -1.96673 -6.0 -6.0 -6.0 -6.0 -6.0 -6.0 -6.0 -6.0 -6.0 -6.0 -6.0 -6.0 -6.0 -6.0 -6.0 -6.0 -6.0 -6.0 -6.0 -6.0 -6.0 -6.0 -6.0 -6.0 -6.0 -6.0 -6.0 -6.0 -6.0 -6.0 -6.0 -6.0 -1.0092 -0.58826 -0.33748 0.28712 0.8545 0.7342 0.50909 0.43619 0.96953 0.96352 0.90242 0.86387 0.85113 0.83245 0.81769 1.16186 1.17634 -3.86108 -6.0 -6.0 -6.0 -6.0 -6.0 -6.0 -6.0 -6.0 -6.0 -6.0 -6.0 -6.0 -6.0 -6.0 -6.0 -6.0 -6.0 -6.0 -6.0 -6.0 -6.0 -6.0 -6.0 -6.0 -6.0 -6.0 -6.0 -6.0 -6.0 -6.0 -6.0 -6.0 -6.0 -6.0 -6.0 -6.0 -6.0 -6.0 -6.0 -6.0 -6.0 -6.0 -6.0 -6.0 -6.0 -6.0 -6.0 -6.0 -6.0 -6.0 -6.0
-6.0 -6.0 -6.0 -6.0 -6.0 -6.0 -3.88228 1.94462 10.82839 13.9663 14.78077 14.75201 14.47945 14.0811 13.94684 13.98608 14.03168 13.96014 13.90837 13.98327 14.06331 14.04992 14.07101 14.10124 14.14344 14.2104 14.25027 14.2594 14.35542 14.47941 14.66564 14.74789 14.82977 15.03886 15.0839 14.83138 14.74432 14.63304 14.46745 14.21098 14.03267 13.3096 12.34319 9.73515 6.84891 3.4834 1.96424 1.61635 1.59692 1.47565 1.50751 1.49085 1.48804 1.52112 1.49837 1.4296 1.35015 1.32151 1.3366 1.34544 1.33122 1.28934 1.32851 1.47485 1.57485 1.51128 1.39817 1.38638 1.42545 1.84123 2.16643 1.72504 2.1988 1.65234 1.67108 1.71005 1.50441 1.48614 1.5668 1.62385 1.66651 1.64498 1.58413 1.58423 1.56285 1.56182 1.57727 1.49372 1.44533 1.41295 1.39214 1.36414 1.34178 1.29632 1.25443 1.21292 1.20889 1.2284 1.214 1.22404 1.2426 1.24328 1.34635 1.35697 1.18287 1.02593 0.78821 0.76246 0.84517 0.84029 0.63908 0.44557 0.18658 -0.17022 -0.43372 -0.48148 -0.57836 -1.06139 -1.62393 -3.16998 -3.34723 -6.0 -6.0 -6.0 -6.0 -6.0 -6.0 -6.0 -6.0 -6.0 -6.0 -6.0 -6.0 -6.0 -6.0 -6.0 -6.0 -6.0 -6.0 -6.0 -6.0 -6.0 -6.0 -6.0 -6.0 -6.0 -6.0 -6.0 -6.0 -6.0 -6.0 -6.0 -6.0 -1.17768 -0.77487 -0.45637 -0.31347 -0.03444 0.60374 1.29774 1.18273 1.25394 1.2077 1.17503 1.12395 1.05533 0.97706 0.96519 1.38401 -0.12887 -4.10897 -6.0 -6.0 -6.0 -6.0 -6.0 -6.0 -6.0 -6.0 -6.0 -6.0 -6.0 -6.0 -6.0 -6.0 -6.0 -6.0 -6.0 -6.0 -6.0 -6.0 -6.0 -6.0 -6.0 -6.0 -6.0 -6.0 -6.0 -6.0 -6.0 -6.0 -6.0 -6.0 -6.0 -6.0 -6.0 -6.0 -6.0 -6.0 -6.0 -6.0 -6.0 -6.0 -6.0 -6.0 -6.0 -6.0 -6.0 -6.0 -6.0 -6.0 -6.0
-6.0 -6.0 -6.0 -6.0 -6.0 -6.0 -1.69173 6.21131 13.303 14.64504 14.81636 14.61942 14.31717 14.02076 13.9496 14.11722 14.21136 14.20216 14.08979 13.9971 13.97948 13.95273 13.93578 13.93709 13.9422 13.994 14.03635 13.993 14.05157 14.22174 14.50059 14.64354 14.76261 14.77812 14.71613 14.61389 14.52945 14.42264 14.27054 14.02816 13.66893 12.72307 11.9509 10.59141 8.42368 4.83288 2.50397 1.64073 1.53724 1.42191 1.4875 1.51727 1.54989 1.57492 1.47781 1.385 1.35944 1.35444 1.34494 1.32896 1.28521 1.23242 1.21468 1.43548 1.67761 1.43823 1.25494 1.23768 1.22509 1.46527 1.69509 1.7479 2.2409 1.65562 1.67797 1.72576 1.55943 1.71976 1.85267 1.78412 1.67877 1.63785 1.61046 1.61967 1.57081 1.55813 1.55975 1.47048 1.42696 1.40528 1.39265 1.43874 1.44015 1.28702 1.24801 1.22944 1.22057 1.22353 1.20276 1.19921 1.19936 1.21285 1.17783 1.11287 0.90998 0.78529 0.66747 0.65473 0.56668 0.47143 0.27762 0.14981 -0.04704 -0.38816 -0.60475 -0.59586 -0.74638 -1.65701 -2.31917 -6.0 -6.0 -6.0 -6.0 -6.0 -6.0 -6.0 -6.0 -6.0 -6.0 -6.0 -6.0 -6.0 -6.0 -6.0 -6.0 -6.0 -6.0 -6.0 -6.0 -6.0 -6.0 -6.0 -6.0 -6.0 -6.0 -6.0 -6.0 -6.0 -6.0 -6.0 -6.0 -6.0 -6.0 -1.09697 -0.87334 -0.53242 -0.31727 -0.38225 -0.21496 0.55747 1.57787 1.55098 1.32949 1.23701 1.24956 1.28287 1.22711 1.2237 1.5607 -1.16214 -6.0 -6.0 -6.0 -6.0 -6.0 -6.0 -6.0 -6.0 -6.0 -6.0 -6.0 -6.0 -6.0 -6.0 -6.0 -6.0 -6.0 -6.0 -6.0 -6.0 -6.0 -6.0 -6.0 -6.0 -6.0 -6.0 -6.0 -6.0 -6.0 -6.0 -6.0 -6.0 -6.0 -6.0 -6.0 -6.0 -6.0 -6.0 -6.0 -6.0 -6.0 -6.0 -6.0 -6.0 -6.0 -6.0 -6.0 -6.0 -6.0 -6.0 -6.0 -6.0
-6.0 -6.0 -6.0 -6.0 -6.0 -6.0 -1.81648 6.01887 13.94162 14.96461 13.67388 10.60599 9.96668 10.04434 10.41762 11.7152 12.37336 13.11701 13.98796 14.46638 14.44017 14.39023 14.35172 14.33914 14.29173 14.28892 14.31139 14.08624 13.87949 13.97663 14.22438 14.37334 14.48881 14.48066 14.31127 14.13915 14.05586 14.01129 13.63455 13.12533 12.63339 11.94784 11.77517 11.36747 10.44924 7.90408 4.19385 1.86124 1.53244 1.52818 1.54042 1.53151 1.52118 1.48776 1.37171 1.33714 1.36922 1.38753 1.33466 1.31817 1.30394 1.28319 1.31001 1.37067 1.52268 1.4181 1.27981 1.23301 1.2174 1.23971 1.30085 1.5092 1.58216 1.63236 1.58725 1.62905 1.51247 1.73155 1.82246 1.66423 1.56686 1.5532 1.5316 1.5307 1.47967 1.50273 1.53174 1.42732 1.34573 1.36737 1.41081 1.45138 1.42353 1.23903 1.21667 1.18768 1.16451 1.13777 1.13111 1.12431 1.07559 1.07523 0.97932 0.85083 0.69402 0.59959 0.49302 0.44415 0.17877 0.01288 -0.17184 -0.17851 -0.31501 -0.51109 -0.73343 -0.74112 -1.27423 -5.99575 -6.0 -6.0 -6.0 -6.0 -6.0 -6.0 -6.0 -6.0 -6.0 -6.0 -6.0 -6.0 -6.0 -6.0 -6.0 -6.0 -6.0 -6.0 -6.0 -6.0 -6.0 -6.0 -6.0 -6.0 -6.0 -6.0 -6.0 -6.0 -6.0 -6.0 -6.0 -6.0 -6.0 -6.0 -6.0 -0.82529 -0.69192 -0.41664 -0.29113 -0.56909 -0.48661 -0.3096 0.57618 1.47277 1.15556 0.99366 1.25235 1.47728 1.37983 1.51776 1.46782 -2.83381 -6.0 -6.0 -6.0 -6.0 -6.0 -6.0 -6.0 -6.0 -6.0 -6.0 -6.0 -6.0 -6.0 -6.0 -6.0 -6.0 -6.0 -6.0 -6.0 -6.0 -6.0 -6.0 -6.0 -6.0 -6.0 -6.0 -6.0 -6.0 -6.0 -6.0 -6.0 -6.0 -6.0 -6.0 -6.0 -6.0 -4.2399 -3.05397 -2.87896 -2.90416 -6.0 -6.0 -6.0 -6.0 -6.0 -6.0 -6.0 -6.0 -6.0 -6.0 -6.0 -6.0
-6.0 -6.0 -6.0 -6.0 -6.0 -6.0 -3.8479 2.40182 7.97727 8.4784 7.2174 4.07879 3.51824 3.55351 3.93205 5.39411 5.97679 6.77358 8.95213 11.98871 11.7714 11.7358 12.3355 12.89595 13.42757 13.60946 14.24993 14.02232 13.69103 13.78411 13.96666 14.114 14.22326 14.19696 14.04627 13.86906 13.62971 13.42913 12.90219 12.26732 11.98901 11.79286 11.80612 11.5728 11.14487 9.94299 6.04701 2.43886 1.70076 1.58909 1.58991 1.5283 1.44235 1.3908 1.33925 1.33726 1.35039 1.36981 1.31938 1.3477 1.38004 1.36231 1.39562 1.37709 1.44936 1.38147 1.29575 1.24818 1.23627 1.24814 1.24591 1.25449 1.49617 1.58238 1.51818 1.50312 1.40562 1.36392 1.35197 1.39224 1.50325 1.50721 1.42537 1.4164 1.37065 1.41449 1.49719 1.45107 1.31026 1.3583 1.45171 1.3536 1.24266 1.20705 1.17922 1.1323 1.1074 1.03939 1.0814 1.06696 1.0177 0.96965 0.88067 0.73748 0.64708 0.54892 0.3426 0.26817 0.03844 -0.10272 -0.31281 -0.31851 -0.40737 -0.57668 -0.7598 -0.78823 -1.41237 -5.96706 -6.0 -6.0 -6.0 -6.0 -6.0 -6.0 -6.0 -6.0 -6.0 -6.0 -6.0 -6.0 -6.0 -6.0 -6.0 -6.0 -6.0 -6.0 -6.0 -6.0 -6.0 -6.0 -6.0 -6.0 -6.0 -6.0 -6.0 -6.0 -6.0 -6.0 -6.0 -6.0 -6.0 -6.0 -6.0 -0.77718 -0.59237 -0.32331 -0.24978 -0.59148 -0.51369 -0.40016 0.00407 0.7304 1.23686 1.03586 1.35775 1.475 1.46155 1.66925 -1.06069 -6.0 -6.0 -6.0 -6.0 -6.0 -6.0 -6.0 -6.0 -6.0 -6.0 -6.0 -6.0 -6.0 -6.0 -6.0 -6.0 -6.0 -6.0 -6.0 -6.0 -6.0 -6.0 -6.0 -6.0 -6.0 -6.0 -6.0 -6.0 -6.0 -6.0 -6.0 -6.0 -6.0 -6.0 -6.0 -5.96369 -1.5999 -0.19897 0.60033 0.65085 1.08055 0.14329 -2.04898 -5.96598 -6.0 -6.0 -6.0 -6.0 -6.0 -6.0 -6.0 -6.0 -6.0
-6.0 -6.0 -6.0 -6.0 -6.0 -6.0 -6.0 -3.31807 -3.21697 -3.19422 -3.24196 -3.30207 -3.31294 -3.31398 -3.30734 -3.28054 -3.27272 -2.05388 -0.28364 2.42228 2.14914 2.08817 2.91938 3.62205 4.13958 5.17986 6.57427 6.07315 5.58334 5.72562 7.48638 9.92217 11.90838 12.55825 13.43111 13.29062 12.55312 11.99531 11.63784 11.36715 11.17012 11.31455 11.54382 11.61951 11.61585 11.43557 9.17232 5.45224 2.93492 1.62697 1.48735 1.46942 1.41709 1.37958 1.31861 1.29299 1.29082 1.31544 1.34009 1.34925 1.37145 1.3961 1.4377 1.45034 1.59807 1.43502 1.28484 1.25377 1.23599 1.21676 1.20858 1.15266 1.15164 1.19759 1.32255 1.19135 1.40276 1.34877 1.2733 1.35876 1.41865 1.3905 1.33433 1.33422 1.35291 1.37085 1.53317 1.54035 1.37534 1.36181 1.345 1.23608 1.19389 1.12859 1.0445 0.99706 0.98276 0.82147 0.81543 0.73549 0.8266 0.82041 0.76576 0.64915 0.60166 0.45077 0.13017 -0.00201 -0.21847 -0.20785 -0.34051 -0.47973 -0.64067 -0.64663 -0.75018 -0.91943 -1.17902 -3.18379 -6.0 -6.0 -6.0 -6.0 -6.0 -6.0 -6.0 -6.0 -6.0 -6.0 -6.0 -6.0 -6.0 -6.0 -6.0 -6.0 -6.0 -6.0 -6.0 -6.0 -6.0 -6.0 -6.0 -6.0 -6.0 -6.0 -6.0 -6.0 -6.0 -6.0 -6.0 -6.0 -6.0 -6.0 -2.25516 -0.81311 -0.56238 -0.34435 -0.25467 -0.49567 -0.39883 -0.12325 0.33312 0.33523 0.90577 1.22537 1.77966 1.56584 1.49205 0.35776 -3.21965 -6.0 -6.0 -6.0 -6.0 -6.0 -6.0 -6.0 -6.0 -6.0 -6.0 -6.0 -6.0 -6.0 -6.0 -6.0 -6.0 -6.0 -6.0 -6.0 -6.0 -6.0 -6.0 -6.0 -6.0 -6.0 -6.0 -6.0 -6.0 -6.0 -6.0 -6.0 -6.0 -6.0 -6.0 -3.19195 -0.7071 0.77384 0.29376 -1.04491 -1.88502 -1.60905 0.01602 0.78271 -1.85415 -6.0 -6.0 -6.0 -6.0 -6.0 -6.0 -6.0 -6.0 -6.0
-6.0 -6.0 -6.0 -6.0 -6.0 -6.0 -6.0 -6.0 -6.0 -6.0 -6.0 -6.0 -6.0 -6.0 -6.0 -6.0 -6.0 -6.0 -6.0 -4.21607 -4.21762 -4.21734 -4.2125 -4.20437 -4.12594 -0.79525 -0.14671 -1.52882 -4.16138 -3.25985 -0.04914 4.07479 8.604 10.83277 12.80995 12.59306 11.90028 11.65489 11.31501 10.60412 10.25567 10.64374 11.14665 11.44293 11.5661 11.70858 11.10382 8.50788 4.679 1.9293 1.59517 1.48462 1.42079 1.38701 1.30586 1.28705 1.30621 1.33234 1.36212 1.38038 1.40401 1.41555 1.41056 1.43708 1.62895 1.44784 1.2554 1.2132 1.19847 1.17825 1.16655 1.13329 1.12103 1.13528 1.15414 1.25277 1.47649 1.37854 1.25813 1.32372 1.37157 1.3724 1.32535 1.30054 1.33161 1.37296 1.62573 1.46152 1.39789 1.30747 1.26976 1.17302 1.11818 1.04334 0.96219 0.8879 0.85743 0.71729 0.72451 0.59042 0.71331 0.75703 0.70313 0.65568 0.47042 0.20846 -0.05845 -0.18225 -0.36797 -0.35956 -0.46711 -0.55524 -0.73517 -0.74458 -0.88159 -1.0641 -1.33575 -3.21536 -6.0 -6.0 -6.0 -6.0 -6.0 -6.0 -6.0 -6.0 -6.0 -6.0 -6.0 -6.0 -6.0 -6.0 -6.0 -6.0 -6.0 -6.0 -6.0 -6.0 -6.0 -6.0 -6.0 -6.0 -6.0 -6.0 -6.0 -6.0 -6.0 -6.0 -6.0 -6.0 -6.0 -6.0 -1.83698 -0.58925 -0.4347 -0.30989 -0.15806 -0.25385 -0.00035 0.38139 0.47233 0.38177 0.64 1.3199 1.89863 1.46255 0.09528 -3.88937 -6.0 -6.0 -6.0 -6.0 -6.0 -6.0 -6.0 -6.0 -6.0 -6.0 -6.0 -6.0 -6.0 -6.0 -6.0 -6.0 -6.0 -6.0 -6.0 -6.0 -6.0 -6.0 -6.0 -6.0 -6.0 -6.0 -6.0 -6.0 -6.0 -6.0 -6.0 -6.0 -6.0 -5.14763 -3.63782 -0.23005 1.13619 -0.37649 -3.69952 -6.0 -6.0 -5.08591 -1.85529 -0.15586 1.27669 -1.32932 -4.15983 -6.0 -6.0 -6.0 -6.0 -6.0 -6.0 -6.0
-6.0 -6.0 -6.0 -6.0 -6.0 -6.0 -6.0 -6.0 -6.0 -6.0 -6.0 -6.0 -6.0 -6.0 -6.0 -6.0 -6.0 -6.0 -6.0 -6.0 -6.0 -6.0 -6.0 -6.0 -6.0 -5.01082 -5.02053 -6.0 -6.0 -6.0 -1.07513 1.95013 8.38137 12.40776 13.54109 12.52893 11.84689 11.54977 11.22013 10.54066 10.09617 10.43924 10.97531 11.32899 11.58074 11.88854 12.02525 11.25808 7.66432 3.16316 1.73645 1.46599 1.45619 1.42533 1.2987 1.25797 1.32445 1.34385 1.34582 1.3721 1.41996 1.43218 1.46531 1.4273 1.62158 1.47056 1.28394 1.24814 1.23155 1.18304 1.15098 1.13129 1.12156 1.14898 1.22036 1.65281 1.32142 1.21557 1.28959 1.36069 1.36066 1.3468 1.34729 1.32644 1.27385 1.4451 1.49629 1.35327 1.24118 1.22836 1.18054 1.10731 1.07978 0.99107 0.92483 0.89082 0.83509 0.6941 0.73399 0.67409 0.52926 0.67049 0.65013 0.5456 0.31746 0.10436 -0.18114 -0.33337 -0.46852 -0.51368 -0.61478 -0.72888 -0.84091 -0.87464 -0.9075 -1.15566 -1.60621 -6.0 -6.0 -6.0 -6.0 -6.0 -6.0 -6.0 -6.0 -6.0 -6.0 -6.0 -6.0 -6.0 -6.0 -6.0 -6.0 -6.0 -6.0 -6.0 -6.0 -6.0 -6.0 -6.0 -6.0 -6.0 -6.0 -6.0 -6.0 -6.0 -6.0 -6.0 -6.0 -6.0 -6.0 -6.0 -1.07114 -0.26989 -0.18775 -0.08587 0.17799 0.33664 0.54692 0.72203 0.72031 0.61226 0.70463 1.35498 1.85523 1.23137 -3.57128 -6.0 -6.0 -6.0 -6.0 -6.0 -6.0 -6.0 -6.0 -6.0 -6.0 -6.0 -6.0 -6.0 -6.0 -6.0 -6.0 -6.0 -6.0 -6.0 -6.0 -6.0 -6.0 -6.0 -6.0 -6.0 -6.0 -6.0 -6.0 -6.0 -6.0 -6.0 -6.0 -6.0 -6.0 -1.80685 -0.06707 1.20215 -0.39559 -3.11828 -6.0 -6.0 -6.0 -6.0 -6.0 -2.10572 -0.18079 1.09574 -1.36995 -5.92137 -6.0 -6.0 -6.0 -6.0 -6.0 -6.0
-6.0 -6.0 -6.0 -6.0 -6.0 -6.0 -6.0 -6.0 -6.0 -6.0 -6.0 -6.0 -6.0 -6.0 -6.0 -6.0 -6.0 -6.0 -6.0 -6.0 -6.0 -6.0 -6.0 -6.0 -6.0 -6.0 -6.0 -6.0 -6.0 -6.0 -1.80547 0.18313 6.34625 12.28408 13.55612 12.3821 11.66187 11.39709 11.13471 10.60796 9.86857 10.14521 10.96725 11.42689 11.74289 12.1179 12.44309 12.44654 10.13952 5.73951 2.56246 1.54076 1.44928 1.44436 1.55703 1.65465 1.68125 1.67554 1.64319 1.47338 1.47006 1.46997 1.44559 1.43801 1.60231 1.41421 1.22701 1.17595 1.15119 1.12827 1.13201 1.14919 1.13969 1.23016 1.3126 1.61975 1.3122 1.25265 1.28015 1.32842 1.41729 1.39314 1.28553 1.26071 1.31777 1.37027 1.29026 1.26773 1.16893 1.11523 1.06704 1.0164 0.99469 0.91159 0.85122 0.77969 0.72013 0.72133 0.51945 0.46974 0.65863 0.71992 0.57027 0.38573 0.16384 0.05696 -0.14711 -0.31505 -0.5327 -0.70742 -0.78188 -0.7885 -0.9004 -0.97599 -1.02495 -1.37556 -2.05972 -6.0 -6.0 -6.0 -6.0 -6.0 -6.0 -6.0 -6.0 -6.0 -6.0 -6.0 -6.0 -6.0 -6.0 -6.0 -6.0 -6.0 -6.0 -6.0 -6.0 -6.0 -6.0 -6.0 -6.0 -6.0 -6.0 -6.0 -6.0 -5.98257 -5.98183 -6.0 -6.0 -5.98095 -4.11829 -0.94934 0.01721 0.33052 0.32899 0.36911 0.46155 0.44723 0.45596 0.60469 0.71647 0.74947 1.04679 1.63794 1.51645 0.43136 -3.8584 -6.0 -6.0 -6.0 -6.0 -6.0 -6.0 -6.0 -6.0 -6.0 -6.0 -6.0 -6.0 -6.0 -6.0 -6.0 -6.0 -6.0 -6.0 -6.0 -6.0 -6.0 -6.0 -6.0 -6.0 -6.0 -6.0 -6.0 -6.0 -6.0 -6.0 -6.0 -6.0 -3.17626 -1.05867 0.29577 0.95183 -0.61016 -2.37097 -6.0 -6.0 -6.0 -6.0 -6.0 -6.0 -6.0 -2.22378 -0.14702 1.11096 -1.48539 -6.0 -5.12309 -5.98325 -6.0 -6.0 -6.0
-6.0 -6.0 -6.0 -6.0 -6.0 -6.0 -6.0 -6.0 -6.0 -6.0 -6.0 -6.0 -6.0 -6.0 -6.0 -6.0 -6.0 -6.0 -6.0 -6.0 -6.0 -6.0 -6.0 -6.0 -6.0 -6.0 -6.0 -6.0 -6.0 -6.0 -2.10083 -0.16951 7.13167 12.96588 13.35656 12.04348 11.35011 11.12193 10.94388 10.75159 10.33495 10.40172 10.88894 11.27581 11.59172 11.96017 12.26603 12.56992 11.28553 7.07181 2.98274 1.64038 1.51923 1.46522 1.39061 1.37738 1.51933 1.69712 1.71417 1.49641 1.49286 1.51463 1.49867 1.56004 1.5233 1.28315 1.21244 1.18541 1.14752 1.1459 1.15331 1.17231 1.19898 1.33863 1.58431 1.45311 1.28841 1.28553 1.35966 1.39497 1.40671 1.39451 1.34645 1.36695 1.48894 1.33336 1.16861 1.10056 1.02823 1.02563 1.04243 1.01342 0.96719 0.86205 0.77775 0.67052 0.62045 0.56139 0.46971 0.41902 0.42413 0.54949 0.5138 0.33012 0.09497 -0.00846 -0.23229 -0.37343 -0.63566 -0.81985 -0.92177 -0.93218 -0.8923 -1.02318 -1.28786 -2.05762 -6.0 -6.0 -6.0 -6.0 -6.0 -6.0 -6.0 -6.0 -6.0 -6.0 -6.0 -6.0 -6.0 -6.0 -6.0 -6.0 -6.0 -6.0 -6.0 -6.0 -6.0 -6.0 -6.0 -6.0 -6.0 -6.0 -6.0 -6.0 -2.26933 -0.92997 -0.94507 -4.9919 -2.18507 0.10018 0.29112 0.32345 0.46791 0.51506 0.61051 0.66772 0.63386 0.6077 0.62267 1.13158 1.3057 1.37594 1.41456 1.32524 0.50515 -0.72895 -3.99097 -6.0 -6.0 -6.0 -6.0 -6.0 -6.0 -6.0 -6.0 -6.0 -6.0 -6.0 -6.0 -6.0 -6.0 -6.0 -6.0 -6.0 -6.0 -6.0 -6.0 -6.0 -6.0 -6.0 -6.0 -6.0 -6.0 -6.0 -6.0 -6.0 -6.0 -5.12721 -1.85571 -0.46328 1.02963 0.43945 -1.22896 -3.20137 -6.0 -6.0 -6.0 -6.0 -6.0 -6.0 -6.0 -6.0 -6.0 -3.2933 -2.81072 -3.30445 -6.0 -4.16398 -5.06931 -6.0 -6.0 -6.0
-6.0 -6.0 -6.0 -6.0 -6.0 -6.0 -6.0 -6.0 -6.0 -6.0 -6.0 -6.0 -6.0 -6.0 -6.0 -6.0 -6.0 -6.0 -6.0 -6.0 -6.0 -6.0 -6.0 -6.0 -6.0 -6.0 -6.0 -6.0 -6.0 -6.0 -2.35143 -0.29094 7.81118 12.89264 12.78313 11.37489 10.96888 10.87448 10.82704 10.73441 10.32073 9.80318 10.08308 10.73065 10.94086 11.15947 11.28555 11.33272 10.75596 8.29167 4.6876 2.87796 1.77241 1.53818 1.42632 1.3938 1.39266 1.45852 1.52873 1.51762 1.51904 1.50198 1.54355 1.57733 1.45883 1.22639 1.16917 1.15803 1.13407 1.11196 1.13703 1.20011 1.27519 1.54036 1.51296 1.3845 1.3423 1.37122 1.4346 1.41936 1.37383 1.36378 1.35935 1.36821 1.29538 1.16428 1.11125 1.05286 0.99313 0.9459 0.95044 0.92933 0.88319 0.79376 0.73094 0.67013 0.62759 0.48564 0.40558 0.36871 0.24728 0.41161 0.45244 0.29719 0.03431 -0.10013 -0.40005 -0.5691 -0.78081 -0.91453 -0.98986 -1.02794 -1.11508 -1.70303 -3.98131 -6.0 -6.0 -6.0 -6.0 -6.0 -6.0 -6.0 -6.0 -6.0 -6.0 -6.0 -6.0 -6.0 -6.0 -6.0 -6.0 -6.0 -6.0 -6.0 -6.0 -6.0 -6.0 -6.0 -6.0 -6.0 -6.0 -6.0 -6.0 -4.04908 -1.72871 -0.58561 -0.15697 -0.57861 -0.43269 0.62326 0.73253 0.53889 1.14891 1.20395 1.18229 1.26012 1.15365 1.01142 1.03643 1.18407 1.03334 1.03337 1.11186 0.54555 -0.40815 -1.87031 -6.0 -6.0 -6.0 -6.0 -6.0 -6.0 -6.0 -6.0 -6.0 -6.0 -6.0 -6.0 -6.0 -6.0 -6.0 -6.0 -6.0 -6.0 -6.0 -6.0 -6.0 -6.0 -6.0 -6.0 -6.0 -6.0 -6.0 -6.0 -6.0 -6.0 -6.0 -3.19559 -0.14253 0.7855 -0.19095 -1.73549 -4.1927 -6.0 -6.0 -6.0 -6.0 -6.0 -6.0 -6.0 -6.0 -6.0 -6.0 -6.0 -6.0 -6.0 -6.0 -6.0 -6.0 -6.0 -6.0 -6.0
-6.0 -6.0 -6.0 -6.0 -6.0 -6.0 -6.0 -6.0 -6.0 -6.0 -6.0 -6.0 -6.0 -6.0 -6.0 -6.0 -6.0 -6.0 -6.0 -6.0 -6.0 -6.0 -6.0 -6.0 -6.0 -6.0 -6.0 -6.0 -6.0 -6.0 -6.0 -0.62918 7.9396 11.63816 12.0085 11.03888 10.8215 10.54058 10.40536 9.97676 9.40722 7.33765 6.83708 7.90848 8.06136 8.41569 8.94277 8.92185 8.81871 7.90675 6.30513 4.44533 2.16923 1.65243 1.48646 1.3775 1.35517 1.48374 1.41445 1.48672 1.5561 1.47031 1.52427 1.62777 1.52981 1.29231 1.18849 1.14638 1.16037 1.18163 1.22001 1.28137 1.35531 1.73686 1.48631 1.3671 1.36762 1.39209 1.40486 1.38675 1.36004 1.36598 1.40009 1.34172 1.13289 1.0748 1.03836 0.9993 0.94096 0.87359 0.8422 0.80538 0.77958 0.77886 0.8022 0.65604 0.47673 0.38449 0.22889 0.16581 0.19787 0.30657 0.3341 0.14573 -0.18606 -0.32403 -0.66748 -0.84411 -0.93299 -1.01869 -1.09722 -1.24833 -1.80963 -3.21581 -6.0 -6.0 -6.0 -6.0 -6.0 -6.0 -6.0 -6.0 -6.0 -6.0 -6.0 -6.0 -6.0 -6.0 -6.0 -6.0 -6.0 -6.0 -6.0 -6.0 -6.0 -6.0 -6.0 -6.0 -6.0 -6.0 -6.0 -2.1695 -1.47264 -1.20715 -0.78847 0.39737 0.73035 1.11547 1.50362 1.61417 1.3024 1.14123 0.94687 0.7311 0.24857 0.12259 0.13753 0.25502 0.36581 0.32625 0.44494 0.63707 0.83075 -0.10102 -2.27269 -5.12394 -6.0 -6.0 -6.0 -6.0 -6.0 -6.0 -6.0 -6.0 -6.0 -6.0 -6.0 -6.0 -6.0 -6.0 -6.0 -6.0 -6.0 -6.0 -6.0 -6.0 -6.0 -6.0 -6.0 -6.0 -6.0 -6.0 -6.0 -6.0 -6.0 -6.0 -1.98635 0.08941 0.98176 -0.70771 -1.98706 -6.0 -6.0 -6.0 -6.0 -6.0 -6.0 -6.0 -6.0 -6.0 -6.0 -6.0 -6.0 -6.0 -6.0 -6.0 -6.0 -6.0 -6.0 -6.0 -6.0 -6.0
-6.0 -6.0 -6.0 -6.0 -6.0 -6.0 -6.0 -6.0 -6.0 -6.0 -6.0 -6.0 -6.0 -6.0 -6.0 -6.0 -6.0 -6.0 -6.0 -6.0 -6.0 -6.0 -6.0 -6.0 -6.0 -6.0 -6.0 -6.0 -6.0 -6.0 -6.0 -1.47101 3.7494 6.47146 9.07235 10.53933 10.75474 9.34558 8.40485 6.36463 5.51936 4.55449 4.19443 4.98597 5.97459 7.72833 8.04602 8.05547 8.1151 7.78038 6.87698 4.80253 2.19811 1.66876 1.54252 1.43922 1.34801 1.42259 1.42337 1.45264 1.49618 1.49134 1.53405 1.51466 1.44823 1.35521 1.26285 1.19683 1.22117 1.22801 1.2359 1.27457 1.42931 1.54066 1.46952 1.40009 1.43046 1.42197 1.38978 1.38812 1.38999 1.4361 1.38596 1.16266 1.10135 1.00216 0.94372 0.9221 0.91715 0.83708 0.79163 0.70012 0.67645 0.76639 0.78264 0.56518 0.39801 0.3614 0.20487 0.00803 0.09779 0.1239 0.06384 -0.06627 -0.37365 -0.51376 -0.74089 -0.85753 -1.00189 -1.26185 -1.73265 -2.15187 -2.39134 -6.0 -6.0 -6.0 -6.0 -6.0 -6.0 -6.0 -6.0 -6.0 -6.0 -6.0 -6.0 -6.0 -6.0 -6.0 -6.0 -6.0 -6.0 -6.0 -6.0 -6.0 -6.0 -6.0 -6.0 -6.0 -6.0 -6.0 -2.22044 -1.72043 -1.10247 -0.41401 0.18098 1.31754 1.15601 0.09178 -0.22026 -0.11813 -0.28503 -0.50445 -0.70594 -0.60809 -0.6232 -0.38134 0.15 0.17497 0.11695 0.14002 0.31553 0.63613 0.27275 -1.72601 -5.97568 -6.0 -6.0 -6.0 -6.0 -6.0 -6.0 -6.0 -6.0 -6.0 -6.0 -6.0 -6.0 -6.0 -6.0 -6.0 -6.0 -6.0 -6.0 -6.0 -6.0 -6.0 -6.0 -6.0 -6.0 -6.0 -6.0 -6.0 -6.0 -6.0 -5.98303 -1.82697 0.6254 0.74943 -0.99184 -1.88587 -5.96756 -6.0 -6.0 -6.0 -6.0 -6.0 -6.0 -6.0 -6.0 -6.0 -6.0 -6.0 -6.0 -6.0 -6.0 -6.0 -6.0 -6.0 -6.0 -6.0 -6.0 -6.0
-6.0 -6.0 -6.0 -6.0 -6.0 -6.0 -6.0 -6.0 -6.0 -6.0 -5.06405 -5.07106 -5.06318 -5.06807 -5.06967 -5.07038 -5.07082 -5.07415 -5.07406 -5.0727 -6.0 -5.07384 -6.0 -6.0 -6.0 -6.0 -6.0 -6.0 -6.0 -6.0 -6.0 -2.76557 1.50338 3.88278 7.38378 9.12855 8.62682 6.35861 5.28708 4.05048 3.51727 3.31423 3.08959 3.33862 4.31013 6.24884 7.34746 7.60866 7.88033 7.82918 7.32777 5.45328 2.63592 1.78931 1.56888 1.4991 1.39662 1.43001 1.44586 1.44751 1.46421 1.4929 1.5337 1.47561 1.44117 1.39521 1.29766 1.21692 1.23593 1.23718 1.2571 1.32903 1.49517 1.4716 1.46348 1.41537 1.43523 1.41932 1.3874 1.3966 1.40616 1.39859 1.28857 1.09784 1.09232 0.982 0.90227 0.87022 0.8148 0.75082 0.71168 0.64905 0.6483 0.69032 0.69299 0.47567 0.31784 0.21264 0.11375 -0.05365 -5e-05 -0.00968 -0.08053 -0.19103 -0.43127 -0.57679 -0.78732 -0.88809 -1.21906 -1.75219 -2.14861 -5.05575 -6.0 -6.0 -6.0 -6.0 -6.0 -6.0 -6.0 -6.0 -6.0 -6.0 -6.0 -6.0 -6.0 -6.0 -6.0 -6.0 -6.0 -6.0 -6.0 -6.0 -6.0 -6.0 -6.0 -6.0 -6.0 -6.0 -6.0 -6.0 -1.45985 -1.28587 -1.01869 -0.1941 0.90502 1.01297 0.12243 -0.65371 -0.8752 -0.67994 -0.65994 -0.8072 -0.74538 -0.65972 -0.47562 -0.02716 0.22241 0.07838 0.018 0.10631 0.39347 0.56607 -0.67607 -4.94357 -6.0 -6.0 -6.0 -6.0 -6.0 -6.0 -6.0 -6.0 -6.0 -6.0 -6.0 -6.0 -6.0 -6.0 -6.0 -6.0 -6.0 -6.0 -6.0 -6.0 -6.0 -6.0 -6.0 -6.0 -6.0 -6.0 -6.0 -6.0 -5.0692 -4.71304 -1.14884 1.00208 0.52536 -0.99572 -1.95247 -6.0 -6.0 -6.0 -6.0 -6.0 -6.0 -6.0 -6.0 -6.0 -6.0 -6.0 -6.0 -6.0 -6.0 -6.0 -6.0 -6.0 -6.0 -6.0 -6.0 -6.0 -6.0 -6.0
-6.0 -6.0 -6.0 -6.0 -6.0 -6.0 -3.86704 -0.54407 -0.79761 0.01237 1.29625 1.38432 1.77276 1.9966 1.91883 1.6989 1.63947 1.19729 0.85526 1.12079 0.03585 0.009 -0.18984 -0.50515 -0.78773 -0.79759 -0.77546 -1.26115 -4.06208 -6.0 -6.0 -2.84144 0.90621 3.39911 6.6945 6.46712 3.7803 2.36489 2.25412 2.78144 2.89449 2.77172 2.54837 2.24917 2.38233 3.29416 5.83987 7.08917 7.63142 7.81622 7.78161 7.08183 4.19792 2.63418 1.73915 1.62978 1.50939 1.50328 1.48318 1.46818 1.46566 1.49401 1.508 1.49541 1.54078 1.45992 1.32663 1.22382 1.21082 1.2769 1.39133 1.53801 1.54735 1.52453 1.43551 1.38921 1.37719 1.36806 1.36712 1.38918 1.45617 1.43009 1.178 1.11053 1.02555 0.96573 0.8281 0.75249 0.62259 0.60173 0.66395 0.59604 0.52132 0.42901 0.40916 0.3114 0.18074 -0.03025 -0.05795 -0.20023 -0.17484 -0.22443 -0.36157 -0.37226 -0.54712 -0.6929 -1.37245 -1.78537 -2.08095 -6.0 -6.0 -6.0 -6.0 -6.0 -6.0 -6.0 -6.0 -6.0 -6.0 -6.0 -6.0 -6.0 -6.0 -6.0 -6.0 -6.0 -6.0 -6.0 -6.0 -6.0 -6.0 -6.0 -6.0 -6.0 -6.0 -6.0 -6.0 -6.0 -6.0 -3.01381 -1.30502 -1.06626 -0.99052 -0.4215 1.5714 0.62012 0.09897 -0.48365 -0.73097 -0.75313 -0.68483 -0.8443 -0.67852 -0.63644 -0.00607 0.45558 0.30458 0.20007 0.05847 -0.16718 0.31518 -1.21788 -5.98401 -6.0 -6.0 -6.0 -6.0 -6.0 -6.0 -6.0 -6.0 -6.0 -6.0 -6.0 -6.0 -6.0 -6.0 -6.0 -6.0 -6.0 -6.0 -6.0 -6.0 -6.0 -6.0 -6.0 -6.0 -6.0 -6.0 -6.0 -6.0 -5.0943 -1.20893 0.02062 1.25548 0.06478 -1.47026 -3.04723 -6.0 -6.0 -6.0 -6.0 -6.0 -6.0 -6.0 -6.0 -6.0 -6.0 -6.0 -6.0 -6.0 -6.0 -6.0 -6.0 -6.0 -6.0 -6.0 -6.0 -6.0 -6.0 -6.0 -6.0
-6.0 -6.0 -6.0 -6.0 -6.0 -2.96596 -0.98192 1.73626 1.57871 3.45411 5.56499 5.93082 6.69387 7.53095 7.45397 7.0869 6.96226 5.90787 5.43888 5.48415 2.55465 1.79709 1.42472 1.00033 0.66173 0.68613 0.97102 0.15436 -1.38297 -1.72576 -2.68897 -1.21912 1.02463 4.19571 6.61379 5.67447 2.01792 1.55137 1.87039 2.6254 2.82929 2.71356 2.46456 1.93873 1.75764 2.16617 4.66727 6.57544 7.35676 7.77207 7.82132 7.62458 5.54573 3.53875 1.91772 1.67919 1.49571 1.44284 1.43574 1.45309 1.49295 1.50839 1.51103 1.49318 1.58218 1.4782 1.31984 1.2206 1.20374 1.30876 1.4978 1.5719 1.52046 1.55034 1.43144 1.37405 1.36721 1.3576 1.36067 1.37316 1.48071 1.4623 1.16787 1.0909 0.95991 0.89988 0.75988 0.66491 0.58431 0.62874 0.67852 0.53003 0.39409 0.339 0.30111 0.22544 0.09638 -0.15561 -0.19622 -0.33761 -0.25786 -0.29509 -0.46216 -0.50385 -0.66163 -0.86118 -1.82559 -6.0 -6.0 -6.0 -6.0 -6.0 -6.0 -6.0 -6.0 -6.0 -6.0 -6.0 -6.0 -6.0 -6.0 -6.0 -6.0 -6.0 -6.0 -6.0 -6.0 -6.0 -6.0 -6.0 -6.0 -6.0 -6.0 -6.0 -6.0 -6.0 -6.0 -6.0 -6.0 -1.93247 -1.31132 -1.11153 -1.10326 -0.70457 1.44541 0.97951 0.42202 -0.22827 -0.57548 -0.73749 -0.71866 -0.86528 -0.68025 -0.32004 0.19787 0.6338 0.59373 0.5877 0.1373 -0.45145 -0.74325 -5.12359 -6.0 -6.0 -6.0 -6.0 -6.0 -6.0 -6.0 -6.0 -6.0 -6.0 -6.0 -6.0 -6.0 -6.0 -6.0 -6.0 -6.0 -6.0 -6.0 -6.0 -6.0 -6.0 -6.0 -6.0 -6.0 -6.0 -6.0 -6.0 -5.0327 -0.99206 0.70691 0.81582 -0.56866 -1.81685 -5.10659 -6.0 -6.0 -6.0 -6.0 -6.0 -6.0 -6.0 -6.0 -6.0 -6.0 -6.0 -6.0 -6.0 -6.0 -6.0 -6.0 -6.0 -6.0 -6.0 -6.0 -6.0 -6.0 -6.0 -6.0 -6.0
-6.0 -6.0 -6.0 -3.10499 -0.84564 0.5862 2.63156 3.50984 4.09707 5.23813 5.80471 5.83439 6.02296 6.90195 7.25878 7.38142 7.43333 7.47335 7.09891 5.66953 2.12314 0.97562 0.74048 0.62166 0.68133 0.78839 1.43991 1.33066 0.71025 0.63312 0.63013 0.51379 0.72171 3.22558 4.07099 3.29029 1.70307 1.58272 1.5698 2.38621 2.88417 2.84769 2.5321 1.81092 1.54364 1.71473 2.95581 5.01889 6.79737 7.65416 7.80204 7.81972 7.36908 5.65247 2.60783 1.73584 1.49318 1.34984 1.34397 1.42904 1.52832 1.51063 1.53796 1.49471 1.55462 1.52358 1.38234 1.24877 1.26883 1.42852 1.49589 1.45174 1.4814 1.54954 1.47618 1.42956 1.41593 1.40839 1.34864 1.4064 1.43058 1.2764 1.05196 0.95004 0.86168 0.75653 0.67459 0.62281 0.58987 0.62542 0.514 0.2661 0.2491 0.30125 0.22069 0.08368 -0.05475 -0.31412 -0.42548 -0.51388 -0.42814 -0.38434 -0.51664 -0.646 -0.80644 -1.36591 -6.0 -6.0 -6.0 -6.0 -6.0 -6.0 -6.0 -6.0 -6.0 -6.0 -6.0 -6.0 -6.0 -6.0 -6.0 -6.0 -6.0 -6.0 -6.0 -6.0 -6.0 -6.0 -6.0 -6.0 -6.0 -6.0 -6.0 -6.0 -6.0 -6.0 -6.0 -6.0 -6.0 -1.81648 -1.23566 -1.08579 -1.05211 -0.96526 0.31653 1.38172 0.64863 0.27681 -0.15917 -0.5195 -0.74543 -0.90011 -0.68759 0.54725 0.74233 0.7634 0.65472 0.03139 -1.07081 -1.30552 -5.95841 -6.0 -6.0 -6.0 -6.0 -6.0 -6.0 -6.0 -6.0 -6.0 -6.0 -6.0 -6.0 -6.0 -6.0 -6.0 -6.0 -6.0 -6.0 -6.0 -6.0 -6.0 -6.0 -6.0 -6.0 -6.0 -6.0 -6.0 -6.0 -5.06045 -0.63804 1.14048 0.62306 -0.99739 -2.08672 -6.0 -6.0 -6.0 -6.0 -6.0 -6.0 -6.0 -6.0 -6.0 -6.0 -6.0 -6.0 -6.0 -6.0 -6.0 -6.0 -6.0 -6.0 -6.0 -6.0 -6.0 -6.0 -6.0 -6.0 -6.0 -6.0 -6.0
-6.0 -6.0 -2.0643 -0.60672 2.04278 2.79001 3.09146 3.76856 4.33012 5.06189 5.67971 5.81812 5.83712 6.17448 6.52241 6.7863 6.83434 6.90717 6.12954 4.03756 1.16975 0.89295 0.7989 0.65932 0.57721 0.63031 1.14431 1.01978 0.47091 0.28148 0.16858 0.13938 0.18441 0.82283 1.31968 1.16128 1.52328 1.90045 1.67958 2.40482 3.07691 3.01648 2.57976 1.82896 1.59596 1.68102 2.62527 4.25914 6.58166 7.60183 7.79119 7.83487 7.91132 7.09142 3.59661 2.08953 1.68781 1.55475 1.51343 1.55174 1.58795 1.56324 1.58072 1.55113 1.56299 1.62506 1.55072 1.41528 1.46084 1.6092 1.52124 1.54074 1.68369 1.74031 1.62061 1.47017 1.43051 1.41209 1.35767 1.45479 1.36002 1.11634 0.97079 0.84886 0.76655 0.70746 0.60372 0.64627 0.61236 0.48676 0.32437 0.11809 0.11029 0.19003 0.14331 0.002 -0.14065 -0.35195 -0.48725 -0.57389 -0.56226 -0.5497 -0.64091 -0.74954 -1.21421 -1.75784 -6.0 -6.0 -6.0 -6.0 -6.0 -6.0 -6.0 -6.0 -6.0 -6.0 -6.0 -6.0 -6.0 -6.0 -6.0 -6.0 -6.0 -6.0 -6.0 -6.0 -6.0 -6.0 -6.0 -6.0 -6.0 -6.0 -6.0 -6.0 -6.0 -6.0 -6.0 -6.0 -6.0 -1.4051 -1.09489 -1.01445 -0.97408 -0.95924 -0.713 1.23668 1.01211 0.5425 0.22751 -0.12423 -0.54294 -0.81653 -0.71374 0.51998 0.67034 0.69235 0.3002 -0.67379 -3.11641 -4.98503 -5.03036 -6.0 -6.0 -5.06652 -4.93013 -4.92865 -4.96384 -4.98496 -6.0 -6.0 -6.0 -6.0 -5.06277 -5.04812 -6.0 -6.0 -6.0 -6.0 -6.0 -6.0 -6.0 -6.0 -6.0 -6.0 -6.0 -6.0 -6.0 -6.0 -6.0 -1.25311 1.01323 0.33271 -1.06404 -2.95141 -6.0 -6.0 -6.0 -6.0 -6.0 -6.0 -6.0 -6.0 -6.0 -6.0 -6.0 -6.0 -6.0 -6.0 -6.0 -6.0 -6.0 -6.0 -6.0 -6.0 -6.0 -6.0 -6.0 -6.0 -6.0 -6.0 -6.0 -6.0
-6.0 -6.0 0.60866 1.27992 2.43349 2.94796 3.1661 3.48277 3.81271 4.33801 4.92872 5.69477 5.83832 6.27422 6.58104 6.13861 5.75326 4.06352 2.65352 1.74103 1.09823 1.15963 1.10135 0.92259 0.8643 0.90064 1.01885 0.94628 0.54566 0.3325 0.1584 0.10722 0.13052 0.28637 0.56421 0.61561 0.83551 1.60668 1.92099 2.98107 3.69376 3.22989 2.57773 1.92777 1.56886 1.46353 1.80227 3.06607 5.87486 7.5149 8.18335 8.43894 8.47512 8.10612 5.31195 3.23575 2.00838 1.90821 1.82131 1.81298 1.76587 1.75083 1.75067 1.71079 1.70948 1.73564 1.79086 1.87515 1.89705 1.91696 1.94215 2.20668 2.46448 2.54434 2.27457 1.66373 1.55131 1.49602 1.51416 1.46884 1.24924 1.16709 0.90364 0.76179 0.73459 0.68486 0.51875 0.52405 0.47291 0.42964 0.32417 0.1153 0.06513 0.09238 0.10148 -0.02961 -0.17856 -0.3205 -0.47936 -0.58056 -0.62595 -0.72984 -0.82182 -0.96507 -2.15005 -6.0 -6.0 -6.0 -6.0 -6.0 -6.0 -6.0 -6.0 -6.0 -6.0 -6.0 -6.0 -6.0 -6.0 -6.0 -6.0 -6.0 -6.0 -6.0 -6.0 -6.0 -6.0 -6.0 -6.0 -6.0 -6.0 -6.0 -6.0 -6.0 -6.0 -6.0 -6.0 -5.09418 -1.78354 -1.25498 -1.09364 -1.0188 -0.87609 -0.85012 -0.82999 -0.00787 0.95795 0.72772 0.13268 0.29098 0.12749 -0.20269 -0.38248 0.03486 0.39976 0.67927 0.52265 0.30138 -0.45902 -0.67527 -0.85236 -1.76991 -1.76312 -0.36399 0.22542 0.23814 -0.17363 -1.12551 -1.72606 -1.6064 -1.43144 -1.29458 -1.07569 -1.3458 -2.08174 -6.0 -6.0 -6.0 -6.0 -6.0 -6.0 -6.0 -6.0 -6.0 -6.0 -6.0 -6.0 -6.0 -4.22807 0.9812 0.69174 -0.89056 -2.14827 -6.0 -6.0 -6.0 -6.0 -6.0 -6.0 -6.0 -6.0 -6.0 -6.0 -6.0 -6.0 -6.0 -6.0 -6.0 -6.0 -6.0 -6.0 -6.0 -6.0 -6.0 -6.0 -6.0 -6.0 -6.0 -6.0 -6.0 -6.0 -6.0
-6.0 -6.0 0.79127 0.84862 2.15858 2.95141 3.17068 3.44345 3.6918 3.92552 4.22192 5.02937 5.49387 6.13571 6.09453 4.68781 3.91461 2.31889 1.34192 1.14499 1.28019 1.75559 1.40046 1.11895 1.15034 1.23809 1.27463 1.06871 0.79324 0.58422 0.279 0.23784 0.271 0.27043 0.38259 0.56521 0.79376 1.70873 2.34529 3.67751 4.10923 3.28842 2.77387 1.99364 1.4593 1.35951 1.28146 1.76165 4.62331 7.35396 8.8333 9.26538 8.9308 8.53517 6.66597 4.2992 2.15468 1.8911 1.79375 1.79304 1.69108 1.71145 1.6967 1.71927 1.71855 1.75895 1.81908 1.91561 1.94261 1.94524 2.13533 2.56791 2.6984 2.52062 2.14424 1.87462 1.79045 1.69158 1.48382 1.39414 1.27762 1.15036 0.87216 0.7608 0.78132 0.73846 0.5793 0.54636 0.47079 0.37935 0.23909 0.12896 0.08493 0.04851 0.05917 -0.03803 -0.16483 -0.2807 -0.45022 -0.58146 -0.6752 -0.77473 -0.92023 -1.26007 -2.28038 -6.0 -6.0 -6.0 -6.0 -6.0 -6.0 -6.0 -6.0 -6.0 -6.0 -6.0 -6.0 -6.0 -6.0 -6.0 -6.0 -6.0 -6.0 -6.0 -6.0 -6.0 -6.0 -6.0 -6.0 -6.0 -6.0 -6.0 -6.0 -6.0 -6.0 -6.0 -6.0 -5.07187 -1.07318 -1.13306 -1.27525 -1.09758 -0.89904 -1.00068 -1.21854 -1.18545 -0.3248 0.9548 0.61499 0.48113 0.3109 0.33003 0.14824 -0.04214 0.20187 0.52355 0.62396 0.62125 0.49727 0.42463 0.3579 0.3946 0.285 0.52569 0.77207 0.91771 0.70283 0.51912 0.42547 0.38965 0.50063 0.5205 0.269 -0.50229 -1.32426 -2.08046 -3.22992 -6.0 -6.0 -6.0 -6.0 -6.0 -6.0 -6.0 -6.0 -6.0 -6.0 -6.0 -2.15068 1.28334 -0.3578 -1.29382 -5.94835 -6.0 -6.0 -6.0 -6.0 -6.0 -6.0 -6.0 -6.0 -6.0 -6.0 -6.0 -6.0 -6.0 -6.0 -6.0 -6.0 -6.0 -6.0 -6.0 -6.0 -6.0 -6.0 -6.0 -6.0 -6.0 -6.0 -6.0 -6.0 -6.0
-6.0 -6.0 -0.99256 0.71358 2.43428 2.95613 3.16088 3.40907 3.7787 4.03221 3.80135 2.95919 3.62057 4.24574 3.32778 1.8024 1.4527 1.32981 1.24896 1.29448 1.59881 1.684 1.27718 1.2269 1.39304 1.42844 1.29537 1.17111 0.95069 0.82078 0.55831 0.41415 0.35743 0.4531 0.61641 0.88956 1.39823 2.15878 3.36417 4.43728 4.10741 3.06139 2.27926 1.34101 1.16621 1.11921 0.99482 1.19919 2.91655 6.51244 8.00131 8.5698 8.79353 8.75664 8.07127 5.95647 2.65222 1.88172 1.79202 1.78554 1.69732 1.67652 1.65645 1.69579 1.73901 1.78884 1.8461 1.97562 2.00744 2.04322 2.44529 2.78439 2.65465 2.44151 1.96666 1.8492 1.79655 1.69409 1.44294 1.30788 1.09063 0.9717 0.8712 0.77703 0.72091 0.65378 0.5821 0.42613 0.31444 0.17776 0.03816 -0.03076 -0.06388 -0.07126 -0.00039 -0.08664 -0.20714 -0.4117 -0.56061 -0.6205 -0.80311 -0.93143 -1.1111 -1.90588 -6.0 -6.0 -6.0 -6.0 -6.0 -6.0 -6.0 -6.0 -6.0 -6.0 -6.0 -6.0 -6.0 -6.0 -6.0 -6.0 -6.0 -6.0 -6.0 -6.0 -6.0 -6.0 -6.0 -6.0 -6.0 -6.0 -6.0 -6.0 -6.0 -6.0 -6.0 -6.0 -6.0 -5.04726 -0.60167 -1.30839 -1.94869 -1.683 -1.59066 -1.50583 -1.30154 -1.22696 -1.09698 -0.3957 0.76673 0.99757 0.61973 0.46365 0.33728 0.37528 0.4335 0.45247 0.41818 0.56614 0.8959 1.0071 0.95105 1.19683 1.00051 1.2516 1.21648 1.35105 1.29156 1.31929 1.41481 1.35233 1.48495 1.7515 1.60811 -0.23677 -0.98936 -1.12704 -1.62043 -3.25243 -6.0 -6.0 -6.0 -6.0 -6.0 -6.0 -6.0 -6.0 -6.0 -6.0 -1.50076 1.51487 -0.71628 -1.69422 -5.96863 -6.0 -6.0 -6.0 -6.0 -6.0 -6.0 -6.0 -6.0 -6.0 -6.0 -6.0 -6.0 -6.0 -6.0 -6.0 -6.0 -6.0 -6.0 -6.0 -6.0 -6.0 -6.0 -6.0 -6.0 -6.0 -6.0 -6.0 -6.0 -6.0
-6.0 -6.0 -5.02518 -2.62334 1.14141 2.60788 2.96733 3.36903 4.05452 4.28334 3.96408 3.42036 3.13024 3.02558 2.80636 2.51686 2.40243 2.14805 1.95475 1.78772 1.85834 1.92153 1.61298 1.47743 1.61237 1.43522 1.18393 1.1136 1.03228 0.97067 0.76339 0.66606 0.70186 0.98257 1.27793 1.90084 3.27227 3.82454 3.95574 3.30671 2.91886 2.01993 1.40441 1.1097 1.05906 0.98779 0.8939 1.19056 3.1709 6.02734 7.06538 7.64797 8.28821 8.59836 8.68136 7.52374 3.8917 2.22298 1.83367 1.72279 1.65862 1.65747 1.64267 1.6781 1.7001 1.75748 1.85161 1.97618 1.9401 2.16702 2.7903 2.844 2.564 2.33871 1.95661 1.75773 1.69027 1.60413 1.37898 1.2384 1.04637 0.93658 0.78866 0.69287 0.61544 0.48353 0.31617 0.21015 0.07904 0.01782 -0.08087 -0.17749 -0.21813 -0.25882 -0.18192 -0.22911 -0.31636 -0.50048 -0.59825 -0.65831 -0.90835 -1.22453 -2.08162 -5.99918 -6.0 -6.0 -6.0 -6.0 -6.0 -6.0 -6.0 -6.0 -6.0 -6.0 -6.0 -6.0 -6.0 -6.0 -6.0 -6.0 -6.0 -6.0 -6.0 -6.0 -6.0 -6.0 -6.0 -6.0 -6.0 -6.0 -6.0 -6.0 -6.0 -6.0 -6.0 -6.0 -6.0 -5.0543 -0.96967 -1.1548 -1.7128 -1.82108 -1.7648 -1.4816 -1.31238 -1.04354 -0.78916 -0.78168 -0.85728 -0.04302 0.71194 0.92312 0.80633 0.47349 0.08946 0.06785 0.35421 0.85233 0.87371 1.07658 0.9653 0.89589 0.78812 0.69581 0.40336 0.07401 -0.48526 -0.57201 -0.77074 -0.67074 -0.66363 0.03029 1.75432 1.53388 -0.04811 -0.86977 -0.90012 -2.18381 -5.05908 -5.04454 -5.07052 -6.0 -6.0 -6.0 -6.0 -6.0 -6.0 -5.06411 -0.48075 0.71723 -0.89376 -2.0815 -6.0 -6.0 -6.0 -6.0 -6.0 -6.0 -6.0 -6.0 -6.0 -6.0 -6.0 -6.0 -6.0 -6.0 -6.0 -6.0 -6.0 -6.0 -6.0 -6.0 -6.0 -6.0 -6.0 -6.0 -6.0 -6.0 -6.0 -6.0 -6.0 -6.0
-6.0 -6.0 -6.0 -6.0 -2.05562 -0.56069 2.27853 3.4594 4.2463 4.56049 4.56177 4.64875 4.54461 4.46605 4.44651 4.45957 4.45416 4.39773 4.32603 4.28513 4.29171 4.28682 3.82237 3.26632 2.57618 2.08463 1.41836 1.23525 1.10188 1.05742 1.0339 1.11536 1.38073 1.87992 2.64063 4.00691 4.42847 3.40308 2.63954 2.1181 1.80853 1.17968 0.97377 1.13593 1.45883 1.89544 1.5131 2.01867 5.1498 6.76758 6.92778 7.29208 7.92339 8.35654 8.80974 8.39602 5.54763 3.18654 2.00786 1.7121 1.67841 1.69312 1.64708 1.65861 1.68987 1.80226 2.12152 2.30002 2.2324 2.64605 2.97669 2.76104 2.51425 2.17523 1.76586 1.72345 1.64474 1.51958 1.27922 1.16287 0.95388 0.80177 0.63705 0.58178 0.43252 0.28373 0.11225 0.01367 -0.15021 -0.26559 -0.33076 -0.31691 -0.34218 -0.39958 -0.36989 -0.45424 -0.54739 -0.74135 -0.87292 -1.02927 -1.38772 -3.11987 -6.0 -6.0 -6.0 -6.0 -6.0 -6.0 -6.0 -6.0 -6.0 -6.0 -6.0 -6.0 -6.0 -6.0 -6.0 -6.0 -6.0 -6.0 -6.0 -6.0 -6.0 -6.0 -6.0 -6.0 -6.0 -6.0 -6.0 -6.0 -6.0 -6.0 -6.0 -6.0 -6.0 -6.0 -6.0 -5.12349 -1.95539 -1.71583 -1.75415 -2.06322 -2.02249 -1.54775 -1.48498 -1.41598 -1.21648 -0.87905 -1.07578 -0.95375 -0.7389 -0.6572 -0.13658 0.34624 0.66934 0.95876 0.9133 0.87084 0.85627 0.83863 0.72945 0.57221 0.08465 -0.32305 -0.84371 -0.93688 -1.00948 -1.07941 -1.36974 -1.58925 -1.54294 -0.92556 1.44783 1.22322 0.69857 -0.11645 -1.00522 -1.11054 -1.60936 -1.60575 -2.01613 -3.19783 -6.0 -6.0 -6.0 -6.0 -6.0 -2.76088 1.09128 0.57634 -1.01437 -3.15332 -6.0 -6.0 -6.0 -6.0 -6.0 -6.0 -6.0 -6.0 -6.0 -6.0 -6.0 -6.0 -6.0 -6.0 -6.0 -6.0 -6.0 -6.0 -6.0 -6.0 -6.0 -6.0 -6.0 -6.0 -6.0 -6.0 -6.0 -6.0 -6.0 -6.0
-6.0 -6.0 -6.0 -6.0 -6.0 -1.84105 -0.78087 1.44988 2.1151 2.80218 2.35892 3.81387 4.22794 4.22731 4.06321 3.99604 4.06646 4.33603 4.46879 4.48004 4.49911 4.6456 4.89008 4.79953 4.13329 3.79025 3.71069 2.98938 2.25945 2.11489 2.05615 2.2524 2.65202 3.23665 3.48495 3.26303 2.73301 2.11036 1.87745 1.5882 1.29498 1.0449 1.14219 1.45167 2.14159 3.82644 5.22798 5.94097 7.42179 8.23399 8.31913 7.74565 7.61497 8.00237 8.66128 8.71042 7.14759 5.15374 3.45384 2.45327 2.12711 2.06426 1.90259 1.92565 1.97437 2.27787 2.65778 2.72346 2.70561 2.85692 2.93178 2.6904 2.35005 1.84647 1.70559 1.68554 1.594 1.46191 1.23845 1.0977 0.80111 0.63965 0.49811 0.42277 0.27427 0.06898 -0.05016 -0.15012 -0.29173 -0.42199 -0.45421 -0.4655 -0.5019 -0.59487 -0.64714 -0.78593 -0.88082 -1.11976 -1.67092 -2.11299 -5.01625 -6.0 -6.0 -6.0 -6.0 -6.0 -6.0 -6.0 -6.0 -6.0 -6.0 -6.0 -6.0 -6.0 -6.0 -6.0 -6.0 -6.0 -6.0 -6.0 -6.0 -6.0 -6.0 -6.0 -6.0 -6.0 -6.0 -6.0 -6.0 -6.0 -6.0 -6.0 -6.0 -6.0 -6.0 -6.0 -6.0 -6.0 -5.12296 -2.38252 -2.28675 -2.26669 -1.96271 -1.7854 -1.8736 -1.79041 -1.52524 -1.20623 -1.01619 -0.73177 -1.04599 -1.15646 -1.08568 -0.52166 -0.73657 -0.53825 0.02717 0.01958 -0.02446 -0.02366 -0.03024 -0.0544 -0.66979 -0.91268 -0.92525 -0.90792 -0.8603 -0.89625 -0.91466 -1.03702 -1.16938 -0.80819 1.08375 0.57744 0.49055 0.40047 -0.56409 -1.17892 -1.87432 -1.47643 -1.50101 -1.92169 -4.15362 -6.0 -6.0 -6.0 -4.13984 -0.40149 1.29921 0.36234 -1.10044 -5.00846 -6.0 -6.0 -6.0 -6.0 -6.0 -6.0 -6.0 -6.0 -6.0 -6.0 -6.0 -6.0 -6.0 -6.0 -6.0 -6.0 -6.0 -6.0 -6.0 -6.0 -6.0 -6.0 -6.0 -6.0 -6.0 -6.0 -6.0 -6.0 -6.0 -6.0
-6.0 -6.0 -6.0 -6.0 -6.0 -6.0 -6.0 -2.01541 -1.86405 -1.77477 -1.85047 -1.59999 -1.17449 -0.57178 -0.5481 -0.94924 -1.03359 0.17264 1.28321 1.34871 1.2619 1.37052 1.76152 1.65048 1.82614 2.46307 4.13922 5.00268 5.04408 4.67005 4.18215 3.93563 3.1884 3.1771 2.87155 1.96415 1.72693 1.50945 1.34472 1.1152 1.14383 3.1068 4.70086 5.10926 5.94351 7.99824 8.6226 7.94273 7.99068 8.84683 9.34844 8.51422 7.78207 7.84781 8.38545 8.7721 8.6252 7.436 4.60209 3.85416 3.5531 3.02613 2.72789 2.70091 2.79186 2.94295 2.88108 2.78805 2.79421 2.82353 2.65911 2.36888 1.9993 1.7902 1.72937 1.67304 1.56138 1.40577 1.16314 0.60565 -0.06826 0.04085 0.14293 0.16215 0.02089 -0.09472 -0.09694 -0.23938 -0.33195 -0.34238 -0.43417 -0.56853 -0.6423 -1.05278 -1.66176 -2.31445 -2.37744 -6.0 -6.0 -6.0 -6.0 -6.0 -6.0 -6.0 -6.0 -6.0 -6.0 -6.0 -6.0 -6.0 -6.0 -6.0 -6.0 -6.0 -6.0 -6.0 -6.0 -6.0 -6.0 -6.0 -6.0 -6.0 -6.0 -6.0 -6.0 -6.0 -6.0 -6.0 -6.0 -6.0 -6.0 -6.0 -6.0 -6.0 -6.0 -6.0 -6.0 -6.0 -6.0 -6.0 -6.0 -2.28824 -1.83215 -1.92694 -2.10968 -1.77976 -1.65376 -1.63367 -1.27128 -0.83643 -1.27393 -1.21224 -1.07229 -0.8318 -1.04015 -1.11634 -0.82137 -0.89479 -1.22057 -1.0091 -0.47563 -0.28024 -0.63631 -0.92797 -0.864 -0.81809 -0.81995 -0.91248 -0.87091 -0.8463 -0.81219 -0.69181 0.68281 0.4252 0.30641 0.39212 0.28984 -0.87625 -1.21077 -1.492 -1.66759 -2.10091 -5.98355 -6.0 -6.0 -5.11924 -1.27982 0.33949 1.20888 0.33191 -1.27438 -5.01292 -6.0 -6.0 -6.0 -6.0 -6.0 -6.0 -6.0 -6.0 -6.0 -6.0 -6.0 -6.0 -6.0 -6.0 -6.0 -6.0 -6.0 -6.0 -6.0 -6.0 -6.0 -6.0 -6.0 -6.0 -6.0 -6.0 -6.0 -6.0 -6.0 -6.0
-6.0 -6.0 -6.0 -6.0 -6.0 -6.0 -6.0 -6.0 -6.0 -6.0 -6.0 -6.0 -3.28782 -3.15455 -3.15501 -3.25016 -3.25801 -3.10016 -2.84827 -2.8363 -2.85048 -2.84397 -2.78774 -2.81227 -2.72566 -1.16795 1.35599 2.78651 4.24108 4.91118 4.83693 4.26105 3.18449 3.37584 2.26601 1.49005 1.5866 0.89991 0.78904 1.66807 3.19005 5.8906 6.77457 7.86743 8.8642 9.85173 9.39424 8.52747 8.7782 9.78758 9.87224 9.19509 8.14156 7.6861 7.83013 8.41882 9.11389 8.48228 5.84063 3.839 3.5424 3.60092 3.56338 3.41082 3.01936 2.96672 2.88738 2.77833 2.5416 2.4813 2.31988 1.95143 1.8375 1.76578 1.74827 1.62601 1.45813 1.32095 1.09493 0.7558 -0.36368 -1.05891 -2.77946 -1.49939 -1.24577 -2.90604 -2.90529 -2.92425 -2.98348 -2.99876 -3.02559 -3.02759 -1.9101 -1.81349 -3.24003 -6.0 -6.0 -6.0 -6.0 -6.0 -6.0 -6.0 -6.0 -6.0 -6.0 -6.0 -6.0 -6.0 -6.0 -6.0 -6.0 -6.0 -6.0 -6.0 -6.0 -6.0 -6.0 -6.0 -6.0 -6.0 -6.0 -6.0 -6.0 -6.0 -6.0 -6.0 -6.0 -6.0 -6.0 -6.0 -6.0 -6.0 -6.0 -6.0 -6.0 -6.0 -6.0 -6.0 -6.0 -6.0 -6.0 -5.12504 -3.28036 -3.28085 -2.25723 -1.67809 -1.63987 -1.61249 -1.3816 -1.06761 -1.2461 -1.26965 -1.16376 -0.89505 -1.0403 -1.15065 -1.16798 -1.26676 -1.29131 -1.1573 -1.19475 -1.18961 -1.2082 -1.27145 -0.93171 -0.79018 -0.84182 -1.05589 -1.55618 -3.10745 -1.76813 -1.006 0.53055 0.67673 0.38205 0.50269 0.59205 0.19645 -0.6179 -1.09139 -1.16194 -1.36477 -1.81384 -1.98195 -1.88325 -1.03403 -0.26333 0.65743 1.10339 0.0424 -1.67058 -6.0 -6.0 -6.0 -6.0 -6.0 -6.0 -6.0 -6.0 -6.0 -6.0 -6.0 -6.0 -6.0 -6.0 -6.0 -6.0 -6.0 -6.0 -6.0 -6.0 -6.0 -6.0 -6.0 -6.0 -6.0 -6.0 -6.0 -6.0 -6.0 -6.0 -6.0
-6.0 -6.0 -6.0 -6.0 -6.0 -6.0 -6.0 -6.0 -6.0 -6.0 -6.0 -6.0 -6.0 -6.0 -6.0 -6.0 -6.0 -6.0 -6.0 -6.0 -6.0 -6.0 -6.0 -6.0 -6.0 -5.03421 -1.40517 -0.38496 0.66728 1.74641 3.73937 3.85107 3.25563 3.15152 2.02023 1.23441 1.16547 1.44428 2.11547 3.87917 5.92931 7.48953 7.36522 8.25132 9.25204 9.51483 8.61189 7.97647 8.02743 9.01785 9.10676 8.99479 8.13944 7.50466 7.30509 7.90455 9.13588 9.15395 7.40068 4.27056 3.0436 2.8967 2.8404 2.76879 2.6528 2.62927 2.54927 2.48817 2.42201 2.42888 2.2359 1.90755 1.82034 1.76085 1.75738 1.60703 1.39993 1.25974 1.02805 0.8352 -0.42912 -1.26299 -6.0 -2.1227 -1.7741 -6.0 -6.0 -6.0 -6.0 -6.0 -6.0 -6.0 -4.15767 -3.04787 -6.0 -6.0 -6.0 -6.0 -6.0 -6.0 -6.0 -6.0 -6.0 -6.0 -6.0 -6.0 -6.0 -6.0 -6.0 -6.0 -6.0 -6.0 -6.0 -6.0 -6.0 -6.0 -6.0 -6.0 -6.0 -6.0 -6.0 -6.0 -6.0 -6.0 -6.0 -6.0 -6.0 -6.0 -6.0 -6.0 -6.0 -6.0 -6.0 -6.0 -6.0 -6.0 -6.0 -6.0 -6.0 -6.0 -6.0 -6.0 -6.0 -6.0 -2.31081 -1.48048 -1.4872 -1.31926 -1.13682 -1.7561 -1.74409 -1.73312 -1.68481 -1.55435 -1.28616 -1.28972 -1.2429 -1.22634 -1.06381 -1.23308 -1.46753 -1.45822 -1.55348 -1.54167 -1.51186 -1.35554 -1.26425 -1.21059 -1.24873 -1.73161 -1.77559 -2.11983 -0.77608 0.84423 0.44192 -0.36526 0.52078 0.92925 0.82765 0.12002 -0.19288 -0.53309 -0.64326 -0.73516 -0.47793 -0.10129 0.33018 0.67228 0.89489 -0.67878 -3.59173 -6.0 -6.0 -6.0 -6.0 -6.0 -6.0 -6.0 -6.0 -6.0 -6.0 -6.0 -6.0 -6.0 -6.0 -6.0 -6.0 -6.0 -6.0 -6.0 -6.0 -6.0 -6.0 -6.0 -6.0 -6.0 -6.0 -6.0 -6.0 -6.0 -6.0 -6.0
-6.0 -6.0 -6.0 -6.0 -6.0 -6.0 -6.0 -6.0 -6.0 -6.0 -6.0 -6.0 -6.0 -6.0 -6.0 -6.0 -6.0 -6.0 -6.0 -6.0 -6.0 -6.0 -6.0 -6.0 -6.0 -6.0 -6.0 -6.0 -5.092 -2.04972 -0.8137 -0.48748 -0.21913 1.12073 0.49306 2.83713 2.58689 5.20791 6.91987 8.03531 7.72765 6.79644 5.69991 2.17815 1.27465 1.17342 0.61832 0.70404 1.77391 3.86314 4.89181 5.31948 6.21208 6.43089 6.46353 6.97227 8.42826 9.16054 8.8993 5.9237 3.62863 3.23224 3.43318 3.12267 2.76807 2.62162 2.55752 2.52509 2.47713 2.46103 2.29354 1.88118 1.82054 1.79406 1.72258 1.59301 1.37802 1.18833 0.8773 0.67485 -0.31861 -1.00908 -6.0 -6.0 -6.0 -6.0 -6.0 -6.0 -6.0 -6.0 -6.0 -6.0 -6.0 -6.0 -6.0 -6.0 -6.0 -6.0 -6.0 -6.0 -6.0 -6.0 -6.0 -6.0 -6.0 -6.0 -6.0 -6.0 -6.0 -6.0 -6.0 -6.0 -6.0 -6.0 -6.0 -6.0 -6.0 -6.0 -6.0 -6.0 -6.0 -6.0 -6.0 -6.0 -6.0 -6.0 -6.0 -6.0 -6.0 -6.0 -6.0 -6.0 -6.0 -6.0 -6.0 -6.0 -6.0 -6.0 -6.0 -6.0 -6.0 -6.0 -6.0 -6.0 -5.0912 -2.0335 -2.04236 -1.95568 -1.80251 -5.98773 -6.0 -6.0 -6.0 -6.0 -3.26489 -2.04023 -1.50905 -1.37011 -1.24982 -1.37803 -1.38745 -1.40425 -1.38935 -1.42726 -1.46574 -1.44231 -1.27532 -1.35234 -4.95425 -5.06846 -5.07223 -5.10802 -5.0033 -0.48623 0.53231 0.13491 0.71856 1.07136 1.00992 0.91429 1.03066 1.00418 1.54779 1.41506 1.02315 0.76638 0.94285 0.96092 0.25046 -0.9428 -4.13268 -6.0 -6.0 -6.0 -6.0 -6.0 -6.0 -6.0 -6.0 -6.0 -6.0 -6.0 -6.0 -6.0 -6.0 -6.0 -6.0 -6.0 -6.0 -6.0 -6.0 -6.0 -6.0 -6.0 -6.0 -6.0 -6.0 -6.0 -6.0 -6.0 -6.0 -6.0
-6.0 -6.0 -6.0 -6.0 -6.0 -6.0 -6.0 -6.0 -6.0 -6.0 -6.0 -6.0 -6.0 -6.0 -6.0 -6.0 -6.0 -6.0 -6.0 -6.0 -6.0 -6.0 -6.0 -6.0 -6.0 -6.0 -6.0 -6.0 -6.0 -6.0 -6.0 -6.0 -2.31565 -0.29454 0.10974 4.79864 5.46417 6.86098 7.78367 8.5727 7.61037 4.25383 2.47498 -0.86304 -6.0 -6.0 -6.0 -6.0 -1.13169 0.81827 1.51188 2.3105 4.2596 4.98493 5.63315 6.40842 7.86676 8.88682 9.29993 6.9892 3.93001 2.50471 2.74708 2.71815 2.80553 2.77234 2.65217 2.60292 2.53176 2.5705 2.52221 2.07318 1.84195 1.8124 1.70339 1.57155 1.37135 1.01325 0.44135 0.38028 -0.29471 -1.00396 -4.16548 -6.0 -6.0 -6.0 -6.0 -6.0 -6.0 -6.0 -6.0 -6.0 -6.0 -6.0 -6.0 -6.0 -6.0 -6.0 -6.0 -6.0 -6.0 -6.0 -6.0 -6.0 -6.0 -6.0 -6.0 -6.0 -6.0 -6.0 -6.0 -6.0 -6.0 -6.0 -6.0 -6.0 -6.0 -6.0 -6.0 -6.0 -6.0 -6.0 -6.0 -6.0 -6.0 -6.0 -6.0 -6.0 -6.0 -6.0 -6.0 -6.0 -6.0 -6.0 -6.0 -6.0 -6.0 -6.0 -6.0 -6.0 -6.0 -6.0 -6.0 -6.0 -6.0 -6.0 -6.0 -6.0 -6.0 -6.0 -6.0 -6.0 -6.0 -6.0 -6.0 -3.32596 -1.85691 -1.65765 -1.61699 -1.34615 -1.27695 -1.26856 -1.35867 -1.37154 -1.33929 -2.04601 -4.07194 -6.0 -6.0 -6.0 -6.0 -6.0 -6.0 -1.89142 -1.71334 -5.05559 -6.0 -6.0 -6.0 -6.0 -6.0 -2.3756 -1.64923 -1.34071 -1.41199 -1.51291 -1.50652 -1.90161 -2.32249 -6.0 -6.0 -6.0 -6.0 -6.0 -6.0 -6.0 -6.0 -6.0 -6.0 -6.0 -6.0 -6.0 -6.0 -6.0 -6.0 -6.0 -6.0 -6.0 -6.0 -6.0 -6.0 -6.0 -6.0 -6.0 -6.0 -6.0 -6.0 -6.0 -6.0 -6.0 -6.0 -6.0
-6.0 -6.0 -6.0 -6.0 -6.0 -6.0 -6.0 -6.0 -6.0 -6.0 -6.0 -6.0 -6.0 -6.0 -6.0 -6.0 -6.0 -6.0 -6.0 -6.0 -6.0 -6.0 -6.0 -6.0 -6.0 -6.0 -6.0 -6.0 -6.0 -6.0 -6.0 -6.0 -6.0 -1.40826 2.50367 6.48104 7.95099 8.41413 8.54086 8.21927 5.70803 -0.19837 -3.26774 -1.89762 -1.79849 -1.93651 -6.0 -6.0 -6.0 -6.0 -4.179 -0.60119 1.61319 2.18316 3.51989 4.96631 6.81831 7.99451 9.04234 8.01196 5.29407 2.62198 1.94088 1.89114 2.16881 2.61956 2.66937 2.60063 2.54924 2.61426 2.6238 2.54544 2.26564 1.90652 1.76618 1.56979 1.42968 0.92213 0.13579 0.19091 0.11314 -0.56001 -1.76822 -2.2064 -5.98032 -6.0 -6.0 -6.0 -6.0 -6.0 -6.0 -6.0 -6.0 -6.0 -6.0 -6.0 -6.0 -6.0 -6.0 -6.0 -6.0 -6.0 -6.0 -6.0 -6.0 -6.0 -6.0 -6.0 -6.0 -6.0 -6.0 -6.0 -6.0 -6.0 -6.0 -6.0 -6.0 -6.0 -6.0 -6.0 -6.0 -6.0 -6.0 -6.0 -6.0 -6.0 -6.0 -6.0 -6.0 -6.0 -6.0 -6.0 -6.0 -6.0 -6.0 -6.0 -6.0 -6.0 -6.0 -6.0 -6.0 -6.0 -6.0 -6.0 -6.0 -6.0 -6.0 -6.0 -6.0 -6.0 -6.0 -6.0 -6.0 -6.0 -6.0 -6.0 -6.0 -3.08618 -2.17174 -1.62675 -1.78363 -1.95344 -3.1631 -6.0 -6.0 -6.0 -6.0 -6.0 -6.0 -6.0 -6.0 -6.0 -6.0 -6.0 -5.05506 -6.0 -6.0 -6.0 -6.0 -6.0 -6.0 -6.0 -6.0 -6.0 -6.0 -6.0 -6.0 -6.0 -6.0 -6.0 -6.0 -6.0 -6.0 -6.0 -6.0 -6.0 -6.0 -6.0 -6.0 -6.0 -6.0 -6.0 -6.0 -6.0 -6.0 -6.0 -6.0 -6.0 -6.0 -6.0 -6.0 -6.0 -6.0 -6.0 -6.0 -6.0 -6.0 -6.0 -6.0 -6.0 -6.0 -6.0
-6.0 -6.0 -6.0 -6.0 -6.0 -6.0 -6.0 -6.0 -6.0 -6.0 -6.0 -6.0 -6.0 -6.0 -6.0 -6.0 -6.0 -6.0 -6.0 -6.0 -6.0 -6.0 -6.0 -6.0 -6.0 -6.0 -6.0 -6.0 -6.0 -6.0 -6.0 -6.0 -6.0 -1.63896 2.18826 6.70186 8.17446 8.22004 7.89368 6.94894 3.78001 -0.90661 -1.76361 -0.68271 -0.37393 -0.56744 -1.82216 -4.09072 -3.97656 -4.10486 -6.0 -4.21268 -0.41496 0.56409 2.34933 3.93691 6.10701 7.33727 8.64102 8.55539 6.86511 3.23217 1.91211 1.84427 2.02581 2.48155 2.60451 2.61172 2.57955 2.61336 2.68286 2.64828 2.5985 2.40622 1.97155 1.60925 1.48293 1.30635 1.03882 0.92946 0.73588 0.31455 -0.90416 -1.68044 -3.96085 -6.0 -6.0 -6.0 -6.0 -6.0 -6.0 -6.0 -6.0 -6.0 -6.0 -6.0 -6.0 -6.0 -6.0 -6.0 -6.0 -6.0 -6.0 -6.0 -6.0 -6.0 -6.0 -6.0 -6.0 -6.0 -6.0 -6.0 -6.0 -6.0 -6.0 -6.0 -6.0 -6.0 -6.0 -6.0 -6.0 -6.0 -6.0 -6.0 -6.0 -6.0 -6.0 -6.0 -6.0 -6.0 -6.0 -6.0 -6.0 -6.0 -6.0 -6.0 -6.0 -6.0 -6.0 -6.0 -6.0 -6.0 -6.0 -6.0 -6.0 -6.0 -6.0 -6.0 -6.0 -6.0 -6.0 -6.0 -6.0 -6.0 -6.0 -6.0 -6.0 -6.0 -6.0 -4.16594 -6.0 -6.0 -6.0 -6.0 -6.0 -6.0 -6.0 -6.0 -6.0 -6.0 -6.0 -6.0 -6.0 -6.0 -6.0 -6.0 -6.0 -6.0 -6.0 -6.0 -6.0 -6.0 -6.0 -6.0 -6.0 -6.0 -6.0 -6.0 -6.0 -6.0 -6.0 -6.0 -6.0 -6.0 -6.0 -6.0 -6.0 -6.0 -6.0 -6.0 -6.0 -6.0 -6.0 -6.0 -6.0 -6.0 -6.0 -6.0 -6.0 -6.0 -6.0 -6.0 -6.0 -6.0 -6.0 -6.0 -6.0 -6.0 -6.0 -6.0 -6.0 -6.0
-6.0 -6.0 -6.0 -6.0 -6.0 -6.0 -6.0 -6.0 -6.0 -6.0 -6.0 -6.0 -6.0 -6.0 -6.0 -6.0 -6.0 -6.0 -6.0 -6.0 -6.0 -6.0 -6.0 -6.0 -6.0 -6.0 -6.0 -6.0 -6.0 -6.0 -6.0 -6.0 -6.0 -4.85237 -0.10233 4.26249 6.00601 6.46651 4.86087 2.93281 2.23682 1.33763 0.99647 0.65434 0.6658 0.7206 0.45958 -0.5285 0.01045 -0.69912 -1.56799 -1.7391 -2.17978 -1.1693 1.54301 2.91845 5.2627 6.56603 8.13451 8.83485 7.82614 4.04662 2.10118 1.86588 1.97015 2.43825 2.58111 2.6584 2.63235 2.65731 2.6934 2.65132 2.58393 2.53015 2.41242 2.00472 1.72872 1.47304 1.22113 1.10824 0.9402 0.70849 0.37124 0.24308 -0.28307 -2.91093 -6.0 -6.0 -6.0 -6.0 -6.0 -6.0 -6.0 -6.0 -6.0 -6.0 -6.0 -6.0 -6.0 -6.0 -6.0 -6.0 -6.0 -6.0 -6.0 -6.0 -6.0 -6.0 -6.0 -6.0 -6.0 -6.0 -6.0 -6.0 -6.0 -6.0 -6.0 -6.0 -6.0 -6.0 -6.0 -6.0 -6.0 -6.0 -6.0 -6.0 -6.0 -6.0 -6.0 -6.0 -6.0 -6.0 -6.0 -6.0 -6.0 -6.0 -6.0 -6.0 -6.0 -6.0 -6.0 -6.0 -6.0 -6.0 -6.0 -6.0 -6.0 -6.0 -6.0 -6.0 -6.0 -6.0 -6.0 -6.0 -6.0 -6.0 -6.0 -6.0 -6.0 -6.0 -6.0 -6.0 -6.0 -6.0 -6.0 -6.0 -6.0 -6.0 -6.0 -6.0 -6.0 -6.0 -6.0 -6.0 -6.0 -6.0 -6.0 -6.0 -6.0 -6.0 -6.0 -6.0 -6.0 -6.0 -6.0 -6.0 -6.0 -6.0 -6.0 -6.0 -6.0 -6.0 -6.0 -6.0 -6.0 -6.0 -6.0 -6.0 -6.0 -6.0 -6.0 -6.0 -6.0 -6.0 -6.0 -6.0 -6.0 -6.0 -6.0 -6.0 -6.0 -6.0 -6.0 -6.0 -6.0 -6.0 -6.0 -6.0 -6.0 -6.0 -6.0 -6.0
-6.0 -6.0 -6.0 -6.0 -6.0 -6.0 -6.0 -6.0 -6.0 -6.0 -6.0 -6.0 -6.0 -6.0 -6.0 -6.0 -6.0 -6.0 -6.0 -6.0 -6.0 -6.0 -6.0 -6.0 -6.0 -6.0 -6.0 -6.0 -6.0 -6.0 -6.0 -6.0 -6.0 -6.0 -2.07875 1.20205 3.31992 3.87213 1.82378 0.46488 0.33405 0.40878 0.62464 0.75612 0.81162 0.8419 0.83622 0.80843 0.8064 0.76801 0.36507 0.27986 -1.87585 -1.48145 0.62663 1.86947 4.74625 6.14234 7.76656 9.13718 8.32312 4.67172 2.28024 1.85337 1.81819 2.29233 2.56716 2.66139 2.63706 2.66135 2.65336 2.61016 2.61186 2.56145 2.48321 2.33163 2.12721 1.61909 1.30416 1.18805 1.06162 1.00284 0.84943 0.72866 0.50985 -1.12984 -4.15459 -5.98218 -6.0 -6.0 -6.0 -6.0 -6.0 -6.0 -6.0 -6.0 -6.0 -6.0 -6.0 -6.0 -6.0 -6.0 -6.0 -6.0 -6.0 -6.0 -6.0 -6.0 -6.0 -6.0 -6.0 -6.0 -6.0 -6.0 -6.0 -6.0 -6.0 -6.0 -6.0 -6.0 -6.0 -6.0 -6.0 -6.0 -6.0 -6.0 -6.0 -6.0 -6.0 -6.0 -6.0 -6.0 -6.0 -6.0 -6.0 -6.0 -6.0 -6.0 -6.0 -6.0 -6.0 -6.0 -6.0 -6.0 -6.0 -6.0 -6.0 -6.0 -6.0 -6.0 -6.0 -6.0 -6.0 -6.0 -6.0 -6.0 -6.0 -6.0 -6.0 -6.0 -6.0 -6.0 -6.0 -6.0 -6.0 -6.0 -6.0 -6.0 -6.0 -6.0 -6.0 -6.0 -6.0 -6.0 -6.0 -6.0 -6.0 -6.0 -6.0 -6.0 -6.0 -6.0 -6.0 -6.0 -6.0 -6.0 -6.0 -6.0 -6.0 -6.0 -6.0 -6.0 -6.0 -6.0 -6.0 -6.0 -6.0 -6.0 -6.0 -6.0 -6.0 -6.0 -6.0 -6.0 -6.0 -6.0 -6.0 -6.0 -6.0 -6.0 -6.0 -6.0 -6.0 -6.0 -6.0 -6.0 -6.0 -6.0 -6.0 -6.0 -6.0 -6.0
-6.0 -6.0 -6.0 -6.0 -6.0 -6.0 -6.0 -6.0 -6.0 -6.0 -6.0 -6.0 -6.0 -6.0 -6.0 -6.0 -6.0 -6.0 -6.0 -6.0 -6.0 -6.0 -6.0 -6.0 -6.0 -6.0 -6.0 -6.0 -6.0 -6.0 -6.0 -6.0 -6.0 -6.0 -6.0 -4.15679 -2.8887 -2.81342 -2.9709 -1.29065 -1.38002 -0.96677 0.01216 0.61166 0.76912 0.78494 0.81659 0.8326 0.82795 0.7322 -0.43064 -1.72336 -6.0 -5.10297 -0.54302 1.49653 4.00846 5.75148 7.22311 8.85274 8.57088 6.01044 3.03713 2.03922 1.82201 2.37336 2.55569 2.61886 2.61161 2.65638 2.66565 2.60143 2.58951 2.52873 2.46836 2.40179 2.18782 1.56143 1.28182 1.25679 1.20474 1.1633 1.03182 0.94644 0.87967 0.61554 0.02899 -1.10885 -5.97781 -6.0 -6.0 -6.0 -6.0 -6.0 -6.0 -6.0 -6.0 -6.0 -6.0 -6.0 -6.0 -6.0 -6.0 -6.0 -6.0 -6.0 -6.0 -6.0 -6.0 -6.0 -6.0 -6.0 -6.0 -6.0 -6.0 -6.0 -6.0 -6.0 -6.0 -6.0 -6.0 -6.0 -6.0 -6.0 -6.0 -6.0 -6.0 -6.0 -6.0 -6.0 -6.0 -6.0 -6.0 -6.0 -6.0 -6.0 -6.0 -6.0 -6.0 -6.0 -6.0 -6.0 -6.0 -6.0 -6.0 -6.0 -6.0 -6.0 -6.0 -6.0 -6.0 -6.0 -6.0 -6.0 -6.0 -6.0 -6.0 -6.0 -6.0 -6.0 -6.0 -6.0 -6.0 -6.0 -6.0 -6.0 -6.0 -6.0 -6.0 -6.0 -6.0 -6.0 -6.0 -6.0 -6.0 -6.0 -6.0 -6.0 -6.0 -6.0 -6.0 -6.0 -6.0 -6.0 -6.0 -6.0 -6.0 -6.0 -6.0 -6.0 -6.0 -6.0 -6.0 -6.0 -6.0 -6.0 -6.0 -6.0 -6.0 -6.0 -6.0 -6.0 -6.0 -6.0 -6.0 -6.0 -6.0 -6.0 -6.0 -6.0 -6.0 -6.0 -6.0 -6.0 -6.0 -6.0 -6.0 -6.0 -6.0 -6.0 -6.0 -6.0
-6.0 -6.0 -6.0 -6.0 -6.0 -6.0 -6.0 -6.0 -6.0 -6.0 -6.0 -6.0 -6.0 -6.0 -6.0 -6.0 -6.0 -6.0 -6.0 -6.0 -6.0 -6.0 -6.0 -6.0 -6.0 -6.0 -6.0 -6.0 -6.0 -6.0 -6.0 -6.0 -6.0 -6.0 -6.0 -6.0 -6.0 -6.0 -6.0 -4.10115 -4.14938 -4.06153 -3.94179 -1.9626 -1.75195 -1.02194 0.0693 0.57626 0.59587 0.51941 -1.21454 -2.16686 -6.0 -6.0 -0.65421 1.60557 3.91137 5.48756 6.82172 8.65194 8.71363 6.20032 2.44883 1.84876 2.08855 2.50803 2.5558 2.63976 2.63465 2.66325 2.65411 2.63343 2.60078 2.51731 2.45606 2.4134 2.30069 1.92074 1.402 1.33326 1.27237 1.23259 1.18845 1.14566 1.03869 0.94209 0.67087 0.09803 -1.33895 -2.97446 -5.96092 -6.0 -6.0 -6.0 -6.0 -6.0 -6.0 -6.0 -6.0 -6.0 -6.0 -6.0 -6.0 -6.0 -6.0 -6.0 -6.0 -6.0 -6.0 -6.0 -6.0 -6.0 -6.0 -6.0 -6.0 -6.0 -6.0 -6.0 -6.0 -6.0 -6.0 -6.0 -6.0 -6.0 -6.0 -6.0 -6.0 -6.0 -6.0 -6.0 -6.0 -6.0 -6.0 -6.0 -6.0 -6.0 -6.0 -6.0 -6.0 -6.0 -6.0 -6.0 -6.0 -6.0 -6.0 -6.0 -6.0 -6.0 -6.0 -6.0 -6.0 -6.0 -6.0 -6.0 -6.0 -6.0 -6.0 -6.0 -6.0 -6.0 -6.0 -6.0 -6.0 -6.0 -6.0 -6.0 -6.0 -6.0 -6.0 -6.0 -6.0 -6.0 -6.0 -6.0 -6.0 -6.0 -6.0 -6.0 -6.0 -6.0 -6.0 -6.0 -6.0 -6.0 -6.0 -6.0 -6.0 -6.0 -6.0 -6.0 -6.0 -6.0 -6.0 -6.0 -6.0 -6.0 -6.0 -6.0 -6.0 -6.0 -6.0 -6.0 -6.0 -6.0 -6.0 -6.0 -6.0 -6.0 -6.0 -6.0 -6.0 -6.0 -6.0 -6.0 -6.0 -6.0 -6.0 -6.0 -6.0 -6.0 -6.0 -6.0
-6.0 -6.0 -6.0 -6.0 -6.0 -6.0 -6.0 -6.0 -6.0 -6.0 -6.0 -6.0 -6.0 -6.0 -6.0 -6.0 -6.0 -6.0 -6.0 -6.0 -6.0 -6.0 -6.0 -6.0 -6.0 -6.0 -6.0 -6.0 -6.0 -6.0 -6.0 -6.0 -6.0 -6.0 -6.0 -6.0 -6.0 -6.0 -6.0 -6.0 -6.0 -6.0 -6.0 -6.0 -6.0 -5.08256 -5.00289 -4.98089 -2.07141 -1.37418 -4.03105 -5.11835 -6.0 -5.10032 0.18606 2.83392 4.41124 5.55304 6.88589 8.57539 8.76328 6.71054 2.61603 2.46018 2.55865 2.54171 2.56368 2.65769 2.68363 2.73234 2.70702 2.71389 2.63768 2.57143 2.54474 2.47638 2.37353 2.33215 2.02258 1.36907 1.33098 1.3417 1.33774 1.33845 1.28759 1.13679 0.99275 0.85843 0.53237 -0.28196 -1.32164 -5.95365 -6.0 -6.0 -6.0 -6.0 -6.0 -6.0 -6.0 -6.0 -6.0 -6.0 -6.0 -6.0 -6.0 -6.0 -6.0 -6.0 -6.0 -6.0 -6.0 -6.0 -6.0 -6.0 -6.0 -6.0 -6.0 -6.0 -6.0 -6.0 -6.0 -6.0 -6.0 -6.0 -6.0 -6.0 -6.0 -6.0 -6.0 -6.0 -6.0 -6.0 -6.0 -6.0 -6.0 -6.0 -6.0 -6.0 -6.0 -6.0 -6.0 -6.0 -6.0 -6.0 -6.0 -6.0 -6.0 -6.0 -6.0 -6.0 -6.0 -6.0 -6.0 -6.0 -6.0 -6.0 -6.0 -6.0 -6.0 -6.0 -6.0 -6.0 -6.0 -6.0 -6.0 -6.0 -6.0 -6.0 -6.0 -6.0 -6.0 -6.0 -6.0 -6.0 -6.0 -6.0 -6.0 -6.0 -6.0 -6.0 -6.0 -6.0 -6.0 -6.0 -6.0 -6.0 -6.0 -6.0 -6.0 -6.0 -6.0 -6.0 -6.0 -6.0 -6.0 -6.0 -6.0 -6.0 -6.0 -6.0 -6.0 -6.0 -6.0 -6.0 -6.0 -6.0 -6.0 -6.0 -6.0 -6.0 -6.0 -6.0 -6.0 -6.0 -6.0 -6.0 -6.0 -6.0 -6.0 -6.0 -6.0 -6.0
-6.0 -6.0 -6.0 -6.0 -6.0 -6.0 -6.0 -6.0 -6.0 -6.0 -6.0 -6.0 -6.0 -6.0 -6.0 -6.0 -6.0 -6.0 -6.0 -6.0 -6.0 -6.0 -6.0 -6.0 -6.0 -6.0 -6.0 -6.0 -6.0 -6.0 -6.0 -6.0 -6.0 -6.0 -6.0 -6.0 -6.0 -6.0 -6.0 -6.0 -6.0 -6.0 -6.0 -6.0 -6.0 -6.0 -6.0 -6.0 -6.0 -2.3071 -6.0 -6.0 -6.0 -6.0 -0.38362 2.12165 4.19645 5.43296 6.97745 8.19953 8.29887 6.81397 3.17058 2.7766 2.64427 2.57328 2.60617 2.66466 2.75478 2.7776 2.69604 2.71479 2.7215 2.64948 2.59138 2.51067 2.40963 2.39642 2.1512 1.39062 1.25214 1.20987 1.17652 1.2504 1.31652 1.28084 1.19501 1.04563 0.90704 0.51075 0.18867 -0.3624 -0.98305 -6.0 -6.0 -6.0 -6.0 -6.0 -6.0 -6.0 -6.0 -6.0 -6.0 -6.0 -6.0 -6.0 -6.0 -6.0 -6.0 -6.0 -6.0 -6.0 -6.0 -6.0 -6.0 -6.0 -6.0 -6.0 -6.0 -6.0 -6.0 -6.0 -6.0 -6.0 -6.0 -6.0 -6.0 -6.0 -6.0 -6.0 -6.0 -6.0 -6.0 -6.0 -6.0 -6.0 -6.0 -6.0 -6.0 -6.0 -6.0 -6.0 -6.0 -6.0 -6.0 -6.0 -6.0 -6.0 -6.0 -6.0 -6.0 -6.0 -6.0 -6.0 -6.0 -6.0 -6.0 -6.0 -6.0 -6.0 -6.0 -6.0 -6.0 -6.0 -6.0 -6.0 -6.0 -6.0 -6.0 -6.0 -6.0 -6.0 -6.0 -6.0 -6.0 -6.0 -6.0 -6.0 -6.0 -6.0 -6.0 -6.0 -6.0 -6.0 -6.0 -6.0 -6.0 -6.0 -6.0 -6.0 -6.0 -6.0 -6.0 -6.0 -6.0 -6.0 -6.0 -6.0 -6.0 -6.0 -6.0 -6.0 -6.0 -6.0 -6.0 -6.0 -6.0 -6.0 -6.0 -6.0 -6.0 -6.0 -6.0 -6.0 -6.0 -6.0 -6.0 -6.0 -6.0 -6.0 -6.0 -6.0
-6.0 -6.0 -6.0 -6.0 -6.0 -6.0 -6.0 -6.0 -6.0 -6.0 -6.0 -6.0 -6.0 -6.0 -6.0 -6.0 -6.0 -6.0 -6.0 -6.0 -6.0 -6.0 -6.0 -6.0 -6.0 -6.0 -6.0 -6.0 -6.0 -6.0 -6.0 -6.0 -6.0 -6.0 -6.0 -6.0 -6.0 -6.0 -6.0 -6.0 -6.0 -6.0 -6.0 -6.0 -6.0 -6.0 -6.0 -6.0 -6.0 -6.0 -6.0 -6.0 -6.0 -6.0 -0.75514 1.09562 2.76405 4.88313 7.50456 7.87416 7.85793 6.6276 3.63799 2.99573 2.73649 2.67734 2.71007 2.85708 2.7681 2.6823 2.65929 2.66109 2.64555 2.61237 2.58432 2.54751 2.46144 2.41967 2.05435 1.27461 1.17888 1.19434 1.12558 1.04355 1.19343 1.32643 1.30286 1.23201 1.11688 0.92992 0.79928 0.48027 0.05668 -2.99726 -6.0 -6.0 -6.0 -6.0 -6.0 -6.0 -6.0 -6.0 -6.0 -6.0 -6.0 -6.0 -6.0 -6.0 -6.0 -6.0 -6.0 -6.0 -6.0 -6.0 -6.0 -6.0 -6.0 -6.0 -6.0 -6.0 -6.0 -6.0 -6.0 -6.0 -6.0 -6.0 -6.0 -6.0 -6.0 -6.0 -6.0 -6.0 -6.0 -6.0 -6.0 -6.0 -6.0 -6.0 -6.0 -6.0 -6.0 -6.0 -6.0 -6.0 -6.0 -6.0 -6.0 -6.0 -6.0 -6.0 -6.0 -6.0 -6.0 -6.0 -6.0 -6.0 -6.0 -6.0 -6.0 -6.0 -6.0 -6.0 -6.0 -6.0 -6.0 -6.0 -6.0 -6.0 -6.0 -6.0 -6.0 -6.0 -6.0 -6.0 -6.0 -6.0 -6.0 -6.0 -6.0 -6.0 -6.0 -6.0 -6.0 -6.0 -6.0 -6.0 -6.0 -6.0 -6.0 -6.0 -6.0 -6.0 -6.0 -6.0 -6.0 -6.0 -6.0 -6.0 -6.0 -6.0 -6.0 -6.0 -6.0 -6.0 -6.0 -6.0 -6.0 -6.0 -6.0 -6.0 -6.0 -6.0 -6.0 -6.0 -6.0 -6.0 -6.0 -6.0 -6.0 -6.0 -6.0 -6.0
-6.0 -6.0 -6.0 -6.0 -6.0 -6.0 -6.0 -6.0 -6.0 -6.0 -6.0 -6.0 -6.0 -6.0 -6.0 -6.0 -6.0 -6.0 -6.0 -6.0 -6.0 -6.0 -6.0 -6.0 -6.0 -6.0 -6.0 -6.0 -6.0 -6.0 -6.0 -6.0 -6.0 -6.0 -6.0 -6.0 -6.0 -6.0 -6.0 -6.0 -6.0 -6.0 -6.0 -6.0 -6.0 -6.0 -6.0 -6.0 -6.0 -6.0 -6.0 -6.0 -6.0 -6.0 -0.8165 0.75831 1.88571 4.143 7.58045 7.8327 7.79645 6.50329 3.68945 3.08965 2.92028 3.02788 3.05892 2.80358 2.665 2.61913 2.58426 2.57075 2.56964 2.53037 2.5248 2.51245 2.45438 2.3484 2.10544 1.34033 1.18921 1.16496 1.04997 0.98679 1.06552 1.23197 1.3065 1.25125 1.21528 1.09409 0.96421 0.72597 0.47479 -0.71402 -1.07542 -1.24788 -1.41259 -6.0 -6.0 -6.0 -6.0 -6.0 -6.0 -6.0 -6.0 -6.0 -6.0 -6.0 -6.0 -6.0 -6.0 -6.0 -6.0 -6.0 -6.0 -6.0 -6.0 -6.0 -6.0 -6.0 -6.0 -6.0 -6.0 -6.0 -6.0 -6.0 -6.0 -6.0 -6.0 -6.0 -6.0 -6.0 -6.0 -6.0 -6.0 -6.0 -6.0 -6.0 -6.0 -6.0 -6.0 -6.0 -6.0 -6.0 -6.0 -6.0 -6.0 -6.0 -6.0 -6.0 -6.0 -6.0 -6.0 -6.0 -6.0 -6.0 -6.0 -6.0 -6.0 -6.0 -6.0 -6.0 -6.0 -6.0 -6.0 -6.0 -6.0 -6.0 -6.0 -6.0 -6.0 -6.0 -6.0 -6.0 -6.0 -6.0 -6.0 -6.0 -6.0 -6.0 -6.0 -6.0 -6.0 -6.0 -6.0 -6.0 -6.0 -6.0 -6.0 -6.0 -6.0 -6.0 -6.0 -6.0 -6.0 -6.0 -6.0 -6.0 -6.0 -6.0 -6.0 -6.0 -6.0 -6.0 -6.0 -6.0 -6.0 -6.0 -6.0 -6.0 -6.0 -6.0 -6.0 -6.0 -6.0 -6.0 -6.0 -6.0 -6.0 -6.0 -6.0 -6.0
-6.0 -6.0 -6.0 -6.0 -6.0 -6.0 -6.0 -6.0 -6.0 -6.0 -6.0 -6.0 -6.0 -6.0 -6.0 -6.0 -6.0 -6.0 -6.0 -6.0 -6.0 -6.0 -6.0 -6.0 -6.0 -6.0 -6.0 -6.0 -6.0 -6.0 -6.0 -6.0 -6.0 -6.0 -6.0 -6.0 -6.0 -6.0 -6.0 -6.0 -6.0 -6.0 -6.0 -6.0 -6.0 -6.0 -6.0 -6.0 -6.0 -6.0 -6.0 -6.0 -6.0 -2.32789 -0.4032 0.6628 1.595 3.82709 7.72569 7.99819 7.80135 6.18982 3.83489 3.31976 3.04542 2.85753 2.73503 2.65978 2.60327 2.50147 2.44914 2.4505 2.52963 2.35337 2.31882 2.13813 1.94718 1.87736 1.70429 1.30587 1.2107 1.14084 0.96896 0.88869 0.99835 1.14376 1.26641 1.24662 1.2466 1.18491 1.09422 0.90098 0.76453 0.36881 0.10924 -0.18583 -0.4968 -2.88024 -3.04188 -3.17641 -3.05611 -3.20649 -5.0633 -6.0 -6.0 -6.0 -6.0 -6.0 -6.0 -6.0 -6.0 -6.0 -6.0 -6.0 -6.0 -6.0 -6.0 -6.0 -6.0 -6.0 -6.0 -6.0 -6.0 -6.0 -6.0 -6.0 -6.0 -6.0 -6.0 -6.0 -6.0 -6.0 -6.0 -6.0 -6.0 -6.0 -6.0 -6.0 -6.0 -6.0 -6.0 -6.0 -6.0 -6.0 -6.0 -6.0 -6.0 -6.0 -6.0 -6.0 -6.0 -6.0 -6.0 -6.0 -6.0 -6.0 -6.0 -6.0 -6.0 -6.0 -6.0 -6.0 -6.0 -6.0 -6.0 -6.0 -6.0 -6.0 -6.0 -6.0 -6.0 -6.0 -6.0 -6.0 -6.0 -6.0 -6.0 -6.0 -6.0 -6.0 -6.0 -6.0 -6.0 -6.0 -6.0 -6.0 -6.0 -6.0 -6.0 -6.0 -6.0 -6.0 -6.0 -6.0 -6.0 -6.0 -6.0 -6.0 -6.0 -6.0 -6.0 -6.0 -6.0 -6.0 -6.0 -6.0 -6.0 -6.0 -6.0 -6.0 -6.0 -6.0 -6.0 -6.0 -6.0 -6.0 -6.0 -6.0 -6.0 -6.0 -6.0 -6.0
-6.0 -6.0 -6.0 -6.0 -6.0 -6.0 -6.0 -6.0 -6.0 -6.0 -6.0 -6.0 -6.0 -6.0 -6.0 -6.0 -6.0 -6.0 -6.0 -6.0 -6.0 -6.0 -6.0 -6.0 -6.0 -6.0 -6.0 -6.0 -6.0 -6.0 -6.0 -6.0 -6.0 -6.0 -6.0 -6.0 -6.0 -6.0 -6.0 -6.0 -6.0 -6.0 -6.0 -6.0 -6.0 -6.0 -6.0 -6.0 -6.0 -6.0 -6.0 -6.0 -6.0 -1.41257 0.63028 0.81982 2.20414 4.9485 8.32923 8.30725 7.78459 5.59016 3.79065 3.17289 2.98015 2.90293 2.82085 2.73118 2.37632 1.81993 1.76255 1.76063 1.80819 1.82271 1.76822 1.46655 1.38161 1.35531 1.33024 1.30457 1.22466 1.14866 0.91349 0.81374 1.03135 1.16492 1.19085 1.22721 1.19095 1.15246 1.12375 1.08782 1.00046 0.71111 0.55789 0.41601 0.24653 0.01107 -0.35803 -0.76922 -0.56685 -1.14371 -1.68833 -2.25256 -6.0 -6.0 -6.0 -6.0 -6.0 -6.0 -6.0 -6.0 -6.0 -6.0 -6.0 -6.0 -6.0 -6.0 -6.0 -6.0 -6.0 -6.0 -6.0 -6.0 -6.0 -6.0 -6.0 -6.0 -6.0 -6.0 -6.0 -6.0 -6.0 -6.0 -6.0 -6.0 -6.0 -6.0 -6.0 -6.0 -6.0 -6.0 -6.0 -6.0 -6.0 -6.0 -6.0 -6.0 -6.0 -6.0 -6.0 -6.0 -6.0 -6.0 -6.0 -6.0 -6.0 -6.0 -6.0 -6.0 -6.0 -6.0 -6.0 -6.0 -6.0 -6.0 -6.0 -6.0 -6.0 -6.0 -6.0 -6.0 -6.0 -6.0 -6.0 -6.0 -6.0 -6.0 -6.0 -6.0 -6.0 -6.0 -6.0 -6.0 -6.0 -6.0 -6.0 -6.0 -6.0 -6.0 -6.0 -6.0 -6.0 -6.0 -6.0 -6.0 -6.0 -6.0 -6.0 -6.0 -6.0 -6.0 -6.0 -6.0 -6.0 -6.0 -6.0 -6.0 -6.0 -6.0 -6.0 -6.0 -6.0 -6.0 -6.0 -6.0 -6.0 -6.0 -6.0 -6.0 -6.0 -6.0
-6.0 -6.0 -6.0 -6.0 -6.0 -6.0 -6.0 -6.0 -6.0 -6.0 -6.0 -6.0 -6.0 -6.0 -6.0 -6.0 -6.0 -6.0 -6.0 -6.0 -6.0 -6.0 -6.0 -6.0 -6.0 -6.0 -6.0 -6.0 -6.0 -6.0 -6.0 -6.0 -6.0 -6.0 -6.0 -6.0 -6.0 -6.0 -6.0 -6.0 -6.0 -6.0 -6.0 -6.0 -6.0 -6.0 -6.0 -6.0 -6.0 -6.0 -6.0 -6.0 -1.98367 -0.76421 0.87044 1.00296 3.08488 6.29418 8.4991 8.16356 7.49402 5.53594 4.29263 3.07681 2.74481 2.41966 2.0735 1.7682 1.57465 1.5828 1.57175 1.57729 1.6415 1.72074 1.7564 1.50208 1.44828 1.42644 1.37793 1.32368 1.25019 1.19679 1.02149 0.96739 1.09836 1.21952 1.22579 1.21791 1.17994 1.14791 1.10851 1.10504 1.08595 0.8579 0.67891 0.51878 0.35119 0.19302 0.09445 -0.01376 -0.21991 -0.54323 -0.82804 -1.8539 -5.97555 -6.0 -6.0 -6.0 -6.0 -6.0 -6.0 -6.0 -6.0 -6.0 -6.0 -6.0 -6.0 -6.0 -6.0 -6.0 -6.0 -6.0 -6.0 -6.0 -6.0 -6.0 -6.0 -6.0 -6.0 -6.0 -6.0 -6.0 -6.0 -6.0 -6.0 -6.0 -6.0 -6.0 -6.0 -6.0 -6.0 -6.0 -6.0 -6.0 -6.0 -6.0 -6.0 -6.0 -6.0 -6.0 -6.0 -6.0 -6.0 -6.0 -6.0 -6.0 -6.0 -6.0 -6.0 -6.0 -6.0 -6.0 -6.0 -6.0 -6.0 -6.0 -6.0 -6.0 -6.0 -6.0 -6.0 -6.0 -6.0 -6.0 -6.0 -6.0 -6.0 -6.0 -6.0 -6.0 -6.0 -6.0 -6.0 -6.0 -6.0 -6.0 -6.0 -6.0 -6.0 -6.0 -6.0 -6.0 -6.0 -6.0 -6.0 -6.0 -6.0 -6.0 -6.0 -6.0 -6.0 -6.0 -6.0 -6.0 -6.0 -6.0 -6.0 -6.0 -6.0 -6.0 -6.0 -6.0 -6.0 -6.0 -6.0 -6.0 -6.0 -6.0 -6.0 -6.0 -6.0 -6.0
-6.0 -6.0 -6.0 -6.0 -6.0 -6.0 -6.0 -6.0 -6.0 -6.0 -6.0 -6.0 -6.0 -6.0 -6.0 -6.0 -6.0 -6.0 -6.0 -6.0 -6.0 -6.0 -6.0 -6.0 -6.0 -6.0 -6.0 -6.0 -6.0 -6.0 -6.0 -6.0 -6.0 -6.0 -6.0 -6.0 -6.0 -6.0 -6.0 -6.0 -6.0 -6.0 -6.0 -6.0 -6.0 -6.0 -6.0 -6.0 -6.0 -6.0 -6.0 -6.0 -0.11383 0.85157 1.45175 2.23145 5.61547 7.72378 8.10098 7.6446 6.04707 4.5249 3.09824 2.1474 1.88314 1.55031 1.28446 1.25664 1.29571 1.4281 1.42855 1.33389 1.25373 1.38057 1.52952 1.5184 1.44504 1.41083 1.3934 1.37815 1.33179 1.30292 1.2809 1.26487 1.24924 1.25159 1.31836 1.25813 1.19343 1.17508 1.13291 1.09686 1.05766 0.88866 0.75715 0.63118 0.53055 0.38605 0.20913 0.021 -0.1709 -0.44985 -0.72065 -1.36566 -4.11733 -6.0 -6.0 -6.0 -6.0 -6.0 -6.0 -6.0 -6.0 -6.0 -6.0 -6.0 -6.0 -6.0 -6.0 -6.0 -6.0 -6.0 -6.0 -6.0 -6.0 -6.0 -6.0 -6.0 -6.0 -6.0 -6.0 -6.0 -6.0 -6.0 -6.0 -6.0 -6.0 -6.0 -6.0 -6.0 -6.0 -6.0 -6.0 -6.0 -6.0 -6.0 -6.0 -6.0 -6.0 -6.0 -6.0 -6.0 -6.0 -6.0 -6.0 -6.0 -6.0 -6.0 -6.0 -6.0 -6.0 -6.0 -6.0 -6.0 -6.0 -6.0 -6.0 -6.0 -6.0 -6.0 -6.0 -6.0 -6.0 -6.0 -6.0 -6.0 -6.0 -6.0 -6.0 -6.0 -6.0 -6.0 -6.0 -6.0 -6.0 -6.0 -6.0 -6.0 -6.0 -6.0 -6.0 -6.0 -6.0 -6.0 -6.0 -6.0 -6.0 -6.0 -6.0 -6.0 -6.0 -6.0 -6.0 -6.0 -6.0 -6.0 -6.0 -6.0 -6.0 -6.0 -6.0 -6.0 -6.0 -6.0 -6.0 -6.0 -6.0 -6.0 -6.0 -6.0 -6.0 -6.0
-6.0 -6.0 -6.0 -6.0 -6.0 -6.0 -6.0 -6.0 -6.0 -6.0 -6.0 -6.0 -6.0 -6.0 -6.0 -6.0 -6.0 -6.0 -6.0 -6.0 -6.0 -6.0 -6.0 -6.0 -6.0 -6.0 -6.0 -6.0 -6.0 -6.0 -6.0 -6.0 -6.0 -6.0 -6.0 -6.0 -6.0 -6.0 -6.0 -6.0 -6.0 -6.0 -6.0 -6.0 -6.0 -6.0 -6.0 -6.0 -6.0 -6.0 -6.0 -4.06694 0.99389 1.91797 2.49001 4.42757 7.60705 7.83563 7.82834 6.8841 4.62993 3.05507 2.40424 1.75224 1.23975 1.16225 1.15422 1.14161 1.17988 1.32731 1.24782 1.0757 1.04536 1.15621 1.36147 1.41991 1.36495 1.37557 1.37347 1.35547 1.32783 1.29225 1.2966 1.29774 1.25991 1.23299 1.3339 1.28881 1.19897 1.18039 1.15539 1.0751 1.01251 0.9004 0.82672 0.69471 0.61964 0.51818 0.30628 0.11983 -0.10214 -0.36822 -0.68323 -1.1242 -2.27081 -6.0 -6.0 -6.0 -6.0 -6.0 -6.0 -6.0 -6.0 -6.0 -6.0 -6.0 -6.0 -6.0 -6.0 -6.0 -6.0 -6.0 -6.0 -6.0 -6.0 -6.0 -6.0 -6.0 -6.0 -6.0 -6.0 -6.0 -6.0 -6.0 -6.0 -6.0 -6.0 -6.0 -6.0 -6.0 -6.0 -6.0 -6.0 -6.0 -6.0 -6.0 -6.0 -6.0 -6.0 -6.0 -6.0 -6.0 -6.0 -6.0 -6.0 -6.0 -6.0 -6.0 -6.0 -6.0 -6.0 -6.0 -6.0 -6.0 -6.0 -6.0 -6.0 -6.0 -6.0 -6.0 -6.0 -6.0 -6.0 -6.0 -6.0 -6.0 -6.0 -6.0 -6.0 -6.0 -6.0 -6.0 -6.0 -6.0 -6.0 -6.0 -6.0 -6.0 -6.0 -6.0 -6.0 -6.0 -6.0 -6.0 -6.0 -6.0 -6.0 -6.0 -6.0 -6.0 -6.0 -6.0 -6.0 -6.0 -6.0 -6.0 -6.0 -6.0 -6.0 -6.0 -6.0 -6.0 -6.0 -6.0 -6.0 -6.0 -6.0 -6.0 -6.0 -6.0 -6.0 -6.0
-6.0 -6.0 -6.0 -6.0 -6.0 -6.0 -6.0 -6.0 -6.0 -6.0 -6.0 -6.0 -6.0 -6.0 -6.0 -6.0 -6.0 -6.0 -6.0 -6.0 -6.0 -6.0 -6.0 -6.0 -6.0 -6.0 -6.0 -6.0 -6.0 -6.0 -6.0 -6.0 -6.0 -6.0 -6.0 -6.0 -6.0 -6.0 -6.0 -6.0 -6.0 -6.0 -6.0 -6.0 -6.0 -6.0 -6.0 -6.0 -6.0 -6.0 -5.98376 -0.85116 2.06347 3.6474 5.78264 7.08405 7.82419 7.80474 7.40293 4.81452 3.25981 2.51338 2.22712 1.47089 1.10113 1.01105 1.00463 1.05661 1.10837 1.10603 0.95536 0.98354 1.03955 1.08578 1.2078 1.23575 1.24163 1.2907 1.18546 1.16002 1.25588 1.24742 1.24614 1.20349 1.18898 1.20979 1.28638 1.24267 1.17237 1.15904 1.11314 0.98646 0.91973 0.81151 0.74919 0.70213 0.65098 0.52129 0.36733 0.1851 -0.06828 -0.33465 -0.65025 -1.01095 -2.22546 -6.0 -6.0 -6.0 -6.0 -6.0 -6.0 -6.0 -6.0 -6.0 -6.0 -6.0 -6.0 -6.0 -6.0 -6.0 -6.0 -6.0 -6.0 -6.0 -6.0 -6.0 -6.0 -6.0 -6.0 -6.0 -6.0 -6.0 -6.0 -6.0 -6.0 -6.0 -6.0 -6.0 -6.0 -6.0 -6.0 -6.0 -6.0 -6.0 -6.0 -6.0 -6.0 -6.0 -6.0 -6.0 -6.0 -6.0 -6.0 -6.0 -6.0 -6.0 -6.0 -6.0 -6.0 -6.0 -6.0 -6.0 -6.0 -6.0 -6.0 -6.0 -6.0 -6.0 -6.0 -6.0 -6.0 -6.0 -6.0 -6.0 -6.0 -6.0 -6.0 -6.0 -6.0 -6.0 -6.0 -6.0 -6.0 -6.0 -6.0 -6.0 -6.0 -6.0 -6.0 -6.0 -6.0 -6.0 -6.0 -6.0 -6.0 -6.0 -6.0 -6.0 -6.0 -6.0 -6.0 -6.0 -6.0 -6.0 -6.0 -6.0 -6.0 -6.0 -6.0 -6.0 -6.0 -6.0 -6.0 -6.0 -6.0 -6.0 -6.0 -6.0 -6.0 -6.0 -6.0 -6.0
-6.0 -6.0 -6.0 -6.0 -6.0 -6.0 -6.0 -6.0 -6.0 -6.0 -6.0 -6.0 -6.0 -6.0 -6.0 -6.0 -6.0 -6.0 -6.0 -6.0 -6.0 -6.0 -6.0 -6.0 -6.0 -6.0 -6.0 -6.0 -6.0 -6.0 -6.0 -6.0 -6.0 -6.0 -6.0 -6.0 -6.0 -6.0 -6.0 -6.0 -6.0 -5.03221 -6.0 -6.0 -6.0 -6.0 -6.0 -4.91406 -4.84292 -1.99922 -1.77396 1.91898 5.59419 6.38204 7.36723 7.67842 7.83048 7.64188 6.38116 3.30232 2.51286 2.26434 1.81444 1.15013 1.05892 0.99522 0.98937 1.02644 1.0558 1.05632 0.96276 0.96864 1.0392 1.04597 1.12988 1.19698 1.07772 1.07963 0.99782 1.04182 1.15842 1.13083 1.18693 1.18421 1.17473 1.17911 1.24746 1.2059 1.15776 1.09914 1.01128 0.91118 0.86923 0.73506 0.65535 0.58961 0.48065 0.07424 0.02177 0.05012 -0.21159 -0.4618 -0.7625 -1.19991 -2.28852 -6.0 -6.0 -6.0 -6.0 -6.0 -6.0 -6.0 -6.0 -6.0 -6.0 -6.0 -6.0 -6.0 -6.0 -6.0 -6.0 -6.0 -6.0 -6.0 -6.0 -6.0 -6.0 -6.0 -6.0 -6.0 -6.0 -6.0 -6.0 -6.0 -6.0 -6.0 -6.0 -6.0 -6.0 -6.0 -6.0 -6.0 -6.0 -6.0 -6.0 -6.0 -6.0 -6.0 -6.0 -6.0 -6.0 -6.0 -6.0 -6.0 -6.0 -6.0 -6.0 -6.0 -6.0 -6.0 -6.0 -6.0 -6.0 -6.0 -6.0 -6.0 -6.0 -6.0 -6.0 -6.0 -6.0 -6.0 -6.0 -6.0 -6.0 -6.0 -6.0 -6.0 -6.0 -6.0 -6.0 -6.0 -6.0 -6.0 -6.0 -6.0 -6.0 -6.0 -6.0 -6.0 -6.0 -6.0 -6.0 -6.0 -6.0 -6.0 -6.0 -6.0 -6.0 -6.0 -6.0 -6.0 -6.0 -6.0 -6.0 -6.0 -6.0 -6.0 -6.0 -6.0 -6.0 -6.0 -6.0 -6.0 -6.0 -6.0 -6.0 -6.0 -6.0 -6.0 -6.0 -6.0
-6.0 -6.0 -6.0 -6.0 -6.0 -6.0 -6.0 -6.0 -6.0 -6.0 -6.0 -6.0 -6.0 -6.0 -6.0 -6.0 -6.0 -6.0 -6.0 -6.0 -6.0 -6.0 -6.0 -6.0 -6.0 -6.0 -6.0 -6.0 -6.0 -6.0 -6.0 -6.0 -6.0 -6.0 -6.0 -6.0 -6.0 -6.0 -6.0 -6.0 -6.0 -1.83128 -1.62955 -6.0 -6.0 -5.0934 -1.74821 0.90785 2.18907 3.57524 5.31727 6.15734 6.57542 7.14569 7.76543 7.81197 7.75866 6.86086 4.1532 2.64723 2.21852 1.88857 1.27814 1.03531 1.01525 0.9225 0.90576 1.01833 1.02246 0.86152 0.87946 0.93379 1.06223 1.10521 1.09306 1.10797 0.96395 0.91967 0.88921 0.88814 0.90067 0.95157 1.12159 1.14775 1.08279 1.14557 1.20998 1.18068 1.08337 0.99624 0.93808 0.8385 0.77937 0.6736 0.60111 0.42246 -0.13741 -2.07697 -1.79128 -0.57155 -0.65569 -0.6678 -0.88509 -1.19184 -2.21233 -6.0 -6.0 -6.0 -6.0 -6.0 -6.0 -6.0 -6.0 -6.0 -6.0 -6.0 -6.0 -6.0 -6.0 -6.0 -6.0 -6.0 -6.0 -6.0 -6.0 -6.0 -6.0 -6.0 -6.0 -6.0 -6.0 -6.0 -6.0 -6.0 -6.0 -6.0 -6.0 -6.0 -6.0 -6.0 -6.0 -6.0 -6.0 -6.0 -6.0 -6.0 -6.0 -6.0 -6.0 -6.0 -6.0 -6.0 -6.0 -6.0 -6.0 -6.0 -6.0 -6.0 -6.0 -6.0 -6.0 -6.0 -6.0 -6.0 -6.0 -6.0 -6.0 -6.0 -6.0 -6.0 -6.0 -6.0 -6.0 -6.0 -6.0 -6.0 -6.0 -6.0 -6.0 -6.0 -6.0 -6.0 -6.0 -6.0 -6.0 -6.0 -6.0 -6.0 -6.0 -6.0 -6.0 -6.0 -6.0 -6.0 -6.0 -6.0 -6.0 -6.0 -6.0 -6.0 -6.0 -6.0 -6.0 -6.0 -6.0 -6.0 -6.0 -6.0 -6.0 -6.0 -6.0 -6.0 -6.0 -6.0 -6.0 -6.0 -6.0 -6.0 -6.0 -6.0 -6.0 -6.0
-6.0 -6.0 -6.0 -6.0 -6.0 -6.0 -6.0 -6.0 -6.0 -6.0 -6.0 -6.0 -6.0 -6.0 -6.0 -6.0 -6.0 -6.0 -6.0 -6.0 -6.0 -6.0 -6.0 -6.0 -6.0 -6.0 -6.0 -6.0 -6.0 -6.0 -6.0 -6.0 -6.0 -6.0 -6.0 -6.0 -6.0 -6.0 -6.0 -6.0 -6.0 -1.41444 -0.41538 -1.74226 -2.98098 -0.6158 1.60151 3.68035 4.8418 5.50981 6.74644 6.97131 7.36077 7.65824 7.801 7.62409 6.43533 4.69223 2.76688 2.07258 1.8041 1.30502 1.03209 1.01976 0.94929 0.81193 0.80741 0.80989 0.78653 0.84067 0.89555 0.94007 1.02397 1.06443 1.05699 1.06996 0.95537 0.90211 0.85174 0.84423 0.8669 0.87931 0.8723 0.85464 0.80542 0.94001 1.03524 1.10456 1.00716 0.81157 0.71426 0.61295 0.54152 0.39391 0.29329 -0.75345 -1.83823 -1.96328 -2.03134 -1.16747 -1.67151 -1.44912 -3.0317 -2.21751 -2.31692 -6.0 -6.0 -6.0 -6.0 -6.0 -6.0 -6.0 -6.0 -6.0 -6.0 -6.0 -6.0 -6.0 -6.0 -6.0 -6.0 -6.0 -6.0 -6.0 -6.0 -6.0 -6.0 -6.0 -6.0 -6.0 -6.0 -6.0 -6.0 -6.0 -6.0 -6.0 -6.0 -6.0 -6.0 -6.0 -6.0 -6.0 -6.0 -6.0 -6.0 -6.0 -6.0 -6.0 -6.0 -6.0 -6.0 -6.0 -6.0 -6.0 -6.0 -6.0 -6.0 -6.0 -6.0 -6.0 -6.0 -6.0 -6.0 -6.0 -6.0 -6.0 -6.0 -6.0 -6.0 -6.0 -6.0 -6.0 -6.0 -6.0 -6.0 -6.0 -6.0 -6.0 -6.0 -6.0 -6.0 -6.0 -6.0 -6.0 -6.0 -6.0 -6.0 -6.0 -6.0 -6.0 -6.0 -6.0 -6.0 -6.0 -6.0 -6.0 -6.0 -6.0 -6.0 -6.0 -6.0 -6.0 -6.0 -6.0 -6.0 -6.0 -6.0 -6.0 -6.0 -6.0 -6.0 -6.0 -6.0 -6.0 -6.0 -6.0 -6.0 -6.0 -6.0 -6.0 -6.0 -6.0
-6.0 -6.0 -6.0 -6.0 -6.0 -6.0 -6.0 -6.0 -6.0 -6.0 -6.0 -6.0 -6.0 -6.0 -6.0 -6.0 -6.0 -6.0 -6.0 -6.0 -6.0 -6.0 -6.0 -6.0 -6.0 -6.0 -6.0 -6.0 -6.0 -6.0 -6.0 -6.0 -6.0 -6.0 -6.0 -6.0 -6.0 -6.0 -6.0 -6.0 -6.0 -5.11195 -2.32873 -1.35518 0.0367 3.23864 4.61207 4.90251 5.69966 5.91349 7.27172 7.72603 7.81102 7.8212 7.55089 6.87741 4.6644 2.58324 1.93699 1.71551 1.28247 0.92056 0.88806 0.89824 0.90597 0.76679 0.68904 0.70617 0.74582 0.84312 0.90024 0.95805 1.00009 0.98451 1.00277 1.04127 0.98806 0.87914 0.78012 0.80147 0.79715 0.78279 0.78174 0.78149 0.72534 0.61218 0.70614 0.81688 0.62506 0.5005 0.43213 0.31875 0.16801 -0.29622 -0.88147 -2.18097 -6.0 -6.0 -6.0 -6.0 -6.0 -6.0 -6.0 -6.0 -6.0 -6.0 -6.0 -6.0 -6.0 -6.0 -6.0 -6.0 -6.0 -6.0 -6.0 -6.0 -6.0 -6.0 -6.0 -6.0 -6.0 -6.0 -6.0 -6.0 -6.0 -6.0 -6.0 -6.0 -6.0 -6.0 -6.0 -6.0 -6.0 -6.0 -6.0 -6.0 -6.0 -6.0 -6.0 -6.0 -6.0 -6.0 -6.0 -6.0 -6.0 -6.0 -6.0 -6.0 -6.0 -6.0 -6.0 -6.0 -6.0 -6.0 -6.0 -6.0 -6.0 -6.0 -6.0 -6.0 -6.0 -6.0 -6.0 -6.0 -6.0 -6.0 -6.0 -6.0 -6.0 -6.0 -6.0 -6.0 -6.0 -6.0 -6.0 -6.0 -6.0 -6.0 -6.0 -6.0 -6.0 -6.0 -6.0 -6.0 -6.0 -6.0 -6.0 -6.0 -6.0 -6.0 -6.0 -6.0 -6.0 -6.0 -6.0 -6.0 -6.0 -6.0 -6.0 -6.0 -6.0 -6.0 -6.0 -6.0 -6.0 -6.0 -6.0 -6.0 -6.0 -6.0 -6.0 -6.0 -6.0 -6.0 -6.0 -6.0 -6.0 -6.0 -6.0 -6.0 -6.0 -6.0
-6.0 -6.0 -6.0 -6.0 -6.0 -6.0 -6.0 -6.0 -6.0 -6.0 -6.0 -6.0 -6.0 -6.0 -6.0 -6.0 -6.0 -6.0 -6.0 -6.0 -6.0 -6.0 -6.0 -6.0 -6.0 -6.0 -6.0 -6.0 -6.0 -6.0 -6.0 -6.0 -6.0 -6.0 -6.0 -6.0 -6.0 -6.0 -6.0 -6.0 -6.0 -5.10502 -4.06364 0.60746 3.14862 4.47107 4.66623 4.44069 5.49578 6.7898 7.62729 7.82412 7.74419 7.42058 6.20018 4.15734 2.32055 1.71964 1.49716 1.13117 0.8259 0.77923 0.78027 0.81613 0.84302 0.80933 0.72964 0.7156 0.73542 0.77322 0.83188 0.85924 0.86999 0.86062 0.88889 0.91736 0.8861 0.52616 0.47439 0.69651 0.71808 0.70095 0.66848 0.64586 0.58041 0.40264 0.23245 -0.97216 -0.15851 -0.31759 -0.57888 -0.7831 -0.83044 -1.16931 -1.73405 -5.98473 -6.0 -6.0 -6.0 -6.0 -6.0 -6.0 -6.0 -6.0 -6.0 -6.0 -6.0 -6.0 -6.0 -6.0 -6.0 -6.0 -6.0 -6.0 -6.0 -6.0 -6.0 -6.0 -6.0 -6.0 -6.0 -6.0 -6.0 -6.0 -6.0 -6.0 -6.0 -6.0 -6.0 -6.0 -6.0 -6.0 -6.0 -6.0 -6.0 -6.0 -6.0 -6.0 -6.0 -6.0 -6.0 -6.0 -6.0 -6.0 -6.0 -6.0 -6.0 -6.0 -6.0 -6.0 -6.0 -6.0 -6.0 -6.0 -6.0 -6.0 -6.0 -6.0 -6.0 -6.0 -6.0 -6.0 -6.0 -6.0 -6.0 -6.0 -6.0 -6.0 -6.0 -6.0 -6.0 -6.0 -6.0 -6.0 -6.0 -6.0 -6.0 -6.0 -6.0 -6.0 -6.0 -6.0 -6.0 -6.0 -6.0 -6.0 -6.0 -6.0 -6.0 -6.0 -6.0 -6.0 -6.0 -6.0 -6.0 -6.0 -6.0 -6.0 -6.0 -6.0 -6.0 -6.0 -6.0 -6.0 -6.0 -6.0 -6.0 -6.0 -6.0 -6.0 -6.0 -6.0 -6.0 -6.0 -6.0 -6.0 -6.0 -6.0 -6.0 -6.0 -6.0 -6.0
-6.0 -6.0 -6.0 -6.0 -6.0 -6.0 -6.0 -6.0 -6.0 -6.0 -6.0 -6.0 -6.0 -6.0 -6.0 -6.0 -6.0 -6.0 -6.0 -6.0 -6.0 -6.0 -6.0 -6.0 -6.0 -6.0 -6.0 -6.0 -6.0 -6.0 -6.0 -6.0 -6.0 -6.0 -6.0 -6.0 -6.0 -6.0 -6.0 -6.0 -6.0 -2.21856 -0.83036 2.56622 4.37767 3.42849 4.53331 6.32717 6.99659 7.68668 7.80276 7.56825 6.73572 5.63869 3.38774 2.02144 1.43635 1.11472 0.76834 0.69152 0.68656 0.75608 0.77444 0.54185 0.47223 0.5807 0.62745 0.61452 0.65187 0.71893 0.72995 0.76365 0.7556 0.6747 0.68815 0.66469 0.64377 0.47811 0.34951 0.37102 0.39977 0.39137 0.35846 0.13436 -0.93807 -2.87793 -3.96269 -4.21086 -3.99586 -4.05891 -4.11847 -4.12002 -4.11141 -4.12741 -5.99335 -6.0 -6.0 -6.0 -6.0 -6.0 -6.0 -6.0 -6.0 -6.0 -6.0 -6.0 -6.0 -6.0 -6.0 -6.0 -6.0 -6.0 -6.0 -6.0 -6.0 -6.0 -6.0 -6.0 -6.0 -6.0 -6.0 -6.0 -6.0 -6.0 -6.0 -6.0 -6.0 -6.0 -6.0 -6.0 -6.0 -6.0 -6.0 -6.0 -6.0 -6.0 -6.0 -6.0 -6.0 -6.0 -6.0 -6.0 -6.0 -6.0 -6.0 -6.0 -6.0 -6.0 -6.0 -6.0 -6.0 -6.0 -6.0 -6.0 -6.0 -6.0 -6.0 -6.0 -6.0 -6.0 -6.0 -6.0 -6.0 -6.0 -6.0 -6.0 -6.0 -6.0 -6.0 -6.0 -6.0 -6.0 -6.0 -6.0 -6.0 -6.0 -6.0 -6.0 -6.0 -6.0 -6.0 -6.0 -6.0 -6.0 -6.0 -6.0 -6.0 -6.0 -6.0 -6.0 -6.0 -6.0 -6.0 -6.0 -6.0 -6.0 -6.0 -6.0 -6.0 -6.0 -6.0 -6.0 -6.0 -6.0 -6.0 -6.0 -6.0 -6.0 -6.0 -6.0 -6.0 -6.0 -6.0 -6.0 -6.0 -6.0 -6.0 -6.0 -6.0 -6.0 -6.0 -6.0
-6.0 -6.0 -6.0 -6.0 -6.0 -6.0 -6.0 -6.0 -6.0 -6.0 -6.0 -6.0 -6.0 -6.0 -6.0 -6.0 -6.0 -6.0 -6.0 -6.0 -6.0 -6.0 -6.0 -6.0 -6.0 -6.0 -6.0 -6.0 -6.0 -6.0 -6.0 -6.0 -6.0 -6.0 -6.0 -6.0 -6.0 -6.0 -6.0 -6.0 -3.26371 -0.21056 1.69485 3.34334 4.08382 5.02734 6.27234 7.4651 7.68266 7.73761 7.1681 6.27841 4.48884 2.76613 1.67518 1.14131 0.73321 0.61435 0.64962 0.67678 0.72348 0.74041 0.62283 0.4582 0.43067 0.54737 0.57989 0.60255 0.64084 0.6904 0.65544 0.60068 0.4999 0.34201 0.41902 0.40926 0.38805 0.32663 0.12555 -0.01907 -0.34493 -0.88918 -1.44842 -1.50392 -2.01493 -5.99175 -6.0 -6.0 -6.0 -6.0 -6.0 -6.0 -6.0 -6.0 -6.0 -6.0 -6.0 -6.0 -6.0 -6.0 -6.0 -6.0 -6.0 -6.0 -6.0 -6.0 -6.0 -6.0 -6.0 -6.0 -6.0 -6.0 -6.0 -6.0 -6.0 -6.0 -6.0 -6.0 -6.0 -6.0 -6.0 -6.0 -6.0 -6.0 -6.0 -6.0 -6.0 -6.0 -6.0 -6.0 -6.0 -6.0 -6.0 -6.0 -6.0 -6.0 -6.0 -6.0 -6.0 -6.0 -6.0 -6.0 -6.0 -6.0 -6.0 -6.0 -6.0 -6.0 -6.0 -6.0 -6.0 -6.0 -6.0 -6.0 -6.0 -6.0 -6.0 -6.0 -6.0 -6.0 -6.0 -6.0 -6.0 -6.0 -6.0 -6.0 -6.0 -6.0 -6.0 -6.0 -6.0 -6.0 -6.0 -6.0 -6.0 -6.0 -6.0 -6.0 -6.0 -6.0 -6.0 -6.0 -6.0 -6.0 -6.0 -6.0 -6.0 -6.0 -6.0 -6.0 -6.0 -6.0 -6.0 -6.0 -6.0 -6.0 -6.0 -6.0 -6.0 -6.0 -6.0 -6.0 -6.0 -6.0 -6.0 -6.0 -6.0 -6.0 -6.0 -6.0 -6.0 -6.0 -6.0 -6.0 -6.0 -6.0 -6.0 -6.0 -6.0 -6.0 -6.0 -6.0
-6.0 -6.0 -6.0 -6.0 -6.0 -6.0 -6.0 -6.0 -6.0 -6.0 -6.0 -6.0 -6.0 -6.0 -6.0 -6.0 -6.0 -6.0 -6.0 -6.0 -6.0 -6.0 -6.0 -6.0 -6.0 -6.0 -6.0 -6.0 -6.0 -6.0 -6.0 -6.0 -6.0 -6.0 -6.0 -6.0 -6.0 -6.0 -6.0 -1.84091 -1.32925 1.34627 3.24126 4.30763 5.14997 7.12585 7.56417 7.76949 7.39675 6.13777 5.01523 3.42543 2.08233 1.30652 0.97157 0.74459 0.56022 0.58086 0.70599 0.75085 0.80265 0.68136 0.50399 0.4799 0.51797 0.58134 0.57824 0.5937 0.62539 0.62162 0.49496 0.28251 -0.32815 -0.55322 -0.09446 -0.33805 0.05467 0.09029 -0.38628 -0.73106 -1.21876 -1.81104 -6.0 -6.0 -6.0 -6.0 -6.0 -6.0 -6.0 -6.0 -6.0 -6.0 -6.0 -6.0 -6.0 -6.0 -6.0 -6.0 -6.0 -6.0 -6.0 -6.0 -6.0 -6.0 -6.0 -6.0 -6.0 -6.0 -6.0 -6.0 -6.0 -6.0 -6.0 -6.0 -6.0 -6.0 -6.0 -6.0 -6.0 -6.0 -6.0 -6.0 -6.0 -6.0 -6.0 -6.0 -6.0 -6.0 -6.0 -6.0 -6.0 -6.0 -6.0 -6.0 -6.0 -6.0 -6.0 -6.0 -6.0 -6.0 -6.0 -6.0 -6.0 -6.0 -6.0 -6.0 -6.0 -6.0 -6.0 -6.0 -6.0 -6.0 -6.0 -6.0 -6.0 -6.0 -6.0 -6.0 -6.0 -6.0 -6.0 -6.0 -6.0 -6.0 -6.0 -6.0 -6.0 -6.0 -6.0 -6.0 -6.0 -6.0 -6.0 -6.0 -6.0 -6.0 -6.0 -6.0 -6.0 -6.0 -6.0 -6.0 -6.0 -6.0 -6.0 -6.0 -6.0 -6.0 -6.0 -6.0 -6.0 -6.0 -6.0 -6.0 -6.0 -6.0 -6.0 -6.0 -6.0 -6.0 -6.0 -6.0 -6.0 -6.0 -6.0 -6.0 -6.0 -6.0 -6.0 -6.0 -6.0 -6.0 -6.0 -6.0 -6.0 -6.0 -6.0 -6.0 -6.0 -6.0 -6.0 -6.0
-6.0 -6.0 -6.0 -6.0 -6.0 -6.0 -6.0 -6.0 -6.0 -6.0 -6.0 -6.0 -6.0 -6.0 -6.0 -6.0 -6.0 -6.0 -6.0 -6.0 -6.0 -6.0 -6.0 -6.0 -6.0 -6.0 -6.0 -6.0 -6.0 -6.0 -6.0 -6.0 -6.0 -6.0 -6.0 -6.0 -6.0 -6.0 -3.13145 0.7668 2.27032 3.77485 5.1797 7.49239 8.5526 8.35025 7.27706 5.3708 3.33384 1.95718 1.60944 1.33847 0.96737 0.85913 0.85305 0.79559 0.68922 0.70149 0.80799 0.88493 0.81124 0.58513 0.58745 0.63089 0.63585 0.54154 0.46787 0.44794 0.44733 0.40869 0.27616 -0.05746 -1.57286 -5.06704 -1.38512 -2.03327 -1.39127 -1.4445 -2.99231 -6.0 -6.0 -6.0 -6.0 -6.0 -6.0 -6.0 -6.0 -6.0 -6.0 -6.0 -6.0 -6.0 -6.0 -6.0 -6.0 -6.0 -6.0 -6.0 -6.0 -6.0 -6.0 -6.0 -6.0 -6.0 -6.0 -6.0 -6.0 -6.0 -6.0 -6.0 -6.0 -6.0 -6.0 -6.0 -6.0 -6.0 -6.0 -6.0 -6.0 -6.0 -6.0 -6.0 -6.0 -6.0 -6.0 -6.0 -6.0 -6.0 -6.0 -6.0 -6.0 -6.0 -6.0 -6.0 -6.0 -6.0 -6.0 -6.0 -6.0 -6.0 -6.0 -6.0 -6.0 -6.0 -6.0 -6.0 -6.0 -6.0 -6.0 -6.0 -6.0 -6.0 -6.0 -6.0 -6.0 -6.0 -6.0 -6.0 -6.0 -6.0 -6.0 -6.0 -6.0 -6.0 -6.0 -6.0 -6.0 -6.0 -6.0 -6.0 -6.0 -6.0 -6.0 -6.0 -6.0 -6.0 -6.0 -6.0 -6.0 -6.0 -6.0 -6.0 -6.0 -6.0 -6.0 -6.0 -6.0 -6.0 -6.0 -6.0 -6.0 -6.0 -6.0 -6.0 -6.0 -6.0 -6.0 -6.0 -6.0 -6.0 -6.0 -6.0 -6.0 -6.0 -6.0 -6.0 -6.0 -6.0 -6.0 -6.0 -6.0 -6.0 -6.0 -6.0 -6.0 -6.0 -6.0 -6.0 -6.0 -6.0 -6.0 -6.0
-6.0 -6.0 -6.0 -6.0 -6.0 -6.0 -6.0 -6.0 -6.0 -6.0 -6.0 -6.0 -6.0 -6.0 -6.0 -6.0 -6.0 -6.0 -6.0 -6.0 -6.0 -6.0 -6.0 -6.0 -6.0 -6.0 -6.0 -6.0 -6.0 -6.0 -6.0 -6.0 -6.0 -6.0 -6.0 -6.0 -4.03011 -2.01216 -1.09381 1.27685 3.07955 5.70211 7.77929 9.20775 9.1407 7.81266 5.50134 2.32768 0.26277 -0.37857 -0.03576 0.43176 0.59008 0.63749 0.74459 0.77033 0.75708 0.76378 0.71878 0.79663 0.65297 0.56911 0.70425 0.6361 0.54733 0.3807 0.32053 0.31901 0.31542 0.2747 0.21068 0.06636 -0.56189 -2.17637 -1.67388 -2.0921 -4.19348 -6.0 -6.0 -6.0 -6.0 -6.0 -6.0 -6.0 -6.0 -6.0 -6.0 -6.0 -6.0 -6.0 -6.0 -6.0 -6.0 -6.0 -6.0 -6.0 -6.0 -6.0 -6.0 -6.0 -6.0 -6.0 -6.0 -6.0 -6.0 -6.0 -6.0 -6.0 -6.0 -6.0 -6.0 -6.0 -6.0 -6.0 -6.0 -6.0 -6.0 -6.0 -6.0 -6.0 -6.0 -6.0 -6.0 -6.0 -6.0 -6.0 -6.0 -6.0 -6.0 -6.0 -6.0 -6.0 -6.0 -6.0 -6.0 -6.0 -6.0 -6.0 -6.0 -6.0 -6.0 -6.0 -6.0 -6.0 -6.0 -6.0 -6.0 -6.0 -6.0 -6.0 -6.0 -6.0 -6.0 -6.0 -6.0 -6.0 -6.0 -6.0 -6.0 -6.0 -6.0 -6.0 -6.0 -6.0 -6.0 -6.0 -6.0 -6.0 -6.0 -6.0 -6.0 -6.0 -6.0 -6.0 -6.0 -6.0 -6.0 -6.0 -6.0 -6.0 -6.0 -6.0 -6.0 -6.0 -6.0 -6.0 -6.0 -6.0 -6.0 -6.0 -6.0 -6.0 -6.0 -6.0 -6.0 -6.0 -6.0 -6.0 -6.0 -6.0 -6.0 -6.0 -6.0 -6.0 -6.0 -6.0 -6.0 -6.0 -6.0 -6.0 -6.0 -6.0 -6.0 -6.0 -6.0 -6.0 -6.0 -6.0 -6.0 -6.0 -6.0 -6.0
-6.0 -6.0 -6.0 -6.0 -6.0 -6.0 -6.0 -6.0 -6.0 -6.0 -6.0 -6.0 -6.0 -6.0 -6.0 -6.0 -6.0 -6.0 -6.0 -6.0 -6.0 -6.0 -6.0 -6.0 -6.0 -6.0 -6.0 -6.0 -6.0 -6.0 -6.0 -6.0 -6.0 -6.0 -6.0 -2.79716 -0.11871 0.98509 2.09393 3.91384 5.76075 8.17899 9.19874 8.5431 7.02502 4.89933 1.88359 -0.36033 -1.97067 -5.02727 -1.74347 -1.48935 -1.02769 -0.62217 0.11528 0.27631 0.50372 0.65129 0.65903 0.73704 0.67573 0.56714 0.54123 0.41971 0.33135 0.22686 0.1736 0.01073 -0.00137 0.11481 0.00142 -0.22026 -0.70493 -2.00799 -2.19885 -5.08848 -6.0 -6.0 -6.0 -6.0 -6.0 -6.0 -6.0 -6.0 -6.0 -6.0 -6.0 -6.0 -6.0 -6.0 -6.0 -6.0 -6.0 -6.0 -6.0 -6.0 -6.0 -6.0 -6.0 -6.0 -6.0 -6.0 -6.0 -6.0 -6.0 -6.0 -6.0 -6.0 -6.0 -6.0 -6.0 -6.0 -6.0 -6.0 -6.0 -6.0 -6.0 -6.0 -6.0 -6.0 -6.0 -6.0 -6.0 -6.0 -6.0 -6.0 -6.0 -6.0 -6.0 -6.0 -6.0 -6.0 -6.0 -6.0 -6.0 -6.0 -6.0 -6.0 -6.0 -6.0 -6.0 -6.0 -6.0 -6.0 -6.0 -6.0 -6.0 -6.0 -6.0 -6.0 -6.0 -6.0 -6.0 -6.0 -6.0 -6.0 -6.0 -6.0 -6.0 -6.0 -6.0 -6.0 -6.0 -6.0 -6.0 -6.0 -6.0 -6.0 -6.0 -6.0 -6.0 -6.0 -6.0 -6.0 -6.0 -6.0 -6.0 -6.0 -6.0 -6.0 -6.0 -6.0 -6.0 -6.0 -6.0 -6.0 -6.0 -6.0 -6.0 -6.0 -6.0 -6.0 -6.0 -6.0 -6.0 -6.0 -6.0 -6.0 -6.0 -6.0 -6.0 -6.0 -6.0 -6.0 -6.0 -6.0 -6.0 -6.0 -6.0 -6.0 -6.0 -6.0 -6.0 -6.0 -6.0 -6.0 -6.0 -6.0 -6.0 -6.0 -6.0 -6.0
-6.0 -6.0 -6.0 -6.0 -6.0 -6.0 -6.0 -6.0 -6.0 -6.0 -6.0 -6.0 -6.0 -6.0 -6.0 -6.0 -6.0 -6.0 -6.0 -6.0 -6.0 -6.0 -6.0 -6.0 -6.0 -6.0 -6.0 -6.0 -6.0 -6.0 -6.0 -6.0 -6.0 -5.08266 -2.0683 -0.74539 1.06296 2.29722 4.12613 6.6296 7.42978 8.5205 8.68023 6.20766 4.03849 2.05096 0.31184 -1.68202 -5.98836 -6.0 -6.0 -6.0 -2.36514 -1.62634 -0.55624 -0.26509 0.25789 0.59036 0.63051 0.63271 0.66444 0.50531 0.45384 0.2649 0.15582 0.08414 0.04136 -0.29708 -0.38731 -0.0264 -0.16235 -0.50393 -0.89503 -6.0 -6.0 -6.0 -6.0 -6.0 -6.0 -6.0 -6.0 -6.0 -6.0 -6.0 -6.0 -6.0 -6.0 -6.0 -6.0 -6.0 -6.0 -6.0 -6.0 -6.0 -6.0 -6.0 -6.0 -6.0 -6.0 -6.0 -6.0 -6.0 -6.0 -6.0 -6.0 -6.0 -6.0 -6.0 -6.0 -6.0 -6.0 -6.0 -6.0 -6.0 -6.0 -6.0 -6.0 -6.0 -6.0 -6.0 -6.0 -6.0 -6.0 -6.0 -6.0 -6.0 -6.0 -6.0 -6.0 -6.0 -6.0 -6.0 -6.0 -6.0 -6.0 -6.0 -6.0 -6.0 -6.0 -6.0 -6.0 -6.0 -6.0 -6.0 -6.0 -6.0 -6.0 -6.0 -6.0 -6.0 -6.0 -6.0 -6.0 -6.0 -6.0 -6.0 -6.0 -6.0 -6.0 -6.0 -6.0 -6.0 -6.0 -6.0 -6.0 -6.0 -6.0 -6.0 -6.0 -6.0 -6.0 -6.0 -6.0 -6.0 -6.0 -6.0 -6.0 -6.0 -6.0 -6.0 -6.0 -6.0 -6.0 -6.0 -6.0 -6.0 -6.0 -6.0 -6.0 -6.0 -6.0 -6.0 -6.0 -6.0 -6.0 -6.0 -6.0 -6.0 -6.0 -6.0 -6.0 -6.0 -6.0 -6.0 -6.0 -6.0 -6.0 -6.0 -6.0 -6.0 -6.0 -6.0 -6.0 -6.0 -6.0 -6.0 -6.0 -6.0 -6.0 -6.0 -6.0 -6.0
-6.0 -6.0 -6.0 -6.0 -6.0 -6.0 -6.0 -6.0 -6.0 -6.0 -6.0 -6.0 -6.0 -6.0 -6.0 -6.0 -6.0 -6.0 -6.0 -6.0 -6.0 -6.0 -6.0 -6.0 -6.0 -6.0 -6.0 -6.0 -6.0 -6.0 -6.0 -6.0 -6.0 -1.44534 0.41347 1.09799 3.02412 6.29101 7.44939 7.71823 7.70803 7.28766 5.58748 2.38625 1.13791 0.51815 -0.18656 -1.90855 -5.98807 -6.0 -6.0 -6.0 -6.0 -6.0 -2.23524 -1.60279 -0.40274 0.39885 0.49932 0.47084 0.38396 0.26429 0.20733 0.06954 0.0137 -0.05028 -0.06489 -0.18522 -0.28513 -0.46981 -0.96561 -1.33422 -1.68071 -6.0 -6.0 -6.0 -6.0 -6.0 -6.0 -6.0 -6.0 -6.0 -6.0 -6.0 -6.0 -6.0 -6.0 -6.0 -6.0 -6.0 -6.0 -6.0 -6.0 -6.0 -6.0 -6.0 -6.0 -6.0 -6.0 -6.0 -6.0 -6.0 -6.0 -6.0 -6.0 -6.0 -6.0 -6.0 -6.0 -6.0 -6.0 -6.0 -6.0 -6.0 -6.0 -6.0 -6.0 -6.0 -6.0 -6.0 -6.0 -6.0 -6.0 -6.0 -6.0 -6.0 -6.0 -6.0 -6.0 -6.0 -6.0 -6.0 -6.0 -6.0 -6.0 -6.0 -6.0 -6.0 -6.0 -6.0 -6.0 -6.0 -6.0 -6.0 -6.0 -6.0 -6.0 -6.0 -6.0 -6.0 -6.0 -6.0 -6.0 -6.0 -6.0 -6.0 -6.0 -6.0 -6.0 -6.0 -6.0 -6.0 -6.0 -6.0 -6.0 -6.0 -6.0 -6.0 -6.0 -6.0 -6.0 -6.0 -6.0 -6.0 -6.0 -6.0 -6.0 -6.0 -6.0 -6.0 -6.0 -6.0 -6.0 -6.0 -6.0 -6.0 -6.0 -6.0 -6.0 -6.0 -6.0 -6.0 -6.0 -6.0 -6.0 -6.0 -6.0 -6.0 -6.0 -6.0 -6.0 -6.0 -6.0 -6.0 -6.0 -6.0 -6.0 -6.0 -6.0 -6.0 -6.0 -6.0 -6.0 -6.0 -6.0 -6.0 -6.0 -6.0 -6.0 -6.0 -6.0 -6.0
-6.0 -6.0 -6.0 -6.0 -6.0 -6.0 -6.0 -6.0 -6.0 -6.0 -6.0 -6.0 -6.0 -6.0 -6.0 -6.0 -6.0 -6.0 -6.0 -6.0 -6.0 -6.0 -6.0 -6.0 -6.0 -6.0 -6.0 -6.0 -6.0 -6.0 -4.17982 -3.94841 -3.88514 -1.41521 1.14468 2.72446 6.68456 7.68596 7.82376 7.77592 7.38159 5.18466 3.30245 1.10612 0.26126 0.23109 -0.07191 -0.78355 -5.98763 -6.0 -6.0 -6.0 -6.0 -6.0 -6.0 -6.0 -1.91156 -0.09444 -0.01283 0.27185 0.3896 0.23949 0.0977 -0.01906 -0.05979 -0.17111 -0.2463 -0.41968 -0.58575 -1.01519 -1.8487 -6.0 -6.0 -6.0 -6.0 -6.0 -6.0 -6.0 -6.0 -6.0 -6.0 -6.0 -6.0 -6.0 -6.0 -6.0 -6.0 -6.0 -6.0 -6.0 -6.0 -6.0 -6.0 -6.0 -6.0 -6.0 -6.0 -6.0 -6.0 -6.0 -6.0 -6.0 -6.0 -6.0 -6.0 -6.0 -6.0 -6.0 -6.0 -6.0 -6.0 -6.0 -6.0 -6.0 -6.0 -6.0 -6.0 -6.0 -6.0 -6.0 -6.0 -6.0 -6.0 -6.0 -6.0 -6.0 -6.0 -6.0 -6.0 -6.0 -6.0 -6.0 -6.0 -6.0 -6.0 -6.0 -6.0 -6.0 -6.0 -6.0 -6.0 -6.0 -6.0 -6.0 -6.0 -6.0 -6.0 -6.0 -6.0 -6.0 -6.0 -6.0 -6.0 -6.0 -6.0 -6.0 -6.0 -6.0 -6.0 -6.0 -6.0 -6.0 -6.0 -6.0 -6.0 -6.0 -6.0 -6.0 -6.0 -6.0 -6.0 -6.0 -6.0 -6.0 -6.0 -6.0 -6.0 -6.0 -6.0 -6.0 -6.0 -6.0 -6.0 -6.0 -6.0 -6.0 -6.0 -6.0 -6.0 -6.0 -6.0 -6.0 -6.0 -6.0 -6.0 -6.0 -6.0 -6.0 -6.0 -6.0 -6.0 -6.0 -6.0 -6.0 -6.0 -6.0 -6.0 -6.0 -6.0 -6.0 -6.0 -6.0 -6.0 -6.0 -6.0 -6.0 -6.0 -6.0 -6.0 -6.0 -6.0 -6.0
-6.0 -6.0 -6.0 -6.0 -6.0 -6.0 -6.0 -6.0 -6.0 -6.0 -6.0 -6.0 -6.0 -6.0 -6.0 -6.0 -6.0 -6.0 -6.0 -6.0 -6.0 -6.0 -6.0 -6.0 -6.0 -6.0 -6.0 -6.0 -6.0 -5.09672 -1.19889 0.0425 0.91705 1.6384 2.75156 5.7784 7.70966 7.82793 7.80051 7.26079 6.13014 2.91845 1.19051 0.27188 0.11074 0.21956 -0.14667 -0.43111 -1.97973 -6.0 -6.0 -6.0 -6.0 -6.0 -6.0 -6.0 -2.28144 -1.65858 -2.18669 -1.14489 0.31894 0.27083 -0.23134 -0.3586 -0.40358 -0.48692 -0.69465 -1.66475 -2.17815 -5.04163 -5.07006 -6.0 -6.0 -6.0 -6.0 -6.0 -6.0 -6.0 -6.0 -6.0 -6.0 -6.0 -6.0 -6.0 -6.0 -6.0 -6.0 -6.0 -6.0 -6.0 -6.0 -6.0 -6.0 -6.0 -6.0 -6.0 -6.0 -6.0 -6.0 -6.0 -6.0 -6.0 -6.0 -6.0 -6.0 -6.0 -6.0 -6.0 -6.0 -6.0 -6.0 -6.0 -6.0 -6.0 -6.0 -6.0 -6.0 -6.0 -6.0 -6.0 -6.0 -6.0 -6.0 -6.0 -6.0 -6.0 -6.0 -6.0 -6.0 -6.0 -6.0 -6.0 -6.0 -6.0 -6.0 -6.0 -6.0 -6.0 -6.0 -6.0 -6.0 -6.0 -6.0 -6.0 -6.0 -6.0 -6.0 -6.0 -6.0 -6.0 -6.0 -6.0 -6.0 -6.0 -6.0 -6.0 -6.0 -6.0 -6.0 -6.0 -6.0 -6.0 -6.0 -6.0 -6.0 -6.0 -6.0 -6.0 -6.0 -6.0 -6.0 -6.0 -6.0 -6.0 -6.0 -6.0 -6.0 -6.0 -6.0 -6.0 -6.0 -6.0 -6.0 -6.0 -6.0 -6.0 -6.0 -6.0 -6.0 -6.0 -6.0 -6.0 -6.0 -6.0 -6.0 -6.0 -6.0 -6.0 -6.0 -6.0 -6.0 -6.0 -6.0 -6.0 -6.0 -6.0 -6.0 -6.0 -6.0 -6.0 -6.0 -6.0 -6.0 -6.0 -6.0 -6.0 -6.0 -6.0 -6.0 -6.0 -6.0 -6.0
-6.0 -6.0 -6.0 -6.0 -6.0 -6.0 -6.0 -6.0 -6.0 -6.0 -6.0 -6.0 -6.0 -6.0 -6.0 -6.0 -6.0 -6.0 -5.98333 -5.98199 -1.88889 -0.10571 -2.02987 -2.35511 -2.33667 -2.33233 -2.33391 -2.28363 0.19662 1.35536 1.75179 2.01121 2.74886 3.95376 6.13437 7.46764 7.82449 7.76772 7.24509 5.13849 3.34531 1.08958 0.37859 0.10759 0.02331 0.18282 -0.26935 -0.34788 -0.92544 -2.19295 -5.98271 -5.98323 -6.0 -6.0 -6.0 -6.0 -2.09409 -1.29557 -1.5234 -1.43022 -1.24128 -1.2926 -1.40353 -1.951 -1.86015 -1.74277 -1.96847 -5.04552 -6.0 -6.0 -6.0 -6.0 -6.0 -6.0 -6.0 -6.0 -6.0 -6.0 -6.0 -6.0 -6.0 -6.0 -6.0 -6.0 -6.0 -6.0 -6.0 -6.0 -6.0 -6.0 -6.0 -6.0 -6.0 -6.0 -6.0 -6.0 -6.0 -6.0 -6.0 -6.0 -6.0 -6.0 -6.0 -6.0 -6.0 -6.0 -6.0 -6.0 -6.0 -6.0 -6.0 -6.0 -6.0 -6.0 -6.0 -6.0 -6.0 -6.0 -6.0 -6.0 -6.0 -6.0 -6.0 -6.0 -6.0 -6.0 -6.0 -6.0 -6.0 -6.0 -6.0 -6.0 -6.0 -6.0 -6.0 -6.0 -6.0 -6.0 -6.0 -6.0 -6.0 -6.0 -6.0 -6.0 -6.0 -6.0 -6.0 -6.0 -6.0 -6.0 -6.0 -6.0 -6.0 -6.0 -6.0 -6.0 -6.0 -6.0 -6.0 -6.0 -6.0 -6.0 -6.0 -6.0 -6.0 -6.0 -6.0 -6.0 -6.0 -6.0 -6.0 -6.0 -6.0 -6.0 -6.0 -6.0 -6.0 -6.0 -6.0 -6.0 -6.0 -6.0 -6.0 -6.0 -6.0 -6.0 -6.0 -6.0 -6.0 -6.0 -6.0 -6.0 -6.0 -6.0 -6.0 -6.0 -6.0 -6.0 -6.0 -6.0 -6.0 -6.0 -6.0 -6.0 -6.0 -6.0 -6.0 -6.0 -6.0 -6.0 -6.0 -6.0 -6.0 -6.0 -6.0 -6.0 -6.0 -6.0 -6.0 -6.0 -6.0 -6.0
-6.0 -6.0 -6.0 -6.0 -6.0 -6.0 -6.0 -6.0 -6.0 -6.0 -6.0 -6.0 -6.0 -6.0 -6.0 -6.0 -2.125 -1.96486 -1.8538 -0.18512 1.21616 2.08601 2.18415 4.28849 6.26191 6.62867 6.53323 6.33739 6.49615 6.35832 5.98075 6.16949 6.62153 7.22584 7.783 7.81547 7.75225 6.81052 4.8844 1.62866 0.61915 0.29646 0.19823 0.00862 -0.09112 -0.21296 -0.32855 -0.4263 -0.5607 -0.99709 -1.31575 -1.52707 -2.23179 -6.0 -6.0 -3.23776 -1.38117 -1.06427 -1.19504 -1.35584 -1.45597 -1.53331 -1.61014 -5.04783 -6.0 -6.0 -6.0 -6.0 -6.0 -6.0 -6.0 -6.0 -6.0 -6.0 -6.0 -6.0 -6.0 -6.0 -6.0 -6.0 -6.0 -6.0 -6.0 -6.0 -6.0 -6.0 -6.0 -6.0 -6.0 -6.0 -6.0 -6.0 -6.0 -6.0 -6.0 -6.0 -6.0 -6.0 -6.0 -6.0 -6.0 -6.0 -6.0 -6.0 -6.0 -6.0 -6.0 -6.0 -6.0 -6.0 -6.0 -6.0 -6.0 -6.0 -6.0 -6.0 -6.0 -6.0 -6.0 -6.0 -6.0 -6.0 -6.0 -6.0 -6.0 -6.0 -6.0 -6.0 -6.0 -6.0 -6.0 -6.0 -6.0 -6.0 -6.0 -6.0 -6.0 -6.0 -6.0 -6.0 -6.0 -6.0 -6.0 -6.0 -6.0 -6.0 -6.0 -6.0 -6.0 -6.0 -6.0 -6.0 -6.0 -6.0 -6.0 -6.0 -6.0 -6.0 -6.0 -6.0 -6.0 -6.0 -6.0 -6.0 -6.0 -6.0 -6.0 -6.0 -6.0 -6.0 -6.0 -6.0 -6.0 -6.0 -6.0 -6.0 -6.0 -6.0 -6.0 -6.0 -6.0 -6.0 -6.0 -6.0 -6.0 -6.0 -6.0 -6.0 -6.0 -6.0 -6.0 -6.0 -6.0 -6.0 -6.0 -6.0 -6.0 -6.0 -6.0 -6.0 -6.0 -6.0 -6.0 -6.0 -6.0 -6.0 -6.0 -6.0 -6.0 -6.0 -6.0 -6.0 -6.0 -6.0 -6.0 -6.0 -6.0 -6.0 -6.0 -6.0 -6.0 -6.0
-6.0 -6.0 -6.0 -6.0 -6.0 -6.0 -6.0 -6.0 -6.0 -3.84088 -1.20939 -1.12865 -1.10945 -1.12832 -1.08317 -1.14124 -0.88264 0.27239 0.94046 1.7255 1.78761 1.0003 0.98051 2.28373 5.06974 6.49511 7.13824 7.15839 7.9168 8.02808 7.23405 7.25045 7.70057 7.82002 7.80483 7.33349 5.93695 3.72739 2.18703 0.61352 0.30412 0.21589 0.22484 0.00329 -0.14912 -0.27536 -0.36188 -0.49058 -0.73346 -1.43477 -1.49787 -1.80276 -4.19784 -5.08214 -2.19028 -1.8961 -1.00823 -0.94964 -1.09322 -1.26428 -1.34474 -1.21662 -1.07302 -1.52973 -4.01427 -6.0 -6.0 -6.0 -6.0 -6.0 -6.0 -6.0 -6.0 -6.0 -6.0 -6.0 -6.0 -6.0 -6.0 -6.0 -6.0 -6.0 -6.0 -6.0 -6.0 -6.0 -6.0 -6.0 -6.0 -6.0 -6.0 -6.0 -6.0 -6.0 -6.0 -6.0 -6.0 -6.0 -6.0 -6.0 -6.0 -6.0 -6.0 -6.0 -6.0 -6.0 -6.0 -6.0 -6.0 -6.0 -6.0 -6.0 -6.0 -6.0 -6.0 -6.0 -6.0 -6.0 -6.0 -6.0 -6.0 -6.0 -6.0 -6.0 -6.0 -6.0 -6.0 -6.0 -6.0 -6.0 -6.0 -6.0 -6.0 -6.0 -6.0 -6.0 -6.0 -6.0 -6.0 -6.0 -6.0 -6.0 -6.0 -6.0 -6.0 -6.0 -6.0 -6.0 -6.0 -6.0 -6.0 -6.0 -6.0 -6.0 -6.0 -6.0 -6.0 -6.0 -6.0 -6.0 -6.0 -6.0 -6.0 -6.0 -6.0 -6.0 -6.0 -6.0 -6.0 -6.0 -6.0 -6.0 -6.0 -6.0 -6.0 -6.0 -6.0 -6.0 -6.0 -6.0 -6.0 -6.0 -6.0 -6.0 -6.0 -6.0 -6.0 -6.0 -6.0 -6.0 -6.0 -6.0 -6.0 -6.0 -6.0 -6.0 -6.0 -6.0 -6.0 -6.0 -6.0 -6.0 -6.0 -6.0 -6.0 -6.0 -6.0 -6.0 -6.0 -6.0 -6.0 -6.0 -6.0 -6.0 -6.0 -6.0 -6.0 -6.0 -6.0 -6.0 -6.0 -6.0
-6.0 -6.0 -6.0 -6.0 -6.0 -6.0 -6.0 -2.15497 -0.79018 -0.08874 0.41822 0.37279 0.54717 0.43304 0.46808 0.43491 0.65515 1.7289 1.83469 0.89278 0.18218 -0.08601 -0.09994 0.07696 0.48152 0.79535 1.4062 2.35222 4.98153 6.34716 6.97818 7.17068 7.82145 7.78545 7.51041 5.72481 2.10797 0.81596 0.49942 0.27873 0.12232 -0.03376 -0.03379 -0.12534 -0.23621 -0.28666 -0.43276 -0.70447 -1.16567 -5.06688 -5.07997 -5.10751 -6.0 -6.0 -5.09263 -2.18438 -0.89283 -0.89161 -0.99591 -1.09938 -0.9559 -0.90007 -0.82146 -0.81475 -1.23134 -1.43153 -1.83173 -5.97618 -6.0 -6.0 -6.0 -6.0 -6.0 -6.0 -6.0 -6.0 -6.0 -6.0 -6.0 -6.0 -6.0 -6.0 -6.0 -6.0 -6.0 -6.0 -6.0 -6.0 -6.0 -6.0 -6.0 -6.0 -6.0 -6.0 -6.0 -6.0 -6.0 -6.0 -6.0 -6.0 -6.0 -6.0 -6.0 -6.0 -6.0 -6.0 -6.0 -6.0 -6.0 -6.0 -6.0 -6.0 -6.0 -6.0 -6.0 -6.0 -6.0 -6.0 -6.0 -6.0 -6.0 -6.0 -6.0 -6.0 -6.0 -6.0 -6.0 -6.0 -6.0 -6.0 -6.0 -6.0 -6.0 -6.0 -6.0 -6.0 -6.0 -6.0 -6.0 -6.0 -6.0 -6.0 -6.0 -6.0 -6.0 -6.0 -6.0 -6.0 -6.0 -6.0 -6.0 -6.0 -6.0 -6.0 -6.0 -6.0 -6.0 -6.0 -6.0 -6.0 -6.0 -6.0 -6.0 -6.0 -6.0 -6.0 -6.0 -6.0 -6.0 -6.0 -6.0 -6.0 -6.0 -6.0 -6.0 -6.0 -6.0 -6.0 -6.0 -6.0 -6.0 -6.0 -6.0 -6.0 -6.0 -6.0 -6.0 -6.0 -6.0 -6.0 -6.0 -6.0 -6.0 -6.0 -6.0 -6.0 -6.0 -6.0 -6.0 -6.0 -6.0 -6.0 -6.0 -6.0 -6.0 -6.0 -6.0 -6.0 -6.0 -6.0 -6.0 -6.0 -6.0 -6.0 -6.0 -6.0 -6.0 -6.0 -6.0 -6.0 -6.0 -6.0
-6.0 -6.0 -6.0 -6.0 -6.0 -6.0 -4.04265 -0.35982 0.64833 0.34463 0.25454 0.34869 0.63896 0.87078 1.05276 0.92642 0.73757 0.19539 -0.66323 -1.32588 -0.48021 -0.30548 -0.14381 0.00044 0.1717 0.29 0.83375 2.01701 4.51914 5.72942 6.82937 7.37491 7.82568 7.7693 7.01117 3.19428 0.80136 0.3545 0.24786 0.14616 0.04727 -0.11886 -0.16793 -0.22896 -0.29501 -0.33472 -0.85338 -2.03728 -2.18423 -6.0 -6.0 -6.0 -6.0 -6.0 -6.0 -3.18703 -1.17328 -1.06331 -1.00395 -0.99963 -0.91622 -0.89777 -0.86624 -0.86719 -0.94152 -1.1335 -1.40533 -1.86794 -2.08434 -5.98251 -6.0 -6.0 -6.0 -6.0 -6.0 -6.0 -6.0 -6.0 -6.0 -6.0 -6.0 -6.0 -6.0 -6.0 -6.0 -6.0 -6.0 -6.0 -6.0 -6.0 -6.0 -6.0 -6.0 -6.0 -6.0 -6.0 -6.0 -6.0 -6.0 -6.0 -6.0 -6.0 -6.0 -6.0 -6.0 -6.0 -6.0 -6.0 -6.0 -6.0 -6.0 -6.0 -6.0 -6.0 -6.0 -6.0 -6.0 -6.0 -6.0 -6.0 -6.0 -6.0 -6.0 -6.0 -6.0 -6.0 -6.0 -6.0 -6.0 -6.0 -6.0 -6.0 -6.0 -6.0 -6.0 -6.0 -6.0 -6.0 -6.0 -6.0 -6.0 -6.0 -6.0 -6.0 -6.0 -6.0 -6.0 -6.0 -6.0 -6.0 -6.0 -6.0 -6.0 -6.0 -6.0 -6.0 -6.0 -6.0 -6.0 -6.0 -6.0 -6.0 -6.0 -6.0 -6.0 -6.0 -6.0 -6.0 -6.0 -6.0 -6.0 -6.0 -6.0 -6.0 -6.0 -6.0 -6.0 -6.0 -6.0 -6.0 -6.0 -6.0 -6.0 -6.0 -6.0 -6.0 -6.0 -6.0 -6.0 -6.0 -6.0 -6.0 -6.0 -6.0 -6.0 -6.0 -6.0 -6.0 -6.0 -6.0 -6.0 -6.0 -6.0 -6.0 -6.0 -6.0 -6.0 -6.0 -6.0 -6.0 -6.0 -6.0 -6.0 -6.0 -6.0 -6.0 -6.0 -6.0 -6.0 -6.0 -6.0 -6.0
-6.0 -6.0 -6.0 -6.0 -6.0 -4.09908 -1.40755 1.08366 0.66817 0.08483 -0.08249 0.00866 0.21838 0.44623 0.56668 0.25376 -0.32159 -1.32879 -2.98021 -3.16512 -0.75589 -0.37622 -0.172 0.01403 0.25327 0.56279 1.42041 2.80268 4.90882 5.73797 6.93172 7.57563 7.81099 6.73476 4.31345 1.12177 0.46534 0.3142 0.21627 0.13537 0.09393 -0.02462 -0.11308 -0.27066 -0.33369 -0.41227 -1.22032 -5.05714 -6.0 -6.0 -6.0 -6.0 -6.0 -6.0 -6.0 -4.16085 -1.65285 -1.35234 -1.15097 -1.06993 -0.96946 -0.94077 -0.91987 -0.9452 -1.05378 -1.34911 -1.4577 -1.58447 -1.72848 -2.9717 -4.13387 -6.0 -6.0 -6.0 -6.0 -6.0 -6.0 -6.0 -6.0 -6.0 -6.0 -6.0 -6.0 -6.0 -6.0 -6.0 -6.0 -6.0 -6.0 -6.0 -6.0 -6.0 -6.0 -6.0 -6.0 -6.0 -6.0 -6.0 -6.0 -6.0 -6.0 -6.0 -6.0 -6.0 -6.0 -6.0 -6.0 -6.0 -6.0 -6.0 -6.0 -6.0 -6.0 -6.0 -6.0 -6.0 -6.0 -6.0 -6.0 -6.0 -6.0 -6.0 -6.0 -6.0 -6.0 -6.0 -6.0 -6.0 -6.0 -6.0 -6.0 -6.0 -6.0 -6.0 -6.0 -6.0 -6.0 -6.0 -6.0 -6.0 -6.0 -6.0 -6.0 -6.0 -6.0 -6.0 -6.0 -6.0 -6.0 -6.0 -6.0 -6.0 -6.0 -6.0 -6.0 -6.0 -6.0 -6.0 -6.0 -6.0 -6.0 -6.0 -6.0 -6.0 -6.0 -6.0 -6.0 -6.0 -6.0 -6.0 -6.0 -6.0 -6.0 -6.0 -6.0 -6.0 -6.0 -6.0 -6.0 -6.0 -6.0 -6.0 -6.0 -6.0 -6.0 -6.0 -6.0 -6.0 -6.0 -6.0 -6.0 -6.0 -6.0 -6.0 -6.0 -6.0 -6.0 -6.0 -6.0 -6.0 -6.0 -6.0 -6.0 -6.0 -6.0 -6.0 -6.0 -6.0 -6.0 -6.0 -6.0 -6.0 -6.0 -6.0 -6.0 -6.0 -6.0 -6.0 -6.0 -6.0 -6.0 -6.0
-6.0 -6.0 -6.0 -6.0 -6.0 -1.39368 0.47156 0.62116 -0.36051 -0.46815 -0.44582 -0.40225 -0.49505 -1.3107 -1.53154 -3.17058 -6.0 -6.0 -6.0 -5.09498 -1.5797 -0.49376 -0.18293 0.14508 0.45303 1.0659 2.48507 3.82026 5.53964 6.35691 7.39841 7.69959 7.45489 3.68281 0.87158 0.36127 0.37745 0.10382 -0.00132 0.26634 0.40175 0.18496 -0.09073 -0.39956 -0.50886 -0.74469 -2.07245 -6.0 -6.0 -6.0 -6.0 -6.0 -6.0 -6.0 -6.0 -6.0 -4.19718 -2.09738 -1.94821 -1.39343 -1.08617 -1.17614 -1.51519 -1.71343 -1.8243 -3.01649 -4.20029 -6.0 -6.0 -6.0 -6.0 -6.0 -6.0 -6.0 -6.0 -6.0 -6.0 -6.0 -6.0 -6.0 -6.0 -6.0 -6.0 -6.0 -6.0 -6.0 -6.0 -6.0 -6.0 -6.0 -6.0 -6.0 -6.0 -6.0 -6.0 -6.0 -6.0 -6.0 -6.0 -6.0 -6.0 -6.0 -6.0 -6.0 -6.0 -6.0 -6.0 -6.0 -6.0 -6.0 -6.0 -6.0 -6.0 -6.0 -6.0 -6.0 -6.0 -6.0 -6.0 -6.0 -6.0 -6.0 -6.0 -6.0 -6.0 -6.0 -6.0 -6.0 -6.0 -6.0 -6.0 -6.0 -6.0 -6.0 -6.0 -6.0 -6.0 -6.0 -6.0 -6.0 -6.0 -6.0 -6.0 -6.0 -6.0 -6.0 -6.0 -6.0 -6.0 -6.0 -6.0 -6.0 -6.0 -6.0 -6.0 -6.0 -6.0 -6.0 -6.0 -6.0 -6.0 -6.0 -6.0 -6.0 -6.0 -6.0 -6.0 -6.0 -6.0 -6.0 -6.0 -6.0 -6.0 -6.0 -6.0 -6.0 -6.0 -6.0 -6.0 -6.0 -6.0 -6.0 -6.0 -6.0 -6.0 -6.0 -6.0 -6.0 -6.0 -6.0 -6.0 -6.0 -6.0 -6.0 -6.0 -6.0 -6.0 -6.0 -6.0 -6.0 -6.0 -6.0 -6.0 -6.0 -6.0 -6.0 -6.0 -6.0 -6.0 -6.0 -6.0 -6.0 -6.0 -6.0 -6.0 -6.0 -6.0 -6.0 -6.0 -6.0 -6.0 -6.0
-6.0 -6.0 -6.0 -6.0 -6.0 -0.94585 1.3928 0.11108 -0.43255 -0.4888 -0.5693 -0.64528 -1.04785 -3.16929 -6.0 -6.0 -6.0 -6.0 -6.0 -6.0 -2.1685 -0.5857 -0.1506 0.27994 0.70392 1.49941 3.18415 4.42804 6.11811 6.96509 7.73863 7.76216 6.72492 1.30695 0.37954 0.22088 0.04215 -0.26033 -0.27152 0.10183 0.29197 -0.01658 -0.25565 -0.49773 -0.68142 -0.97349 -4.08886 -6.0 -6.0 -6.0 -6.0 -6.0 -6.0 -6.0 -6.0 -6.0 -6.0 -6.0 -4.18156 -1.65348 -1.39873 -1.5694 -2.16129 -5.09503 -6.0 -6.0 -6.0 -6.0 -6.0 -6.0 -6.0 -6.0 -6.0 -6.0 -6.0 -6.0 -6.0 -6.0 -6.0 -6.0 -6.0 -6.0 -6.0 -6.0 -6.0 -6.0 -6.0 -6.0 -6.0 -6.0 -6.0 -6.0 -6.0 -6.0 -6.0 -6.0 -6.0 -6.0 -6.0 -6.0 -6.0 -6.0 -6.0 -6.0 -6.0 -6.0 -6.0 -6.0 -6.0 -6.0 -6.0 -6.0 -6.0 -6.0 -6.0 -6.0 -6.0 -6.0 -6.0 -6.0 -6.0 -6.0 -6.0 -6.0 -6.0 -6.0 -6.0 -6.0 -6.0 -6.0 -6.0 -6.0 -6.0 -6.0 -6.0 -6.0 -6.0 -6.0 -6.0 -6.0 -6.0 -6.0 -6.0 -6.0 -6.0 -6.0 -6.0 -6.0 -6.0 -6.0 -6.0 -6.0 -6.0 -6.0 -6.0 -6.0 -6.0 -6.0 -6.0 -6.0 -6.0 -6.0 -6.0 -6.0 -6.0 -6.0 -6.0 -6.0 -6.0 -6.0 -6.0 -6.0 -6.0 -6.0 -6.0 -6.0 -6.0 -6.0 -6.0 -6.0 -6.0 -6.0 -6.0 -6.0 -6.0 -6.0 -6.0 -6.0 -6.0 -6.0 -6.0 -6.0 -6.0 -6.0 -6.0 -6.0 -6.0 -6.0 -6.0 -6.0 -6.0 -6.0 -6.0 -6.0 -6.0 -6.0 -6.0 -6.0 -6.0 -6.0 -6.0 -6.0 -6.0 -6.0 -6.0 -6.0 -6.0 -6.0 -6.0 -6.0 -6.0 -6.0
-6.0 -6.0 -6.0 -6.0 -2.17307 -0.35428 1.4059 0.46561 -0.23137 -0.54734 -1.2143 -1.90031 -2.37134 -6.0 -6.0 -6.0 -6.0 -6.0 -6.0 -6.0 -2.18086 -0.53963 -0.09159 0.39156 1.1436 2.48662 4.60366 5.52639 6.97706 7.5782 7.68929 6.35061 2.99894 0.31039 0.22278 0.01381 -0.87413 -0.3629 -0.24381 -0.26815 -0.26366 -0.50243 -0.5801 -0.62705 -0.87987 -1.49607 -4.15775 -6.0 -6.0 -6.0 -6.0 -6.0 -6.0 -6.0 -6.0 -6.0 -6.0 -6.0 -6.0 -6.0 -6.0 -6.0 -6.0 -6.0 -6.0 -6.0 -6.0 -6.0 -6.0 -6.0 -6.0 -6.0 -6.0 -6.0 -6.0 -6.0 -6.0 -6.0 -6.0 -6.0 -6.0 -6.0 -6.0 -6.0 -6.0 -6.0 -6.0 -6.0 -6.0 -6.0 -6.0 -6.0 -6.0 -6.0 -6.0 -6.0 -6.0 -6.0 -6.0 -6.0 -6.0 -6.0 -6.0 -6.0 -6.0 -6.0 -6.0 -6.0 -6.0 -6.0 -6.0 -6.0 -6.0 -6.0 -6.0 -6.0 -6.0 -6.0 -6.0 -6.0 -6.0 -6.0 -6.0 -6.0 -6.0 -6.0 -6.0 -6.0 -6.0 -6.0 -6.0 -6.0 -6.0 -6.0 -6.0 -6.0 -6.0 -6.0 -6.0 -6.0 -6.0 -6.0 -6.0 -6.0 -6.0 -6.0 -6.0 -6.0 -6.0 -6.0 -6.0 -6.0 -6.0 -6.0 -6.0 -6.0 -6.0 -6.0 -6.0 -6.0 -6.0 -6.0 -6.0 -6.0 -6.0 -6.0 -6.0 -6.0 -6.0 -6.0 -6.0 -6.0 -6.0 -6.0 -6.0 -6.0 -6.0 -6.0 -6.0 -6.0 -6.0 -6.0 -6.0 -6.0 -6.0 -6.0 -6.0 -6.0 -6.0 -6.0 -6.0 -6.0 -6.0 -6.0 -6.0 -6.0 -6.0 -6.0 -6.0 -6.0 -6.0 -6.0 -6.0 -6.0 -6.0 -6.0 -6.0 -6.0 -6.0 -6.0 -6.0 -6.0 -6.0 -6.0 -6.0 -6.0 -6.0 -6.0 -6.0 -6.0 -6.0 -6.0
-6.0 -6.0 -6.0 -6.0 -1.93676 -0.02986 1.81151 1.04617 0.21852 -0.88315 -4.13885 -6.0 -6.0 -6.0 -6.0 -6.0 -6.0 -6.0 -6.0 -6.0 -2.18347 -0.56302 -0.09906 0.40873 1.39758 3.58718 6.44269 7.10861 7.50136 7.68696 7.41791 4.48644 0.87718 0.22045 0.10506 -0.04774 -0.37009 -0.25852 -0.28806 -0.338 -0.36917 -0.5373 -0.66187 -0.99075 -1.43431 -4.15871 -6.0 -6.0 -6.0 -6.0 -6.0 -6.0 -6.0 -6.0 -6.0 -6.0 -6.0 -6.0 -6.0 -6.0 -6.0 -6.0 -6.0 -6.0 -6.0 -6.0 -6.0 -6.0 -6.0 -6.0 -6.0 -6.0 -6.0 -6.0 -6.0 -6.0 -6.0 -6.0 -6.0 -6.0 -6.0 -6.0 -6.0 -6.0 -6.0 -6.0 -6.0 -6.0 -6.0 -6.0 -6.0 -6.0 -6.0 -6.0 -6.0 -6.0 -6.0 -6.0 -6.0 -6.0 -6.0 -6.0 -6.0 -6.0 -6.0 -6.0 -6.0 -6.0 -6.0 -6.0 -6.0 -6.0 -6.0 -6.0 -6.0 -6.0 -6.0 -6.0 -6.0 -6.0 -6.0 -6.0 -6.0 -6.0 -6.0 -6.0 -6.0 -6.0 -6.0 -6.0 -6.0 -6.0 -6.0 -6.0 -6.0 -6.0 -6.0 -6.0 -6.0 -6.0 -6.0 -6.0 -6.0 -6.0 -6.0 -6.0 -6.0 -6.0 -6.0 -6.0 -6.0 -6.0 -6.0 -6.0 -6.0 -6.0 -6.0 -6.0 -6.0 -6.0 -6.0 -6.0 -6.0 -6.0 -6.0 -6.0 -6.0 -6.0 -6.0 -6.0 -6.0 -6.0 -6.0 -6.0 -6.0 -6.0 -6.0 -6.0 -6.0 -6.0 -6.0 -6.0 -6.0 -6.0 -6.0 -6.0 -6.0 -6.0 -6.0 -6.0 -6.0 -6.0 -6.0 -6.0 -6.0 -6.0 -6.0 -6.0 -6.0 -6.0 -6.0 -6.0 -6.0 -6.0 -6.0 -6.0 -6.0 -6.0 -6.0 -6.0 -6.0 -6.0 -6.0 -6.0 -6.0 -6.0 -6.0 -6.0 -6.0 -6.0 -6.0 -6.0
-6.0 -6.0 -6.0 -6.0 -1.77142 -0.70294 -0.06416 1.03103 1.60427 -0.7807 -4.15284 -6.0 -6.0 -6.0 -6.0 -6.0 -6.0 -6.0 -6.0 -6.0 -2.28754 -1.13762 -0.30392 0.3028 1.96108 4.86622 7.19739 7.49495 7.76204 7.81188 7.54745 6.27962 3.41406 0.24004 0.1294 -0.17212 -0.21319 -0.31926 -0.38592 -0.47256 -0.55342 -0.66434 -0.75002 -1.41308 -1.93231 -6.0 -6.0 -6.0 -6.0 -6.0 -6.0 -6.0 -6.0 -6.0 -6.0 -6.0 -6.0 -6.0 -6.0 -6.0 -6.0 -6.0 -6.0 -6.0 -6.0 -6.0 -6.0 -6.0 -6.0 -6.0 -6.0 -6.0 -6.0 -6.0 -6.0 -6.0 -6.0 -6.0 -6.0 -6.0 -6.0 -6.0 -6.0 -6.0 -6.0 -6.0 -6.0 -6.0 -6.0 -6.0 -6.0 -6.0 -6.0 -6.0 -6.0 -6.0 -6.0 -6.0 -6.0 -6.0 -6.0 -6.0 -6.0 -6.0 -6.0 -6.0 -6.0 -6.0 -6.0 -6.0 -6.0 -6.0 -6.0 -6.0 -6.0 -6.0 -6.0 -6.0 -6.0 -6.0 -6.0 -6.0 -6.0 -6.0 -6.0 -6.0 -6.0 -6.0 -6.0 -6.0 -6.0 -6.0 -6.0 -6.0 -6.0 -6.0 -6.0 -6.0 -6.0 -6.0 -6.0 -6.0 -6.0 -6.0 -6.0 -6.0 -6.0 -6.0 -6.0 -6.0 -6.0 -6.0 -6.0 -6.0 -6.0 -6.0 -6.0 -6.0 -6.0 -6.0 -6.0 -6.0 -6.0 -6.0 -6.0 -6.0 -6.0 -6.0 -6.0 -6.0 -6.0 -6.0 -6.0 -6.0 -6.0 -6.0 -6.0 -6.0 -6.0 -6.0 -6.0 -6.0 -6.0 -6.0 -6.0 -6.0 -6.0 -6.0 -6.0 -6.0 -6.0 -6.0 -6.0 -6.0 -6.0 -6.0 -6.0 -6.0 -6.0 -6.0 -6.0 -6.0 -6.0 -6.0 -6.0 -6.0 -6.0 -6.0 -6.0 -6.0 -6.0 -6.0 -6.0 -6.0 -6.0 -6.0 -6.0 -6.0 -6.0 -6.0 -6.0 -6.0
-6.0 -6.0 -6.0 -6.0 -1.68877 -0.67917 -0.27309 0.56775 1.77413 -0.95184 -4.18195 -6.0 -6.0 -6.0 -6.0 -6.0 -6.0 -6.0 -6.0 -6.0 -6.0 -4.98564 -0.59973 0.09026 2.94353 5.85411 7.46202 7.68524 7.8169 7.8093 7.58289 6.98652 4.84226 0.37977 0.12498 -0.6323 -0.34084 -0.38405 -0.4543 -0.54738 -0.62737 -0.75666 -0.87077 -1.29291 -1.59787 -6.0 -6.0 -6.0 -6.0 -6.0 -6.0 -6.0 -6.0 -6.0 -6.0 -6.0 -6.0 -6.0 -6.0 -6.0 -6.0 -6.0 -6.0 -6.0 -6.0 -6.0 -6.0 -6.0 -6.0 -6.0 -6.0 -6.0 -6.0 -6.0 -6.0 -6.0 -6.0 -6.0 -6.0 -6.0 -6.0 -6.0 -6.0 -6.0 -6.0 -6.0 -6.0 -6.0 -6.0 -6.0 -6.0 -6.0 -6.0 -6.0 -6.0 -6.0 -6.0 -6.0 -6.0 -6.0 -6.0 -6.0 -6.0 -6.0 -6.0 -6.0 -6.0 -6.0 -6.0 -6.0 -6.0 -6.0 -6.0 -6.0 -6.0 -6.0 -6.0 -6.0 -6.0 -6.0 -6.0 -6.0 -6.0 -6.0 -6.0 -6.0 -6.0 -6.0 -6.0 -6.0 -6.0 -6.0 -6.0 -6.0 -6.0 -6.0 -6.0 -6.0 -6.0 -6.0 -6.0 -6.0 -6.0 -6.0 -6.0 -6.0 -6.0 -6.0 -6.0 -6.0 -6.0 -6.0 -6.0 -6.0 -6.0 -6.0 -6.0 -6.0 -6.0 -6.0 -6.0 -6.0 -6.0 -6.0 -6.0 -6.0 -6.0 -6.0 -6.0 -6.0 -6.0 -6.0 -6.0 -6.0 -6.0 -6.0 -6.0 -6.0 -6.0 -6.0 -6.0 -6.0 -6.0 -6.0 -6.0 -6.0 -6.0 -6.0 -6.0 -6.0 -6.0 -6.0 -6.0 -6.0 -6.0 -6.0 -6.0 -6.0 -6.0 -6.0 -6.0 -6.0 -6.0 -6.0 -6.0 -6.0 -6.0 -6.0 -6.0 -6.0 -6.0 -6.0 -6.0 -6.0 -6.0 -6.0 -6.0 -6.0 -6.0 -6.0 -6.0 -6.0
-6.0 -6.0 -6.0 -6.0 -1.47949 -0.29612 0.18148 1.07327 -0.02273 -2.98596 -6.0 -6.0 -6.0 -6.0 -6.0 -6.0 -6.0 -6.0 -6.0 -6.0 -6.0 -5.03315 -0.66018 0.20593 2.81096 5.77253 7.64662 7.8158 7.7429 7.61732 7.18354 5.40163 2.3036 0.47651 -0.00396 -0.60958 -0.46011 -0.50535 -0.58813 -0.64662 -0.70525 -0.87337 -0.99621 -1.37728 -1.67516 -6.0 -6.0 -6.0 -6.0 -6.0 -6.0 -6.0 -6.0 -6.0 -6.0 -6.0 -6.0 -6.0 -6.0 -6.0 -6.0 -6.0 -6.0 -6.0 -6.0 -6.0 -6.0 -6.0 -6.0 -6.0 -6.0 -6.0 -6.0 -6.0 -6.0 -6.0 -6.0 -6.0 -6.0 -6.0 -6.0 -6.0 -6.0 -6.0 -6.0 -6.0 -6.0 -6.0 -6.0 -6.0 -6.0 -6.0 -6.0 -6.0 -6.0 -6.0 -6.0 -6.0 -6.0 -6.0 -6.0 -6.0 -6.0 -6.0 -6.0 -6.0 -6.0 -6.0 -6.0 -6.0 -6.0 -6.0 -6.0 -6.0 -6.0 -6.0 -6.0 -6.0 -6.0 -6.0 -6.0 -6.0 -6.0 -6.0 -6.0 -6.0 -6.0 -6.0 -6.0 -6.0 -6.0 -6.0 -6.0 -6.0 -6.0 -6.0 -6.0 -6.0 -6.0 -6.0 -6.0 -6.0 -6.0 -6.0 -6.0 -6.0 -6.0 -6.0 -6.0 -6.0 -6.0 -6.0 -6.0 -6.0 -6.0 -6.0 -6.0 -6.0 -6.0 -6.0 -6.0 -6.0 -6.0 -6.0 -6.0 -6.0 -6.0 -6.0 -6.0 -6.0 -6.0 -6.0 -6.0 -6.0 -6.0 -6.0 -6.0 -6.0 -6.0 -6.0 -6.0 -6.0 -6.0 -6.0 -6.0 -6.0 -6.0 -6.0 -6.0 -6.0 -6.0 -6.0 -6.0 -6.0 -6.0 -6.0 -6.0 -6.0 -6.0 -6.0 -6.0 -6.0 -6.0 -6.0 -6.0 -6.0 -6.0 -6.0 -6.0 -6.0 -6.0 -6.0 -6.0 -6.0 -6.0 -6.0 -6.0 -6.0 -6.0 -6.0 -6.0 -6.0
-6.0 -6.0 -6.0 -5.99228 -1.62983 -0.08952 0.8836 0.10264 -1.0452 -3.25332 -6.0 -6.0 -6.0 -6.0 -6.0 -6.0 -6.0 -6.0 -6.0 -6.0 -6.0 -6.0 -2.75602 0.31926 3.96017 6.58307 7.74832 7.78533 7.31973 7.06396 5.46574 2.95188 0.75459 0.51848 0.06304 -0.53651 -0.51006 -0.54293 -0.61666 -0.73057 -0.79994 -0.95136 -1.11811 -1.91695 -3.23437 -6.0 -6.0 -6.0 -6.0 -6.0 -6.0 -6.0 -6.0 -6.0 -6.0 -6.0 -6.0 -6.0 -6.0 -6.0 -6.0 -6.0 -6.0 -6.0 -6.0 -6.0 -6.0 -6.0 -6.0 -6.0 -6.0 -6.0 -6.0 -6.0 -6.0 -6.0 -6.0 -6.0 -6.0 -6.0 -6.0 -6.0 -6.0 -6.0 -6.0 -6.0 -6.0 -6.0 -6.0 -6.0 -6.0 -6.0 -6.0 -6.0 -6.0 -6.0 -6.0 -6.0 -6.0 -6.0 -6.0 -6.0 -6.0 -6.0 -6.0 -6.0 -6.0 -6.0 -6.0 -6.0 -6.0 -6.0 -6.0 -6.0 -6.0 -6.0 -6.0 -6.0 -6.0 -6.0 -6.0 -6.0 -6.0 -6.0 -6.0 -6.0 -6.0 -6.0 -6.0 -6.0 -6.0 -6.0 -6.0 -6.0 -6.0 -6.0 -6.0 -6.0 -6.0 -6.0 -6.0 -6.0 -6.0 -6.0 -6.0 -6.0 -6.0 -6.0 -6.0 -6.0 -6.0 -6.0 -6.0 -6.0 -6.0 -6.0 -6.0 -6.0 -6.0 -6.0 -6.0 -6.0 -6.0 -6.0 -6.0 -6.0 -6.0 -6.0 -6.0 -6.0 -6.0 -6.0 -6.0 -6.0 -6.0 -6.0 -6.0 -6.0 -6.0 -6.0 -6.0 -6.0 -6.0 -6.0 -6.0 -6.0 -6.0 -6.0 -6.0 -6.0 -6.0 -6.0 -6.0 -6.0 -6.0 -6.0 -6.0 -6.0 -6.0 -6.0 -6.0 -6.0 -6.0 -6.0 -6.0 -6.0 -6.0 -6.0 -6.0 -6.0 -6.0 -6.0 -6.0 -6.0 -6.0 -6.0 -6.0 -6.0 -6.0 -6.0 -6.0 -6.0
-6.0 -6.0 -2.22984 -2.03294 -2.18852 -3.1149 -1.90801 -3.9199 -4.12176 -6.0 -6.0 -6.0 -6.0 -6.0 -6.0 -6.0 -6.0 -6.0 -6.0 -6.0 -6.0 -6.0 -3.95963 0.09298 4.74897 7.25656 8.26706 7.66976 6.31019 5.98742 4.9709 2.58378 0.42165 0.52021 0.05005 -0.51994 -0.50136 -0.60534 -0.66839 -0.82143 -0.92902 -1.15914 -1.58076 -3.21436 -6.0 -6.0 -6.0 -6.0 -6.0 -6.0 -6.0 -6.0 -6.0 -6.0 -6.0 -6.0 -6.0 -6.0 -6.0 -6.0 -6.0 -6.0 -6.0 -6.0 -6.0 -6.0 -6.0 -6.0 -6.0 -6.0 -6.0 -6.0 -6.0 -6.0 -6.0 -6.0 -6.0 -6.0 -6.0 -6.0 -6.0 -6.0 -6.0 -6.0 -6.0 -6.0 -6.0 -6.0 -6.0 -6.0 -6.0 -6.0 -6.0 -6.0 -6.0 -6.0 -6.0 -6.0 -6.0 -6.0 -6.0 -6.0 -6.0 -6.0 -6.0 -6.0 -6.0 -6.0 -6.0 -6.0 -6.0 -6.0 -6.0 -6.0 -6.0 -6.0 -6.0 -6.0 -6.0 -6.0 -6.0 -6.0 -6.0 -6.0 -6.0 -6.0 -6.0 -6.0 -6.0 -6.0 -6.0 -6.0 -6.0 -6.0 -6.0 -6.0 -6.0 -6.0 -6.0 -6.0 -6.0 -6.0 -6.0 -6.0 -6.0 -6.0 -6.0 -6.0 -6.0 -6.0 -6.0 -6.0 -6.0 -6.0 -6.0 -6.0 -6.0 -6.0 -6.0 -6.0 -6.0 -6.0 -6.0 -6.0 -6.0 -6.0 -6.0 -6.0 -6.0 -6.0 -6.0 -6.0 -6.0 -6.0 -6.0 -6.0 -6.0 -6.0 -6.0 -6.0 -6.0 -6.0 -6.0 -6.0 -6.0 -6.0 -6.0 -6.0 -6.0 -6.0 -6.0 -6.0 -6.0 -6.0 -6.0 -6.0 -6.0 -6.0 -6.0 -6.0 -6.0 -6.0 -6.0 -6.0 -6.0 -6.0 -6.0 -6.0 -6.0 -6.0 -6.0 -6.0 -6.0 -6.0 -6.0 -6.0 -6.0 -6.0 -6.0 -6.0 -6.0 -6.0
-6.0 -6.0 -1.02444 -0.66901 -0.50917 -0.82285 -1.81801 -5.07237 -6.0 -6.0 -6.0 -6.0 -6.0 -6.0 -6.0 -6.0 -6.0 -6.0 -6.0 -6.0 -6.0 -6.0 -6.0 -1.37129 4.56504 7.299 6.102 5.40718 5.57185 5.65528 5.31756 3.24422 0.74967 0.39059 0.06868 -0.64256 -0.52563 -0.65032 -0.73332 -0.89992 -1.08053 -1.78429 -2.18319 -5.06943 -6.0 -6.0 -6.0 -6.0 -6.0 -6.0 -6.0 -6.0 -6.0 -6.0 -6.0 -6.0 -6.0 -6.0 -6.0 -6.0 -6.0 -6.0 -6.0 -6.0 -6.0 -6.0 -6.0 -6.0 -6.0 -6.0 -6.0 -6.0 -6.0 -6.0 -6.0 -6.0 -6.0 -6.0 -6.0 -6.0 -6.0 -6.0 -6.0 -6.0 -6.0 -6.0 -6.0 -6.0 -6.0 -6.0 -6.0 -6.0 -6.0 -6.0 -6.0 -6.0 -6.0 -6.0 -6.0 -6.0 -6.0 -6.0 -6.0 -6.0 -6.0 -6.0 -6.0 -6.0 -6.0 -6.0 -6.0 -6.0 -6.0 -6.0 -6.0 -6.0 -6.0 -6.0 -6.0 -6.0 -6.0 -6.0 -6.0 -6.0 -6.0 -6.0 -6.0 -6.0 -6.0 -6.0 -6.0 -6.0 -6.0 -6.0 -6.0 -6.0 -6.0 -6.0 -6.0 -6.0 -6.0 -6.0 -6.0 -6.0 -6.0 -6.0 -6.0 -6.0 -6.0 -6.0 -6.0 -6.0 -6.0 -6.0 -6.0 -6.0 -6.0 -6.0 -6.0 -6.0 -6.0 -6.0 -6.0 -6.0 -6.0 -6.0 -6.0 -6.0 -6.0 -6.0 -6.0 -6.0 -6.0 -6.0 -6.0 -6.0 -6.0 -6.0 -6.0 -6.0 -6.0 -6.0 -6.0 -6.0 -6.0 -6.0 -6.0 -6.0 -6.0 -6.0 -6.0 -6.0 -6.0 -6.0 -6.0 -6.0 -6.0 -6.0 -6.0 -6.0 -6.0 -6.0 -6.0 -6.0 -6.0 -6.0 -6.0 -6.0 -6.0 -6.0 -6.0 -6.0 -6.0 -6.0 -6.0 -6.0 -6.0 -6.0 -6.0 -6.0 -6.0 -6.0
-6.0 -6.0 0.31945 0.30224 -0.68419 -1.53788 -2.33988 -6.0 -6.0 -6.0 -6.0 -6.0 -6.0 -6.0 -6.0 -6.0 -6.0 -6.0 -6.0 -6.0 -6.0 -6.0 -6.0 -3.30344 1.32205 2.51063 4.00967 4.75651 5.47562 5.85615 5.71695 4.92689 3.12837 0.72432 0.37003 -0.87184 -0.56028 -0.6957 -0.8713 -1.23378 -1.93794 -6.0 -6.0 -6.0 -6.0 -6.0 -6.0 -6.0 -6.0 -6.0 -6.0 -6.0 -6.0 -6.0 -6.0 -6.0 -6.0 -6.0 -6.0 -6.0 -6.0 -6.0 -6.0 -6.0 -6.0 -6.0 -6.0 -6.0 -6.0 -6.0 -6.0 -6.0 -6.0 -6.0 -6.0 -6.0 -6.0 -6.0 -6.0 -6.0 -6.0 -6.0 -6.0 -6.0 -6.0 -6.0 -6.0 -6.0 -6.0 -6.0 -6.0 -6.0 -6.0 -6.0 -6.0 -6.0 -6.0 -6.0 -6.0 -6.0 -6.0 -6.0 -6.0 -6.0 -6.0 -6.0 -6.0 -6.0 -6.0 -6.0 -6.0 -6.0 -6.0 -6.0 -6.0 -6.0 -6.0 -6.0 -6.0 -6.0 -6.0 -6.0 -6.0 -6.0 -6.0 -6.0 -6.0 -6.0 -6.0 -6.0 -6.0 -6.0 -6.0 -6.0 -6.0 -6.0 -6.0 -6.0 -6.0 -6.0 -6.0 -6.0 -6.0 -6.0 -6.0 -6.0 -6.0 -6.0 -6.0 -6.0 -6.0 -6.0 -6.0 -6.0 -6.0 -6.0 -6.0 -6.0 -6.0 -6.0 -6.0 -6.0 -6.0 -6.0 -6.0 -6.0 -6.0 -6.0 -6.0 -6.0 -6.0 -6.0 -6.0 -6.0 -6.0 -6.0 -6.0 -6.0 -6.0 -6.0 -6.0 -6.0 -6.0 -6.0 -6.0 -6.0 -6.0 -6.0 -6.0 -6.0 -6.0 -6.0 -6.0 -6.0 -6.0 -6.0 -6.0 -6.0 -6.0 -6.0 -6.0 -6.0 -6.0 -6.0 -6.0 -6.0 -6.0 -6.0 -6.0 -6.0 -6.0 -6.0 -6.0 -6.0 -6.0 -6.0 -6.0 -6.0 -6.0 -6.0 -6.0 -6.0
-6.0 -6.0 -1.24612 -1.35781 -3.00835 -3.23411 -6.0 -6.0 -6.0 -6.0 -6.0 -6.0 -6.0 -6.0 -6.0 -6.0 -6.0 -6.0 -6.0 -6.0 -6.0 -6.0 -6.0 -6.0 -0.92553 -0.60397 0.52312 1.9898 5.2742 6.40362 6.02535 5.46119 4.209 0.95565 0.39971 -0.67567 -0.60113 -0.76005 -1.08089 -2.09567 -5.9899 -6.0 -6.0 -6.0 -6.0 -6.0 -6.0 -6.0 -6.0 -6.0 -6.0 -6.0 -6.0 -6.0 -6.0 -6.0 -6.0 -6.0 -6.0 -6.0 -6.0 -6.0 -6.0 -6.0 -6.0 -6.0 -6.0 -6.0 -6.0 -6.0 -6.0 -6.0 -6.0 -6.0 -6.0 -6.0 -6.0 -6.0 -6.0 -6.0 -6.0 -6.0 -6.0 -6.0 -6.0 -6.0 -6.0 -6.0 -6.0 -6.0 -6.0 -6.0 -6.0 -6.0 -6.0 -6.0 -6.0 -6.0 -6.0 -6.0 -6.0 -6.0 -6.0 -6.0 -6.0 -6.0 -6.0 -6.0 -6.0 -6.0 -6.0 -6.0 -6.0 -6.0 -6.0 -6.0 -6.0 -6.0 -6.0 -6.0 -6.0 -6.0 -6.0 -6.0 -6.0 -6.0 -6.0 -6.0 -6.0 -6.0 -6.0 -6.0 -6.0 -6.0 -6.0 -6.0 -6.0 -6.0 -6.0 -6.0 -6.0 -6.0 -6.0 -6.0 -6.0 -6.0 -6.0 -6.0 -6.0 -6.0 -6.0 -6.0 -6.0 -6.0 -6.0 -6.0 -6.0 -6.0 -6.0 -6.0 -6.0 -6.0 -6.0 -6.0 -6.0 -6.0 -6.0 -6.0 -6.0 -6.0 -6.0 -6.0 -6.0 -6.0 -6.0 -6.0 -6.0 -6.0 -6.0 -6.0 -6.0 -6.0 -6.0 -6.0 -6.0 -6.0 -6.0 -6.0 -6.0 -6.0 -6.0 -6.0 -6.0 -6.0 -6.0 -6.0 -6.0 -6.0 -6.0 -6.0 -6.0 -6.0 -6.0 -6.0 -6.0 -6.0 -6.0 -6.0 -6.0 -6.0 -6.0 -6.0 -6.0 -6.0 -6.0 -6.0 -6.0 -6.0 -6.0 -6.0 -6.0 -6.0
-6.0 -6.0 -6.0 -6.0 -6.0 -6.0 -6.0 -6.0 -6.0 -6.0 -6.0 -6.0 -6.0 -6.0 -6.0 -6.0 -6.0 -6.0 -6.0 -6.0 -6.0 -6.0 -6.0 -6.0 -6.0 -6.0 -2.28002 -0.15767 3.83226 6.04034 6.32777 5.905 4.8372 1.52155 0.34531 -0.34074 -0.68099 -0.97606 -1.558 -5.01996 -6.0 -6.0 -6.0 -6.0 -6.0 -6.0 -6.0 -6.0 -6.0 -6.0 -6.0 -6.0 -6.0 -6.0 -6.0 -6.0 -6.0 -6.0 -6.0 -6.0 -6.0 -6.0 -6.0 -6.0 -6.0 -6.0 -6.0 -6.0 -6.0 -6.0 -6.0 -6.0 -6.0 -6.0 -6.0 -6.0 -6.0 -6.0 -6.0 -6.0 -6.0 -6.0 -6.0 -6.0 -6.0 -6.0 -6.0 -6.0 -6.0 -6.0 -6.0 -6.0 -6.0 -6.0 -6.0 -6.0 -6.0 -6.0 -6.0 -6.0 -6.0 -6.0 -6.0 -6.0 -6.0 -6.0 -6.0 -6.0 -6.0 -6.0 -6.0 -6.0 -6.0 -6.0 -6.0 -6.0 -6.0 -6.0 -6.0 -6.0 -6.0 -6.0 -6.0 -6.0 -6.0 -6.0 -6.0 -6.0 -6.0 -6.0 -6.0 -6.0 -6.0 -6.0 -6.0 -6.0 -6.0 -6.0 -6.0 -6.0 -6.0 -6.0 -6.0 -6.0 -6.0 -6.0 -6.0 -6.0 -6.0 -6.0 -6.0 -6.0 -6.0 -6.0 -6.0 -6.0 -6.0 -6.0 -6.0 -6.0 -6.0 -6.0 -6.0 -6.0 -6.0 -6.0 -6.0 -6.0 -6.0 -6.0 -6.0 -6.0 -6.0 -6.0 -6.0 -6.0 -6.0 -6.0 -6.0 -6.0 -6.0 -6.0 -6.0 -6.0 -6.0 -6.0 -6.0 -6.0 -6.0 -6.0 -6.0 -6.0 -6.0 -6.0 -6.0 -6.0 -6.0 -6.0 -6.0 -6.0 -6.0 -6.0 -6.0 -6.0 -6.0 -6.0 -6.0 -6.0 -6.0 -6.0 -6.0 -6.0 -6.0 -6.0 -6.0 -6.0 -6.0 -6.0 -6.0 -6.0 -6.0 -6.0
-6.0 -6.0 -6.0 -6.0 -6.0 -6.0 -6.0 -6.0 -6.0 -6.0 -6.0 -6.0 -6.0 -6.0 -6.0 -6.0 -6.0 -6.0 -6.0 -6.0 -6.0 -6.0 -6.0 -6.0 -6.0 -5.05373 -2.09585 -1.52798 0.96409 3.41254 6.47303 6.47898 5.92758 2.84607 0.50408 -0.23018 -1.57278 -1.98167 -4.04185 -6.0 -6.0 -6.0 -6.0 -6.0 -6.0 -6.0 -6.0 -6.0 -6.0 -6.0 -6.0 -6.0 -6.0 -6.0 -6.0 -6.0 -6.0 -6.0 -6.0 -6.0 -6.0 -6.0 -6.0 -6.0 -6.0 -6.0 -6.0 -6.0 -6.0 -6.0 -6.0 -6.0 -6.0 -6.0 -6.0 -6.0 -6.0 -6.0 -6.0 -6.0 -6.0 -6.0 -6.0 -6.0 -6.0 -6.0 -6.0 -6.0 -6.0 -6.0 -6.0 -6.0 -6.0 -6.0 -6.0 -6.0 -6.0 -6.0 -6.0 -6.0 -6.0 -6.0 -6.0 -4.2149 -3.21791 -3.20853 -3.17771 -3.21179 -6.0 -6.0 -6.0 -6.0 -6.0 -6.0 -6.0 -6.0 -6.0 -6.0 -6.0 -6.0 -6.0 -6.0 -6.0 -6.0 -6.0 -6.0 -6.0 -6.0 -6.0 -6.0 -6.0 -6.0 -6.0 -6.0 -6.0 -6.0 -6.0 -6.0 -6.0 -6.0 -6.0 -6.0 -6.0 -6.0 -6.0 -6.0 -6.0 -6.0 -6.0 -6.0 -6.0 -6.0 -6.0 -6.0 -6.0 -6.0 -6.0 -6.0 -6.0 -6.0 -6.0 -6.0 -6.0 -6.0 -6.0 -6.0 -6.0 -6.0 -6.0 -6.0 -6.0 -6.0 -6.0 -6.0 -6.0 -6.0 -6.0 -6.0 -6.0 -6.0 -6.0 -6.0 -6.0 -6.0 -6.0 -6.0 -6.0 -6.0 -6.0 -6.0 -6.0 -6.0 -6.0 -6.0 -6.0 -6.0 -6.0 -6.0 -6.0 -6.0 -6.0 -6.0 -6.0 -6.0 -6.0 -6.0 -6.0 -6.0 -6.0 -6.0 -6.0 -6.0 -6.0 -6.0 -6.0 -6.0 -6.0 -6.0 -6.0 -6.0 -6.0 -6.0
-6.0 -6.0 -6.0 -6.0 -6.0 -6.0 -6.0 -6.0 -6.0 -6.0 -6.0 -6.0 -6.0 -6.0 -6.0 -6.0 -6.0 -6.0 -6.0 -6.0 -6.0 -6.0 -6.0 -6.0 -6.0 -6.0 -6.0 -6.0 0.20351 2.75434 5.87441 5.98992 5.69688 2.93679 0.61001 -0.35782 -2.32759 -6.0 -6.0 -6.0 -6.0 -6.0 -6.0 -6.0 -6.0 -6.0 -6.0 -6.0 -6.0 -6.0 -6.0 -6.0 -6.0 -6.0 -6.0 -6.0 -6.0 -6.0 -6.0 -6.0 -6.0 -6.0 -6.0 -6.0 -6.0 -6.0 -6.0 -6.0 -6.0 -6.0 -6.0 -6.0 -6.0 -6.0 -6.0 -6.0 -6.0 -6.0 -6.0 -6.0 -6.0 -6.0 -6.0 -6.0 -6.0 -6.0 -6.0 -6.0 -6.0 -6.0 -6.0 -6.0 -6.0 -6.0 -6.0 -6.0 -6.0 -6.0 -6.0 -6.0 -6.0 -6.0 -4.21402 -2.04357 -1.53811 -1.40645 -1.19083 -1.4281 -5.97217 -6.0 -6.0 -6.0 -6.0 -6.0 -6.0 -6.0 -6.0 -6.0 -6.0 -6.0 -6.0 -6.0 -6.0 -6.0 -6.0 -6.0 -6.0 -6.0 -6.0 -6.0 -6.0 -6.0 -6.0 -6.0 -6.0 -6.0 -6.0 -6.0 -6.0 -6.0 -6.0 -6.0 -6.0 -6.0 -6.0 -6.0 -6.0 -6.0 -6.0 -6.0 -6.0 -6.0 -6.0 -6.0 -6.0 -6.0 -6.0 -6.0 -6.0 -6.0 -6.0 -6.0 -6.0 -6.0 -6.0 -6.0 -6.0 -6.0 -6.0 -6.0 -6.0 -6.0 -6.0 -6.0 -6.0 -6.0 -6.0 -6.0 -6.0 -6.0 -6.0 -6.0 -6.0 -6.0 -6.0 -6.0 -6.0 -6.0 -6.0 -6.0 -6.0 -6.0 -6.0 -6.0 -6.0 -6.0 -6.0 -6.0 -6.0 -6.0 -6.0 -6.0 -6.0 -6.0 -6.0 -6.0 -6.0 -6.0 -6.0 -6.0 -6.0 -6.0 -6.0 -6.0 -6.0 -6.0 -6.0 -6.0 -6.0 -6.0 -6.0 -6.0
-6.0 -6.0 -6.0 -6.0 -6.0 -6.0 -6.0 -6.0 -6.0 -6.0 -6.0 -6.0 -6.0 -6.0 -6.0 -6.0 -6.0 -6.0 -6.0 -6.0 -6.0 -6.0 -6.0 -6.0 -6.0 -6.0 -6.0 -6.0 -0.28706 1.14589 2.82525 3.80028 4.39159 2.63142 0.89359 -1.34676 -5.99145 -6.0 -6.0 -6.0 -6.0 -6.0 -6.0 -6.0 -6.0 -6.0 -6.0 -6.0 -6.0 -6.0 -6.0 -6.0 -6.0 -6.0 -6.0 -6.0 -6.0 -6.0 -6.0 -6.0 -6.0 -6.0 -6.0 -6.0 -6.0 -6.0 -6.0 -6.0 -6.0 -6.0 -6.0 -6.0 -6.0 -6.0 -6.0 -6.0 -6.0 -6.0 -6.0 -6.0 -6.0 -6.0 -6.0 -6.0 -6.0 -6.0 -6.0 -6.0 -6.0 -6.0 -6.0 -6.0 -6.0 -6.0 -6.0 -6.0 -6.0 -6.0 -2.24997 -2.28825 -2.10111 -1.88556 -1.65348 -1.28261 -0.99146 -0.96741 -0.83738 -0.87696 -3.08035 -6.0 -6.0 -6.0 -6.0 -6.0 -6.0 -6.0 -6.0 -6.0 -6.0 -6.0 -6.0 -6.0 -6.0 -6.0 -6.0 -6.0 -6.0 -6.0 -6.0 -6.0 -6.0 -6.0 -6.0 -6.0 -6.0 -6.0 -6.0 -6.0 -6.0 -6.0 -6.0 -6.0 -6.0 -6.0 -6.0 -6.0 -6.0 -6.0 -6.0 -6.0 -6.0 -6.0 -6.0 -6.0 -6.0 -6.0 -6.0 -6.0 -6.0 -6.0 -6.0 -6.0 -6.0 -6.0 -6.0 -6.0 -6.0 -6.0 -6.0 -6.0 -6.0 -6.0 -6.0 -6.0 -6.0 -6.0 -6.0 -6.0 -6.0 -6.0 -6.0 -6.0 -6.0 -6.0 -6.0 -6.0 -6.0 -6.0 -6.0 -6.0 -6.0 -6.0 -6.0 -6.0 -6.0 -6.0 -6.0 -6.0 -6.0 -6.0 -6.0 -6.0 -6.0 -6.0 -6.0 -6.0 -6.0 -6.0 -6.0 -6.0 -6.0 -6.0 -6.0 -6.0 -6.0 -6.0 -6.0 -6.0 -6.0 -6.0 -6.0 -6.0
-6.0 -6.0 -6.0 -6.0 -6.0 -6.0 -6.0 -6.0 -6.0 -6.0 -6.0 -6.0 -6.0 -6.0 -6.0 -6.0 -6.0 -6.0 -6.0 -6.0 -6.0 -6.0 -6.0 -6.0 -6.0 -6.0 -6.0 -6.0 -6.0 -1.94401 0.51739 2.84838 3.91654 2.97512 1.27648 -4.87327 -6.0 -6.0 -6.0 -6.0 -6.0 -6.0 -6.0 -6.0 -6.0 -6.0 -6.0 -6.0 -6.0 -6.0 -6.0 -6.0 -6.0 -6.0 -6.0 -6.0 -6.0 -6.0 -6.0 -6.0 -6.0 -6.0 -6.0 -6.0 -6.0 -6.0 -6.0 -6.0 -6.0 -6.0 -6.0 -6.0 -6.0 -6.0 -6.0 -6.0 -6.0 -6.0 -6.0 -6.0 -6.0 -6.0 -6.0 -6.0 -6.0 -6.0 -6.0 -6.0 -6.0 -6.0 -6.0 -6.0 -6.0 -6.0 -6.0 -6.0 -4.12715 -2.1327 -1.54137 -1.6781 -1.39392 -1.20735 -0.91505 -0.46801 -0.62595 -1.03244 -1.71715 -2.13191 -6.0 -6.0 -6.0 -6.0 -6.0 -6.0 -6.0 -6.0 -6.0 -6.0 -6.0 -6.0 -6.0 -6.0 -6.0 -6.0 -6.0 -6.0 -6.0 -6.0 -6.0 -6.0 -6.0 -6.0 -6.0 -6.0 -6.0 -6.0 -6.0 -6.0 -6.0 -6.0 -6.0 -6.0 -6.0 -6.0 -6.0 -6.0 -6.0 -6.0 -6.0 -6.0 -6.0 -6.0 -6.0 -6.0 -6.0 -6.0 -6.0 -6.0 -6.0 -6.0 -6.0 -6.0 -6.0 -6.0 -6.0 -6.0 -6.0 -6.0 -6.0 -6.0 -6.0 -6.0 -6.0 -6.0 -6.0 -6.0 -6.0 -6.0 -6.0 -6.0 -6.0 -6.0 -6.0 -6.0 -6.0 -6.0 -6.0 -6.0 -6.0 -6.0 -6.0 -6.0 -6.0 -6.0 -6.0 -6.0 -6.0 -6.0 -6.0 -6.0 -6.0 -6.0 -6.0 -6.0 -6.0 -6.0 -6.0 -6.0 -6.0 -6.0 -6.0 -6.0 -6.0 -6.0 -6.0 -6.0 -6.0 -6.0 -6.0 -6.0 -6.0 -6.0
-6.0 -6.0 -6.0 -6.0 -6.0 -6.0 -6.0 -6.0 -6.0 -6.0 -6.0 -6.0 -6.0 -6.0 -6.0 -6.0 -6.0 -6.0 -6.0 -6.0 -6.0 -6.0 -6.0 -6.0 -6.0 -6.0 -6.0 -6.0 -6.0 -5.03426 0.06461 2.92151 4.30942 3.56016 1.95805 -1.60014 -6.0 -6.0 -6.0 -6.0 -6.0 -6.0 -6.0 -6.0 -6.0 -6.0 -6.0 -6.0 -6.0 -6.0 -6.0 -6.0 -6.0 -6.0 -6.0 -6.0 -6.0 -6.0 -6.0 -6.0 -6.0 -6.0 -6.0 -6.0 -6.0 -6.0 -6.0 -6.0 -6.0 -6.0 -6.0 -6.0 -6.0 -6.0 -6.0 -6.0 -6.0 -6.0 -6.0 -6.0 -6.0 -6.0 -6.0 -6.0 -6.0 -6.0 -6.0 -6.0 -6.0 -6.0 -6.0 -6.0 -6.0 -6.0 -3.17117 -1.95152 -1.24111 -0.96019 -0.99806 -0.98312 -0.96156 -0.93538 -0.35228 -0.68503 -1.79052 -2.01701 -5.10441 -6.0 -6.0 -6.0 -6.0 -6.0 -6.0 -6.0 -6.0 -6.0 -6.0 -6.0 -6.0 -6.0 -6.0 -6.0 -6.0 -6.0 -6.0 -6.0 -6.0 -6.0 -6.0 -6.0 -6.0 -6.0 -6.0 -6.0 -6.0 -6.0 -6.0 -6.0 -6.0 -6.0 -6.0 -6.0 -6.0 -6.0 -6.0 -6.0 -6.0 -6.0 -6.0 -6.0 -6.0 -6.0 -6.0 -6.0 -6.0 -6.0 -6.0 -6.0 -6.0 -6.0 -6.0 -6.0 -6.0 -6.0 -6.0 -6.0 -6.0 -6.0 -6.0 -6.0 -6.0 -6.0 -6.0 -6.0 -6.0 -6.0 -6.0 -6.0 -6.0 -6.0 -6.0 -6.0 -6.0 -6.0 -6.0 -6.0 -6.0 -6.0 -6.0 -6.0 -6.0 -6.0 -6.0 -6.0 -6.0 -6.0 -6.0 -6.0 -6.0 -6.0 -6.0 -6.0 -6.0 -6.0 -6.0 -6.0 -6.0 -6.0 -6.0 -6.0 -6.0 -6.0 -6.0 -6.0 -6.0 -6.0 -6.0 -6.0 -6.0 -6.0 -6.0 -6.0
-6.0 -6.0 -6.0 -6.0 -6.0 -6.0 -6.0 -6.0 -6.0 -6.0 -6.0 -6.0 -6.0 -6.0 -6.0 -6.0 -6.0 -6.0 -6.0 -6.0 -6.0 -6.0 -6.0 -6.0 -6.0 -6.0 -6.0 -6.0 -6.0 -2.31241 -0.38226 1.68355 3.2448 3.46698 1.98178 0.18928 -5.99065 -6.0 -6.0 -6.0 -6.0 -6.0 -6.0 -6.0 -6.0 -6.0 -6.0 -6.0 -6.0 -6.0 -6.0 -6.0 -6.0 -6.0 -6.0 -6.0 -6.0 -6.0 -6.0 -6.0 -6.0 -6.0 -6.0 -6.0 -6.0 -6.0 -6.0 -6.0 -6.0 -6.0 -6.0 -6.0 -6.0 -6.0 -6.0 -6.0 -6.0 -6.0 -6.0 -6.0 -6.0 -6.0 -6.0 -6.0 -6.0 -6.0 -6.0 -6.0 -6.0 -6.0 -6.0 -6.0 -6.0 -2.0546 -1.2579 -0.80583 -0.6199 -0.21614 -0.58161 -0.79734 -0.94163 -1.41874 -1.55931 -2.09101 -6.0 -6.0 -6.0 -6.0 -6.0 -6.0 -6.0 -6.0 -6.0 -6.0 -6.0 -6.0 -6.0 -6.0 -6.0 -6.0 -6.0 -6.0 -6.0 -6.0 -6.0 -6.0 -6.0 -6.0 -6.0 -6.0 -6.0 -6.0 -6.0 -6.0 -6.0 -6.0 -6.0 -6.0 -6.0 -6.0 -6.0 -6.0 -6.0 -6.0 -6.0 -6.0 -6.0 -6.0 -6.0 -6.0 -6.0 -6.0 -6.0 -6.0 -6.0 -6.0 -6.0 -6.0 -6.0 -6.0 -6.0 -6.0 -6.0 -6.0 -6.0 -6.0 -6.0 -6.0 -6.0 -6.0 -6.0 -6.0 -6.0 -6.0 -6.0 -6.0 -6.0 -6.0 -6.0 -6.0 -6.0 -6.0 -6.0 -6.0 -6.0 -6.0 -6.0 -6.0 -6.0 -6.0 -6.0 -6.0 -6.0 -6.0 -6.0 -6.0 -6.0 -6.0 -6.0 -6.0 -6.0 -6.0 -6.0 -6.0 -6.0 -6.0 -6.0 -6.0 -6.0 -6.0 -6.0 -6.0 -6.0 -6.0 -6.0 -6.0 -6.0 -6.0 -6.0 -6.0 -6.0 -6.0
-6.0 -6.0 -6.0 -6.0 -6.0 -6.0 -6.0 -6.0 -6.0 -6.0 -6.0 -6.0 -6.0 -6.0 -6.0 -6.0 -6.0 -6.0 -6.0 -6.0 -6.0 -6.0 -6.0 -6.0 -6.0 -6.0 -6.0 -6.0 -6.0 -6.0 -0.67857 1.57968 3.2762 3.73351 2.13667 0.54078 -0.67932 -3.06392 -6.0 -6.0 -6.0 -6.0 -6.0 -6.0 -6.0 -6.0 -6.0 -6.0 -6.0 -6.0 -6.0 -6.0 -6.0 -6.0 -6.0 -6.0 -6.0 -6.0 -6.0 -6.0 -6.0 -6.0 -6.0 -6.0 -6.0 -6.0 -6.0 -6.0 -6.0 -6.0 -6.0 -6.0 -6.0 -6.0 -6.0 -6.0 -6.0 -6.0 -6.0 -6.0 -6.0 -6.0 -6.0 -6.0 -6.0 -6.0 -6.0 -6.0 -6.0 -6.0 -6.0 -6.0 -2.22076 -0.6669 -0.18424 -0.75964 -0.93896 -1.19444 -3.04136 -3.16734 -3.25519 -6.0 -6.0 -6.0 -6.0 -6.0 -6.0 -6.0 -6.0 -6.0 -6.0 -6.0 -6.0 -6.0 -6.0 -6.0 -6.0 -6.0 -6.0 -6.0 -6.0 -6.0 -6.0 -6.0 -6.0 -6.0 -6.0 -6.0 -6.0 -6.0 -6.0 -6.0 -6.0 -6.0 -6.0 -6.0 -6.0 -6.0 -6.0 -6.0 -6.0 -6.0 -6.0 -6.0 -6.0 -6.0 -6.0 -6.0 -6.0 -6.0 -6.0 -6.0 -6.0 -6.0 -6.0 -6.0 -6.0 -6.0 -6.0 -6.0 -6.0 -6.0 -6.0 -6.0 -6.0 -6.0 -6.0 -6.0 -6.0 -6.0 -6.0 -6.0 -6.0 -6.0 -6.0 -6.0 -6.0 -6.0 -6.0 -6.0 -6.0 -6.0 -6.0 -6.0 -6.0 -6.0 -6.0 -6.0 -6.0 -6.0 -6.0 -6.0 -6.0 -6.0 -6.0 -6.0 -6.0 -6.0 -6.0 -6.0 -6.0 -6.0 -6.0 -6.0 -6.0 -6.0 -6.0 -6.0 -6.0 -6.0 -6.0 -6.0 -6.0 -6.0 -6.0 -6.0 -6.0 -6.0 -6.0 -6.0 -6.0 -6.0
-6.0 -6.0 -6.0 -6.0 -6.0 -6.0 -6.0 -6.0 -6.0 -6.0 -6.0 -6.0 -6.0 -6.0 -6.0 -6.0 -6.0 -6.0 -6.0 -6.0 -6.0 -6.0 -6.0 -6.0 -6.0 -6.0 -6.0 -6.0 -6.0 -6.0 -0.53786 1.94872 3.8265 3.94354 2.35254 0.7076 -0.31032 -1.60712 -3.86218 -6.0 -6.0 -6.0 -6.0 -6.0 -6.0 -6.0 -6.0 -6.0 -6.0 -6.0 -6.0 -6.0 -6.0 -6.0 -6.0 -6.0 -6.0 -6.0 -6.0 -6.0 -6.0 -6.0 -6.0 -6.0 -6.0 -6.0 -6.0 -6.0 -6.0 -6.0 -6.0 -6.0 -6.0 -6.0 -6.0 -6.0 -6.0 -6.0 -6.0 -6.0 -6.0 -6.0 -6.0 -6.0 -6.0 -6.0 -6.0 -6.0 -6.0 -6.0 -4.20468 -1.92006 -1.23689 -0.3655 -0.59777 -1.26439 -1.58155 -1.72731 -2.16973 -6.0 -6.0 -6.0 -6.0 -6.0 -6.0 -6.0 -6.0 -6.0 -6.0 -6.0 -6.0 -6.0 -6.0 -6.0 -6.0 -6.0 -6.0 -6.0 -6.0 -6.0 -6.0 -6.0 -6.0 -6.0 -6.0 -6.0 -6.0 -6.0 -6.0 -6.0 -6.0 -6.0 -6.0 -6.0 -6.0 -6.0 -6.0 -6.0 -6.0 -6.0 -6.0 -6.0 -6.0 -6.0 -6.0 -6.0 -6.0 -6.0 -6.0 -6.0 -6.0 -6.0 -6.0 -6.0 -6.0 -6.0 -6.0 -6.0 -6.0 -6.0 -6.0 -6.0 -6.0 -6.0 -6.0 -6.0 -6.0 -6.0 -6.0 -6.0 -6.0 -6.0 -6.0 -6.0 -6.0 -6.0 -6.0 -6.0 -6.0 -6.0 -6.0 -6.0 -6.0 -6.0 -6.0 -6.0 -6.0 -6.0 -6.0 -6.0 -6.0 -6.0 -6.0 -6.0 -6.0 -6.0 -6.0 -6.0 -6.0 -6.0 -6.0 -6.0 -6.0 -6.0 -6.0 -6.0 -6.0 -6.0 -6.0 -6.0 -6.0 -6.0 -6.0 -6.0 -6.0 -6.0 -6.0 -6.0 -6.0 -6.0 -6.0 -6.0
-6.0 -6.0 -6.0 -6.0 -6.0 -6.0 -6.0 -6.0 -6.0 -6.0 -6.0 -6.0 -6.0 -6.0 -6.0 -6.0 -6.0 -6.0 -6.0 -6.0 -6.0 -6.0 -6.0 -6.0 -6.0 -6.0 -6.0 -6.0 -6.0 -6.0 -1.10479 0.79035 3.19102 4.2977 3.24433 1.31052 -0.15653 -0.68435 -1.72282 -6.0 -6.0 -6.0 -6.0 -6.0 -6.0 -6.0 -6.0 -6.0 -6.0 -6.0 -6.0 -6.0 -6.0 -6.0 -6.0 -6.0 -6.0 -6.0 -6.0 -6.0 -6.0 -6.0 -6.0 -6.0 -6.0 -1.60944 -1.23385 -1.25148 -1.23905 -1.37611 -1.49519 -1.57362 -3.17614 -6.0 -6.0 -6.0 -6.0 -6.0 -6.0 -6.0 -6.0 -6.0 -6.0 -6.0 -6.0 -6.0 -6.0 -6.0 -6.0 -1.98788 -1.53399 -0.61717 -0.35614 -0.69198 -1.06218 -2.09345 -5.09509 -5.09662 -5.10322 -6.0 -6.0 -6.0 -6.0 -6.0 -6.0 -6.0 -6.0 -6.0 -6.0 -6.0 -6.0 -6.0 -6.0 -6.0 -6.0 -6.0 -6.0 -6.0 -6.0 -6.0 -6.0 -6.0 -6.0 -6.0 -6.0 -6.0 -6.0 -6.0 -6.0 -6.0 -6.0 -6.0 -6.0 -6.0 -6.0 -6.0 -6.0 -6.0 -6.0 -6.0 -6.0 -6.0 -6.0 -6.0 -6.0 -6.0 -6.0 -6.0 -6.0 -6.0 -6.0 -6.0 -6.0 -6.0 -6.0 -6.0 -6.0 -6.0 -6.0 -6.0 -6.0 -6.0 -6.0 -6.0 -6.0 -6.0 -6.0 -6.0 -6.0 -6.0 -6.0 -6.0 -6.0 -6.0 -6.0 -6.0 -6.0 -6.0 -6.0 -6.0 -6.0 -6.0 -6.0 -6.0 -6.0 -6.0 -6.0 -6.0 -6.0 -6.0 -6.0 -6.0 -6.0 -6.0 -6.0 -6.0 -6.0 -6.0 -6.0 -6.0 -6.0 -6.0 -6.0 -6.0 -6.0 -6.0 -6.0 -6.0 -6.0 -6.0 -6.0 -6.0 -6.0 -6.0 -6.0 -6.0 -6.0 -6.0 -6.0 -6.0 -6.0 -6.0
-6.0 -6.0 -6.0 -6.0 -6.0 -6.0 -6.0 -6.0 -6.0 -6.0 -6.0 -6.0 -6.0 -6.0 -6.0 -6.0 -6.0 -6.0 -6.0 -6.0 -6.0 -6.0 -6.0 -6.0 -6.0 -6.0 -6.0 -6.0 -6.0 -6.0 -2.2107 -1.07959 2.58817 2.63585 3.53916 2.15189 0.31354 -0.4103 -1.28524 -5.04501 -6.0 -6.0 -6.0 -6.0 -6.0 -6.0 -6.0 -6.0 -6.0 -6.0 -6.0 -6.0 -6.0 -6.0 -6.0 -6.0 -6.0 -6.0 -6.0 -6.0 -6.0 -1.39042 -0.82908 -0.70791 -0.58516 -0.12801 -0.01527 -0.18798 -0.28576 -0.52459 -0.70879 -0.83843 -1.34117 -1.94161 -4.16098 -6.0 -6.0 -6.0 -6.0 -6.0 -6.0 -6.0 -6.0 -6.0 -6.0 -6.0 -2.19991 -1.87652 -1.54894 -1.25145 -0.96262 -0.33586 -0.25148 -1.27827 -2.07679 -5.05138 -6.0 -6.0 -6.0 -6.0 -6.0 -6.0 -6.0 -6.0 -6.0 -6.0 -6.0 -6.0 -6.0 -6.0 -6.0 -6.0 -6.0 -6.0 -6.0 -6.0 -6.0 -6.0 -6.0 -6.0 -6.0 -6.0 -6.0 -6.0 -6.0 -6.0 -6.0 -6.0 -6.0 -6.0 -6.0 -6.0 -6.0 -6.0 -6.0 -6.0 -6.0 -6.0 -6.0 -6.0 -6.0 -6.0 -6.0 -6.0 -6.0 -6.0 -6.0 -6.0 -6.0 -6.0 -6.0 -6.0 -6.0 -6.0 -6.0 -6.0 -6.0 -6.0 -6.0 -6.0 -6.0 -6.0 -6.0 -6.0 -6.0 -6.0 -6.0 -6.0 -6.0 -6.0 -6.0 -6.0 -6.0 -6.0 -6.0 -6.0 -6.0 -6.0 -6.0 -6.0 -6.0 -6.0 -6.0 -6.0 -6.0 -6.0 -6.0 -6.0 -6.0 -6.0 -6.0 -6.0 -6.0 -6.0 -6.0 -6.0 -6.0 -6.0 -6.0 -6.0 -6.0 -6.0 -6.0 -6.0 -6.0 -6.0 -6.0 -6.0 -6.0 -6.0 -6.0 -6.0 -6.0 -6.0 -6.0 -6.0 -6.0 -6.0 -6.0 -6.0 -6.0 -6.0
-6.0 -6.0 -6.0 -6.0 -6.0 -6.0 -6.0 -6.0 -6.0 -6.0 -6.0 -6.0 -6.0 -6.0 -6.0 -6.0 -6.0 -6.0 -6.0 -6.0 -6.0 -6.0 -6.0 -6.0 -6.0 -6.0 -6.0 -6.0 -6.0 -6.0 -6.0 -1.6349 2.29105 2.01334 3.52057 3.29462 1.78983 0.46662 -0.3644 -1.99977 -6.0 -6.0 -6.0 -6.0 -6.0 -6.0 -6.0 -6.0 -6.0 -6.0 -6.0 -6.0 -6.0 -6.0 -6.0 -6.0 -6.0 -6.0 -4.13556 -0.83969 -0.08181 0.25076 0.29308 0.07396 0.03265 -0.10752 -0.04092 0.16959 0.24528 0.18352 0.02541 -0.16484 -0.2715 -0.50812 -0.77811 -0.9056 -0.9863 -0.9961 -0.98352 -1.02732 -1.13446 -1.16462 -1.1516 -1.11186 -1.07687 -1.06462 -0.93874 -0.82353 -0.71529 -0.51583 -0.17135 -0.35568 -1.11963 -4.09017 -6.0 -6.0 -6.0 -6.0 -6.0 -6.0 -6.0 -6.0 -6.0 -6.0 -6.0 -6.0 -6.0 -6.0 -6.0 -6.0 -6.0 -6.0 -6.0 -6.0 -6.0 -6.0 -6.0 -6.0 -6.0 -6.0 -6.0 -6.0 -6.0 -6.0 -6.0 -6.0 -6.0 -6.0 -6.0 -6.0 -6.0 -6.0 -6.0 -6.0 -6.0 -6.0 -6.0 -6.0 -6.0 -6.0 -6.0 -6.0 -6.0 -6.0 -6.0 -6.0 -6.0 -6.0 -6.0 -6.0 -6.0 -6.0 -6.0 -6.0 -6.0 -6.0 -6.0 -6.0 -6.0 -6.0 -6.0 -6.0 -6.0 -6.0 -6.0 -6.0 -6.0 -6.0 -6.0 -6.0 -6.0 -6.0 -6.0 -6.0 -6.0 -6.0 -6.0 -6.0 -6.0 -6.0 -6.0 -6.0 -6.0 -6.0 -6.0 -6.0 -6.0 -6.0 -6.0 -6.0 -6.0 -6.0 -6.0 -6.0 -6.0 -6.0 -6.0 -6.0 -6.0 -6.0 -6.0 -6.0 -6.0 -6.0 -6.0 -6.0 -6.0 -6.0 -6.0 -6.0 -6.0 -6.0 -6.0 -6.0 -6.0 -6.0 -6.0 -6.0 -6.0 -6.0 -6.0 -6.0
-6.0 -6.0 -6.0 -6.0 -6.0 -6.0 -6.0 -6.0 -6.0 -6.0 -6.0 -6.0 -6.0 -6.0 -6.0 -6.0 -6.0 -6.0 -6.0 -6.0 -6.0 -6.0 -6.0 -6.0 -6.0 -6.0 -6.0 -6.0 -6.0 -6.0 -6.0 -3.08691 -0.12448 0.17371 0.72391 2.9567 2.84372 1.11909 0.04342 -1.15854 -2.11404 -6.0 -6.0 -6.0 -6.0 -6.0 -6.0 -6.0 -6.0 -6.0 -6.0 -6.0 -6.0 -6.0 -6.0 -6.0 -4.11528 -1.58278 -1.02676 0.01024 0.44674 0.1097 -0.22366 -0.44843 -0.51124 -0.69598 -0.72012 -0.43545 -0.33299 -0.30787 -0.08507 0.11052 0.06949 -0.02672 -0.07434 -0.13879 -0.19362 -0.17905 -0.11278 -0.12235 -0.21226 -0.23988 -0.19713 -0.21892 -0.33571 -0.38414 -0.46752 -0.50913 -0.49389 -0.45911 -0.41856 -1.32354 -1.90404 -6.0 -6.0 -6.0 -6.0 -6.0 -6.0 -6.0 -6.0 -6.0 -6.0 -6.0 -6.0 -6.0 -6.0 -6.0 -6.0 -6.0 -6.0 -6.0 -6.0 -6.0 -6.0 -6.0 -6.0 -6.0 -6.0 -6.0 -6.0 -6.0 -6.0 -6.0 -6.0 -6.0 -6.0 -6.0 -6.0 -6.0 -6.0 -6.0 -6.0 -6.0 -6.0 -6.0 -6.0 -6.0 -6.0 -6.0 -6.0 -6.0 -6.0 -6.0 -6.0 -6.0 -6.0 -6.0 -6.0 -6.0 -6.0 -6.0 -6.0 -6.0 -6.0 -6.0 -6.0 -6.0 -6.0 -6.0 -6.0 -6.0 -6.0 -6.0 -6.0 -6.0 -6.0 -6.0 -6.0 -6.0 -6.0 -6.0 -6.0 -6.0 -6.0 -6.0 -6.0 -6.0 -6.0 -6.0 -6.0 -6.0 -6.0 -6.0 -6.0 -6.0 -6.0 -6.0 -6.0 -6.0 -6.0 -6.0 -6.0 -6.0 -6.0 -6.0 -6.0 -6.0 -6.0 -6.0 -6.0 -6.0 -6.0 -6.0 -6.0 -6.0 -6.0 -6.0 -6.0 -6.0 -6.0 -6.0 -6.0 -6.0 -6.0 -6.0 -6.0 -6.0 -6.0 -6.0 -6.0 -6.0
-6.0 -6.0 -6.0 -6.0 -6.0 -6.0 -6.0 -6.0 -6.0 -6.0 -6.0 -6.0 -6.0 -6.0 -6.0 -6.0 -6.0 -6.0 -6.0 -6.0 -6.0 -6.0 -6.0 -6.0 -6.0 -6.0 -6.0 -6.0 -6.0 -6.0 -6.0 -6.0 -6.0 -1.8263 -2.01941 1.7029 3.19701 1.74731 0.48701 -0.40986 -1.51381 -3.27081 -6.0 -6.0 -6.0 -6.0 -6.0 -6.0 -6.0 -6.0 -6.0 -6.0 -6.0 -6.0 -6.0 -6.0 -1.88544 -0.56167 0.23546 0.45168 0.21634 -0.35957 -0.83214 -0.99943 -1.04886 -1.23656 -1.31767 -1.19976 -1.12917 -1.01044 -0.6782 -0.08275 -0.01492 -0.02991 -0.00762 0.06201 0.05583 0.08419 0.14558 0.12971 0.03887 0.01967 0.06274 -0.00137 -0.19353 -0.25694 -0.50601 -0.79423 -0.82838 -1.01196 -1.49697 -4.92944 -6.0 -6.0 -6.0 -6.0 -6.0 -6.0 -6.0 -6.0 -6.0 -6.0 -6.0 -6.0 -6.0 -6.0 -6.0 -6.0 -6.0 -6.0 -6.0 -6.0 -6.0 -6.0 -6.0 -6.0 -6.0 -6.0 -6.0 -6.0 -6.0 -6.0 -6.0 -6.0 -6.0 -6.0 -6.0 -6.0 -6.0 -6.0 -6.0 -6.0 -6.0 -6.0 -6.0 -6.0 -6.0 -6.0 -6.0 -6.0 -6.0 -6.0 -6.0 -6.0 -6.0 -6.0 -6.0 -6.0 -6.0 -6.0 -6.0 -6.0 -6.0 -6.0 -6.0 -6.0 -6.0 -6.0 -6.0 -6.0 -6.0 -6.0 -6.0 -6.0 -6.0 -6.0 -6.0 -6.0 -6.0 -6.0 -6.0 -6.0 -6.0 -6.0 -6.0 -6.0 -6.0 -6.0 -6.0 -6.0 -6.0 -6.0 -6.0 -6.0 -6.0 -6.0 -6.0 -6.0 -6.0 -6.0 -6.0 -6.0 -6.0 -6.0 -6.0 -6.0 -6.0 -6.0 -6.0 -6.0 -6.0 -6.0 -6.0 -6.0 -6.0 -6.0 -6.0 -6.0 -6.0 -6.0 -6.0 -6.0 -6.0 -6.0 -6.0 -6.0 -6.0 -6.0 -6.0 -6.0 -6.0 -6.0
-6.0 -6.0 -6.0 -6.0 -6.0 -6.0 -6.0 -6.0 -6.0 -6.0 -6.0 -6.0 -6.0 -6.0 -6.0 -6.0 -6.0 -6.0 -6.0 -6.0 -6.0 -6.0 -6.0 -6.0 -6.0 -6.0 -6.0 -6.0 -6.0 -6.0 -6.0 -6.0 -6.0 -6.0 -4.08207 0.13677 2.11461 2.28167 1.54118 0.18081 -0.35023 -2.90096 -6.0 -6.0 -6.0 -6.0 -6.0 -6.0 -6.0 -6.0 -6.0 -6.0 -6.0 -6.0 -4.14335 -1.91462 -0.09636 0.43361 0.39418 0.03261 -0.66447 -1.41848 -2.1257 -2.24508 -2.25251 -2.28906 -2.30429 -2.28767 -2.28252 -2.30294 -2.30615 -2.28851 -2.22982 -2.18661 -2.08141 -1.9307 -1.96032 -1.99852 -2.05822 -2.12273 -2.19287 -2.19217 -2.20198 -2.22497 -2.13958 -1.82951 -2.26385 -6.0 -6.0 -6.0 -6.0 -6.0 -6.0 -6.0 -6.0 -6.0 -6.0 -6.0 -6.0 -6.0 -6.0 -6.0 -6.0 -6.0 -6.0 -6.0 -6.0 -6.0 -6.0 -6.0 -6.0 -6.0 -6.0 -6.0 -6.0 -6.0 -6.0 -6.0 -6.0 -6.0 -6.0 -6.0 -6.0 -6.0 -6.0 -6.0 -6.0 -6.0 -6.0 -6.0 -6.0 -6.0 -6.0 -6.0 -6.0 -6.0 -6.0 -6.0 -6.0 -6.0 -6.0 -6.0 -6.0 -6.0 -6.0 -6.0 -6.0 -6.0 -6.0 -6.0 -6.0 -6.0 -6.0 -6.0 -6.0 -6.0 -6.0 -6.0 -6.0 -6.0 -6.0 -6.0 -6.0 -6.0 -6.0 -6.0 -6.0 -6.0 -6.0 -6.0 -6.0 -6.0 -6.0 -6.0 -6.0 -6.0 -6.0 -6.0 -6.0 -6.0 -6.0 -6.0 -6.0 -6.0 -6.0 -6.0 -6.0 -6.0 -6.0 -6.0 -6.0 -6.0 -6.0 -6.0 -6.0 -6.0 -6.0 -6.0 -6.0 -6.0 -6.0 -6.0 -6.0 -6.0 -6.0 -6.0 -6.0 -6.0 -6.0 -6.0 -6.0 -6.0 -6.0 -6.0 -6.0 -6.0 -6.0 -6.0 -6.0 -6.0 -6.0 -6.0
-6.0 -6.0 -6.0 -6.0 -6.0 -6.0 -6.0 -6.0 -6.0 -6.0 -6.0 -6.0 -6.0 -6.0 -6.0 -6.0 -6.0 -6.0 -6.0 -6.0 -6.0 -6.0 -6.0 -6.0 -6.0 -6.0 -6.0 -6.0 -6.0 -6.0 -6.0 -6.0 -6.0 -6.0 -4.18448 -1.04268 1.12877 2.25693 2.13839 0.87171 0.18122 -1.60219 -3.24633 -6.0 -6.0 -6.0 -6.0 -6.0 -6.0 -6.0 -6.0 -6.0 -6.0 -6.0 -1.76485 -0.5864 0.58843 0.61411 0.14826 -0.75873 -1.40809 -2.1694 -6.0 -6.0 -6.0 -6.0 -6.0 -6.0 -6.0 -6.0 -6.0 -6.0 -6.0 -6.0 -6.0 -6.0 -6.0 -6.0 -6.0 -6.0 -6.0 -6.0 -6.0 -6.0 -6.0 -6.0 -6.0 -6.0 -6.0 -6.0 -6.0 -6.0 -6.0 -6.0 -6.0 -6.0 -6.0 -6.0 -6.0 -6.0 -6.0 -6.0 -6.0 -6.0 -6.0 -6.0 -6.0 -6.0 -6.0 -6.0 -6.0 -6.0 -6.0 -6.0 -6.0 -6.0 -6.0 -6.0 -6.0 -6.0 -6.0 -6.0 -6.0 -6.0 -6.0 -6.0 -6.0 -6.0 -6.0 -6.0 -6.0 -6.0 -6.0 -6.0 -6.0 -6.0 -6.0 -6.0 -6.0 -6.0 -6.0 -6.0 -6.0 -6.0 -6.0 -6.0 -6.0 -6.0 -6.0 -6.0 -6.0 -6.0 -6.0 -6.0 -6.0 -6.0 -6.0 -6.0 -6.0 -6.0 -6.0 -6.0 -6.0 -6.0 -6.0 -6.0 -6.0 -6.0 -6.0 -6.0 -6.0 -6.0 -6.0 -6.0 -6.0 -6.0 -6.0 -6.0 -6.0 -6.0 -6.0 -6.0 -6.0 -6.0 -6.0 -6.0 -6.0 -6.0 -6.0 -6.0 -6.0 -6.0 -6.0 -6.0 -6.0 -6.0 -6.0 -6.0 -6.0 -6.0 -6.0 -6.0 -6.0 -6.0 -6.0 -6.0 -6.0 -6.0 -6.0 -6.0 -6.0 -6.0 -6.0 -6.0 -6.0 -6.0 -6.0 -6.0 -6.0 -6.0 -6.0 -6.0
-6.0 -6.0 -6.0 -6.0 -6.0 -6.0 -6.0 -6.0 -6.0 -6.0 -6.0 -6.0 -6.0 -6.0 -6.0 -6.0 -6.0 -6.0 -6.0 -6.0 -6.0 -6.0 -6.0 -6.0 -6.0 -6.0 -6.0 -6.0 -6.0 -6.0 -6.0 -6.0 -6.0 -6.0 -6.0 -3.00636 0.0566 0.84634 1.61844 1.52262 1.04101 0.06069 -0.90799 -3.21355 -6.0 -6.0 -6.0 -6.0 -6.0 -6.0 -6.0 -6.0 -6.0 -3.86079 -0.36177 0.4425 -0.52501 -0.94647 -1.27128 -1.98445 -5.98492 -6.0 -6.0 -6.0 -6.0 -6.0 -6.0 -6.0 -6.0 -6.0 -6.0 -6.0 -6.0 -6.0 -6.0 -6.0 -6.0 -6.0 -6.0 -6.0 -6.0 -6.0 -6.0 -6.0 -6.0 -6.0 -6.0 -6.0 -6.0 -6.0 -6.0 -6.0 -6.0 -6.0 -6.0 -6.0 -6.0 -6.0 -6.0 -6.0 -6.0 -6.0 -6.0 -6.0 -6.0 -6.0 -6.0 -6.0 -6.0 -6.0 -6.0 -6.0 -6.0 -6.0 -6.0 -6.0 -6.0 -6.0 -6.0 -6.0 -6.0 -6.0 -6.0 -6.0 -6.0 -6.0 -6.0 -6.0 -6.0 -6.0 -6.0 -6.0 -6.0 -6.0 -6.0 -6.0 -6.0 -6.0 -6.0 -6.0 -6.0 -6.0 -6.0 -6.0 -6.0 -6.0 -6.0 -6.0 -6.0 -6.0 -6.0 -6.0 -6.0 -6.0 -6.0 -6.0 -6.0 -6.0 -6.0 -6.0 -6.0 -6.0 -6.0 -6.0 -6.0 -6.0 -6.0 -6.0 -6.0 -6.0 -6.0 -6.0 -6.0 -6.0 -6.0 -6.0 -6.0 -6.0 -6.0 -6.0 -6.0 -6.0 -6.0 -6.0 -6.0 -6.0 -6.0 -6.0 -6.0 -6.0 -6.0 -6.0 -6.0 -6.0 -6.0 -6.0 -6.0 -6.0 -6.0 -6.0 -6.0 -6.0 -6.0 -6.0 -6.0 -6.0 -6.0 -6.0 -6.0 -6.0 -6.0 -6.0 -6.0 -6.0 -6.0 -6.0 -6.0 -6.0 -6.0 -6.0 -6.0 -6.0
-6.0 -6.0 -6.0 -6.0 -6.0 -6.0 -6.0 -6.0 -6.0 -6.0 -6.0 -6.0 -6.0 -6.0 -6.0 -6.0 -6.0 -6.0 -6.0 -6.0 -6.0 -6.0 -6.0 -6.0 -6.0 -6.0 -6.0 -6.0 -6.0 -6.0 -6.0 -6.0 -6.0 -6.0 -6.0 -3.12393 -0.50141 0.06201 0.62814 1.61108 1.76963 0.9314 0.17223 -1.44447 -3.12223 -3.22186 -6.0 -6.0 -6.0 -6.0 -6.0 -3.25801 -3.0855 -1.20461 0.4205 0.23577 -1.89079 -6.0 -6.0 -6.0 -6.0 -6.0 -6.0 -6.0 -6.0 -6.0 -6.0 -6.0 -6.0 -6.0 -6.0 -6.0 -6.0 -6.0 -6.0 -6.0 -6.0 -6.0 -6.0 -6.0 -6.0 -6.0 -6.0 -6.0 -6.0 -6.0 -6.0 -6.0 -6.0 -6.0 -6.0 -6.0 -6.0 -6.0 -6.0 -6.0 -6.0 -6.0 -6.0 -6.0 -6.0 -6.0 -6.0 -6.0 -6.0 -6.0 -6.0 -6.0 -6.0 -6.0 -6.0 -6.0 -6.0 -6.0 -6.0 -6.0 -6.0 -6.0 -6.0 -6.0 -6.0 -6.0 -6.0 -6.0 -6.0 -6.0 -6.0 -6.0 -6.0 -6.0 -6.0 -6.0 -6.0 -6.0 -6.0 -6.0 -6.0 -6.0 -6.0 -6.0 -6.0 -6.0 -6.0 -6.0 -6.0 -6.0 -6.0 -6.0 -6.0 -6.0 -6.0 -6.0 -6.0 -6.0 -6.0 -6.0 -6.0 -6.0 -6.0 -6.0 -6.0 -6.0 -6.0 -6.0 -6.0 -6.0 -6.0 -6.0 -6.0 -6.0 -6.0 -6.0 -6.0 -6.0 -6.0 -6.0 -6.0 -6.0 -6.0 -6.0 -6.0 -6.0 -6.0 -6.0 -6.0 -6.0 -6.0 -6.0 -6.0 -6.0 -6.0 -6.0 -6.0 -6.0 -6.0 -6.0 -6.0 -6.0 -6.0 -6.0 -6.0 -6.0 -6.0 -6.0 -6.0 -6.0 -6.0 -6.0 -6.0 -6.0 -6.0 -6.0 -6.0 -6.0 -6.0 -6.0 -6.0 -6.0 -6.0 -6.0 -6.0 -6.0
-6.0 -6.0 -6.0 -6.0 -6.0 -6.0 -6.0 -6.0 -6.0 -6.0 -6.0 -6.0 -6.0 -6.0 -6.0 -6.0 -6.0 -6.0 -6.0 -6.0 -6.0 -6.0 -6.0 -6.0 -6.0 -6.0 -6.0 -6.0 -6.0 -6.0 -6.0 -6.0 -6.0 -6.0 -6.0 -6.0 -6.0 -0.92215 -0.44382 0.26997 0.81363 1.46856 1.25288 0.3387 -0.20246 -0.68626 -1.59213 -2.09831 -2.13482 -2.08403 -1.43927 -0.811 0.0966 0.34822 0.00939 -1.53413 -5.98696 -6.0 -6.0 -6.0 -6.0 -6.0 -6.0 -6.0 -6.0 -6.0 -6.0 -6.0 -6.0 -6.0 -6.0 -6.0 -6.0 -6.0 -6.0 -6.0 -6.0 -6.0 -6.0 -6.0 -6.0 -6.0 -6.0 -6.0 -6.0 -6.0 -6.0 -6.0 -6.0 -6.0 -6.0 -6.0 -6.0 -6.0 -6.0 -6.0 -6.0 -6.0 -6.0 -6.0 -6.0 -6.0 -6.0 -6.0 -6.0 -6.0 -6.0 -6.0 -6.0 -6.0 -6.0 -6.0 -6.0 -6.0 -6.0 -6.0 -6.0 -6.0 -6.0 -6.0 -6.0 -6.0 -6.0 -6.0 -6.0 -6.0 -6.0 -6.0 -6.0 -6.0 -6.0 -6.0 -6.0 -6.0 -6.0 -6.0 -6.0 -6.0 -6.0 -6.0 -6.0 -6.0 -6.0 -6.0 -6.0 -6.0 -6.0 -6.0 -6.0 -6.0 -6.0 -6.0 -6.0 -6.0 -6.0 -6.0 -6.0 -6.0 -6.0 -6.0 -6.0 -6.0 -6.0 -6.0 -6.0 -6.0 -6.0 -6.0 -6.0 -6.0 -6.0 -6.0 -6.0 -6.0 -6.0 -6.0 -6.0 -6.0 -6.0 -6.0 -6.0 -6.0 -6.0 -6.0 -6.0 -6.0 -6.0 -6.0 -6.0 -6.0 -6.0 -6.0 -6.0 -6.0 -6.0 -6.0 -6.0 -6.0 -6.0 -6.0 -6.0 -6.0 -6.0 -6.0 -6.0 -6.0 -6.0 -6.0 -6.0 -6.0 -6.0 -6.0 -6.0 -6.0 -6.0 -6.0 -6.0 -6.0 -6.0 -6.0 -6.0 -6.0
-6.0 -6.0 -6.0 -6.0 -6.0 -6.0 -6.0 -6.0 -6.0 -6.0 -6.0 -6.0 -6.0 -6.0 -6.0 -6.0 -6.0 -6.0 -6.0 -6.0 -6.0 -6.0 -6.0 -6.0 -6.0 -6.0 -6.0 -6.0 -6.0 -6.0 -6.0 -6.0 -6.0 -6.0 -6.0 -6.0 -6.0 -6.0 -6.0 -0.99853 -0.21525 0.57242 1.19511 1.36503 0.9925 0.48968 -0.16663 -0.33584 -0.35253 -0.34675 0.14913 0.45492 0.74791 0.40914 -1.65905 -6.0 -6.0 -6.0 -6.0 -6.0 -6.0 -6.0 -6.0 -6.0 -6.0 -6.0 -6.0 -6.0 -6.0 -6.0 -6.0 -6.0 -6.0 -6.0 -6.0 -6.0 -6.0 -6.0 -6.0 -6.0 -6.0 -6.0 -6.0 -6.0 -6.0 -6.0 -6.0 -6.0 -6.0 -6.0 -6.0 -6.0 -6.0 -6.0 -6.0 -6.0 -6.0 -6.0 -6.0 -6.0 -6.0 -6.0 -6.0 -6.0 -6.0 -6.0 -6.0 -6.0 -6.0 -6.0 -6.0 -6.0 -6.0 -6.0 -6.0 -6.0 -6.0 -6.0 -6.0 -6.0 -6.0 -6.0 -6.0 -6.0 -6.0 -6.0 -6.0 -6.0 -6.0 -6.0 -6.0 -6.0 -6.0 -6.0 -6.0 -6.0 -6.0 -6.0 -6.0 -6.0 -6.0 -6.0 -6.0 -6.0 -6.0 -6.0 -6.0 -6.0 -6.0 -6.0 -6.0 -6.0 -6.0 -6.0 -6.0 -6.0 -6.0 -6.0 -6.0 -6.0 -6.0 -6.0 -6.0 -6.0 -6.0 -6.0 -6.0 -6.0 -6.0 -6.0 -6.0 -6.0 -6.0 -6.0 -6.0 -6.0 -6.0 -6.0 -6.0 -6.0 -6.0 -6.0 -6.0 -6.0 -6.0 -6.0 -6.0 -6.0 -6.0 -6.0 -6.0 -6.0 -6.0 -6.0 -6.0 -6.0 -6.0 -6.0 -6.0 -6.0 -6.0 -6.0 -6.0 -6.0 -6.0 -6.0 -6.0 -6.0 -6.0 -6.0 -6.0 -6.0 -6.0 -6.0 -6.0 -6.0 -6.0 -6.0 -6.0 -6.0 -6.0 -6.0
-6.0 -6.0 -6.0 -6.0 -6.0 -6.0 -6.0 -6.0 -6.0 -6.0 -6.0 -6.0 -6.0 -6.0 -6.0 -6.0 -6.0 -6.0 -6.0 -6.0 -6.0 -6.0 -6.0 -6.0 -6.0 -6.0 -6.0 -6.0 -6.0 -6.0 -6.0 -6.0 -6.0 -6.0 -6.0 -6.0 -6.0 -6.0 -6.0 -4.05144 -4.00668 -0.97952 0.16574 0.90909 1.30305 1.53338 1.06655 0.89461 0.43588 0.4269 0.60508 0.50245 0.3234 -0.66981 -4.03834 -6.0 -6.0 -6.0 -6.0 -6.0 -6.0 -6.0 -6.0 -6.0 -6.0 -6.0 -6.0 -6.0 -6.0 -6.0 -6.0 -6.0 -6.0 -6.0 -6.0 -6.0 -6.0 -6.0 -6.0 -6.0 -6.0 -6.0 -6.0 -6.0 -6.0 -6.0 -6.0 -6.0 -6.0 -6.0 -6.0 -6.0 -6.0 -6.0 -6.0 -6.0 -6.0 -6.0 -6.0 -6.0 -6.0 -6.0 -6.0 -6.0 -6.0 -6.0 -6.0 -6.0 -6.0 -6.0 -6.0 -6.0 -6.0 -6.0 -6.0 -6.0 -6.0 -6.0 -6.0 -6.0 -6.0 -6.0 -6.0 -6.0 -6.0 -6.0 -6.0 -6.0 -6.0 -6.0 -6.0 -6.0 -6.0 -6.0 -6.0 -6.0 -6.0 -6.0 -6.0 -6.0 -6.0 -6.0 -6.0 -6.0 -6.0 -6.0 -6.0 -6.0 -6.0 -6.0 -6.0 -6.0 -6.0 -6.0 -6.0 -6.0 -6.0 -6.0 -6.0 -6.0 -6.0 -6.0 -6.0 -6.0 -6.0 -6.0 -6.0 -6.0 -6.0 -6.0 -6.0 -6.0 -6.0 -6.0 -6.0 -6.0 -6.0 -6.0 -6.0 -6.0 -6.0 -6.0 -6.0 -6.0 -6.0 -6.0 -6.0 -6.0 -6.0 -6.0 -6.0 -6.0 -6.0 -6.0 -6.0 -6.0 -6.0 -6.0 -6.0 -6.0 -6.0 -6.0 -6.0 -6.0 -6.0 -6.0 -6.0 -6.0 -6.0 -6.0 -6.0 -6.0 -6.0 -6.0 -6.0 -6.0 -6.0 -6.0 -6.0 -6.0 -6.0 -6.0
-6.0 -6.0 -6.0 -6.0 -6.0 -6.0 -6.0 -6.0 -6.0 -6.0 -6.0 -6.0 -6.0 -6.0 -6.0 -6.0 -6.0 -6.0 -6.0 -6.0 -6.0 -6.0 -6.0 -6.0 -6.0 -6.0 -6.0 -6.0 -6.0 -6.0 -6.0 -6.0 -6.0 -6.0 -6.0 -6.0 -6.0 -6.0 -6.0 -6.0 -6.0 -2.12015 -1.24279 0.16732 0.63994 1.0849 0.66828 0.43508 -0.76461 -1.44092 -1.4357 -1.55612 -1.66347 -2.87488 -6.0 -6.0 -6.0 -6.0 -6.0 -6.0 -6.0 -6.0 -6.0 -6.0 -6.0 -6.0 -6.0 -6.0 -6.0 -6.0 -6.0 -6.0 -6.0 -6.0 -6.0 -6.0 -6.0 -6.0 -6.0 -6.0 -6.0 -6.0 -6.0 -6.0 -6.0 -6.0 -6.0 -6.0 -6.0 -6.0 -6.0 -6.0 -6.0 -6.0 -6.0 -6.0 -6.0 -6.0 -6.0 -6.0 -6.0 -6.0 -6.0 -6.0 -6.0 -6.0 -6.0 -6.0 -6.0 -6.0 -6.0 -6.0 -6.0 -6.0 -6.0 -6.0 -6.0 -6.0 -6.0 -6.0 -6.0 -6.0 -6.0 -6.0 -6.0 -6.0 -6.0 -6.0 -6.0 -6.0 -6.0 -6.0 -6.0 -6.0 -6.0 -6.0 -6.0 -6.0 -6.0 -6.0 -6.0 -6.0 -6.0 -6.0 -6.0 -6.0 -6.0 -6.0 -6.0 -6.0 -6.0 -6.0 -6.0 -6.0 -6.0 -6.0 -6.0 -6.0 -6.0 -6.0 -6.0 -6.0 -6.0 -6.0 -6.0 -6.0 -6.0 -6.0 -6.0 -6.0 -6.0 -6.0 -6.0 -6.0 -6.0 -6.0 -6.0 -6.0 -6.0 -6.0 -6.0 -6.0 -6.0 -6.0 -6.0 -6.0 -6.0 -6.0 -6.0 -6.0 -6.0 -6.0 -6.0 -6.0 -6.0 -6.0 -6.0 -6.0 -6.0 -6.0 -6.0 -6.0 -6.0 -6.0 -6.0 -6.0 -6.0 -6.0 -6.0 -6.0 -6.0 -6.0 -6.0 -6.0 -6.0 -6.0 -6.0 -6.0 -6.0 -6.0 -6.0 -6.0
-6.0 -6.0 -6.0 -6.0 -6.0 -6.0 -4.14307 -1.59239 -1.61021 -1.59253 -1.54236 -1.58877 -1.59495 -2.19539 -4.18766 -6.0 -6.0 -6.0 -6.0 -6.0 -6.0 -6.0 -6.0 -6.0 -6.0 -6.0 -6.0 -6.0 -6.0 -6.0 -6.0 -6.0 -6.0 -6.0 -6.0 -6.0 -6.0 -6.0 -6.0 -6.0 -6.0 -6.0 -4.02395 -0.38686 0.19233 0.54349 -0.65003 -2.14145 -5.9884 -6.0 -6.0 -6.0 -6.0 -6.0 -6.0 -6.0 -6.0 -6.0 -6.0 -6.0 -6.0 -6.0 -6.0 -6.0 -6.0 -6.0 -6.0 -6.0 -6.0 -6.0 -6.0 -6.0 -6.0 -6.0 -6.0 -6.0 -6.0 -6.0 -6.0 -6.0 -6.0 -6.0 -6.0 -6.0 -6.0 -6.0 -6.0 -6.0 -6.0 -6.0 -6.0 -6.0 -6.0 -6.0 -6.0 -6.0 -6.0 -6.0 -6.0 -6.0 -6.0 -6.0 -6.0 -6.0 -6.0 -6.0 -6.0 -6.0 -6.0 -6.0 -6.0 -6.0 -6.0 -6.0 -6.0 -6.0 -6.0 -6.0 -6.0 -6.0 -6.0 -6.0 -6.0 -6.0 -6.0 -6.0 -6.0 -6.0 -6.0 -6.0 -6.0 -6.0 -6.0 -6.0 -6.0 -6.0 -6.0 -6.0 -6.0 -6.0 -6.0 -6.0 -6.0 -6.0 -6.0 -6.0 -6.0 -6.0 -6.0 -6.0 -6.0 -6.0 -6.0 -6.0 -6.0 -6.0 -6.0 -6.0 -6.0 -6.0 -6.0 -6.0 -6.0 -6.0 -6.0 -6.0 -6.0 -6.0 -6.0 -6.0 -6.0 -6.0 -6.0 -6.0 -6.0 -6.0 -6.0 -6.0 -6.0 -6.0 -6.0 -6.0 -6.0 -6.0 -6.0 -6.0 -6.0 -6.0 -6.0 -6.0 -6.0 -6.0 -6.0 -6.0 -6.0 -6.0 -6.0 -6.0 -6.0 -6.0 -6.0 -6.0 -6.0 -6.0 -6.0 -6.0 -6.0 -6.0 -6.0 -6.0 -6.0 -6.0 -6.0 -6.0 -6.0 -6.0 -6.0 -6.0 -6.0 -6.0 -6.0 -6.0
-6.0 -6.0 -1.31269 -1.17875 -1.55767 -1.85082 -2.0369 -1.14317 -1.07461 -1.50373 -1.29773 -0.97442 -0.65612 -0.85015 -1.32754 -1.86993 -1.95093 -1.9457 -2.03654 -2.22892 -5.0159 -5.05928 -5.07525 -5.08191 -5.99511 -6.0 -6.0 -6.0 -6.0 -6.0 -6.0 -6.0 -6.0 -6.0 -6.0 -6.0 -6.0 -6.0 -6.0 -6.0 -6.0 -5.08067 -1.91023 -1.15182 -1.50357 -2.85539 -3.06715 -6.0 -6.0 -6.0 -6.0 -6.0 -6.0 -6.0 -6.0 -6.0 -6.0 -6.0 -6.0 -6.0 -6.0 -6.0 -6.0 -6.0 -6.0 -6.0 -6.0 -6.0 -6.0 -6.0 -6.0 -6.0 -6.0 -6.0 -6.0 -6.0 -6.0 -6.0 -6.0 -6.0 -6.0 -6.0 -6.0 -6.0 -6.0 -6.0 -6.0 -6.0 -6.0 -6.0 -6.0 -6.0 -6.0 -6.0 -6.0 -6.0 -6.0 -6.0 -6.0 -6.0 -6.0 -6.0 -6.0 -6.0 -6.0 -6.0 -6.0 -6.0 -6.0 -6.0 -6.0 -6.0 -6.0 -6.0 -6.0 -6.0 -6.0 -6.0 -6.0 -6.0 -6.0 -6.0 -6.0 -6.0 -6.0 -6.0 -6.0 -6.0 -6.0 -6.0 -6.0 -6.0 -6.0 -6.0 -6.0 -6.0 -6.0 -6.0 -6.0 -6.0 -6.0 -6.0 -6.0 -6.0 -6.0 -6.0 -6.0 -6.0 -6.0 -6.0 -6.0 -6.0 -6.0 -6.0 -6.0 -6.0 -6.0 -6.0 -6.0 -6.0 -6.0 -6.0 -6.0 -6.0 -6.0 -6.0 -6.0 -6.0 -6.0 -6.0 -6.0 -6.0 -6.0 -6.0 -6.0 -6.0 -6.0 -6.0 -6.0 -6.0 -6.0 -6.0 -6.0 -6.0 -6.0 -6.0 -6.0 -6.0 -6.0 -6.0 -6.0 -6.0 -6.0 -6.0 -6.0 -6.0 -6.0 -6.0 -6.0 -6.0 -6.0 -6.0 -6.0 -6.0 -6.0 -6.0 -6.0 -6.0 -6.0 -6.0 -6.0 -6.0 -6.0 -6.0 -6.0 -6.0 -6.0 -6.0 -6.0 -6.0 -6.0 -6.0
-6.0 -6.0 -1.75849 -1.56577 -1.92314 -3.96002 -4.14387 -4.02911 -4.0344 -4.12771 -4.08431 -1.62423 -1.16263 -0.79705 -0.70906 -0.81022 -0.72969 -0.56617 -0.60508 -0.72051 -0.73099 -0.71434 -0.76692 -0.77582 -1.13765 -1.53804 -5.99383 -6.0 -6.0 -6.0 -6.0 -6.0 -6.0 -6.0 -6.0 -6.0 -6.0 -6.0 -6.0 -6.0 -6.0 -1.5276 -0.56449 -1.54491 -6.0 -6.0 -6.0 -6.0 -6.0 -6.0 -6.0 -6.0 -6.0 -6.0 -6.0 -6.0 -6.0 -6.0 -6.0 -6.0 -6.0 -6.0 -6.0 -6.0 -6.0 -6.0 -6.0 -6.0 -6.0 -6.0 -6.0 -6.0 -6.0 -6.0 -6.0 -6.0 -6.0 -6.0 -6.0 -6.0 -6.0 -6.0 -6.0 -6.0 -6.0 -6.0 -6.0 -6.0 -6.0 -6.0 -6.0 -6.0 -6.0 -6.0 -6.0 -6.0 -6.0 -6.0 -6.0 -6.0 -6.0 -6.0 -6.0 -6.0 -6.0 -6.0 -6.0 -6.0 -6.0 -6.0 -6.0 -6.0 -6.0 -6.0 -6.0 -6.0 -6.0 -6.0 -6.0 -6.0 -6.0 -6.0 -6.0 -6.0 -6.0 -6.0 -6.0 -6.0 -6.0 -6.0 -6.0 -6.0 -6.0 -6.0 -6.0 -6.0 -6.0 -6.0 -6.0 -6.0 -6.0 -6.0 -6.0 -6.0 -6.0 -6.0 -6.0 -6.0 -6.0 -6.0 -6.0 -6.0 -6.0 -6.0 -6.0 -6.0 -6.0 -6.0 -6.0 -6.0 -6.0 -6.0 -6.0 -6.0 -6.0 -6.0 -6.0 -6.0 -6.0 -6.0 -6.0 -6.0 -6.0 -6.0 -6.0 -6.0 -6.0 -6.0 -6.0 -6.0 -6.0 -6.0 -6.0 -6.0 -6.0 -6.0 -6.0 -6.0 -6.0 -6.0 -6.0 -6.0 -6.0 -6.0 -6.0 -6.0 -6.0 -6.0 -6.0 -6.0 -6.0 -6.0 -6.0 -6.0 -6.0 -6.0 -6.0 -6.0 -6.0 -6.0 -6.0 -6.0 -6.0 -6.0 -6.0 -6.0 -6.0 -6.0 -6.0 -6.0 -6.0 -6.0
-6.0 -6.0 -3.28548 -2.27476 -5.08046 -6.0 -6.0 -6.0 -6.0 -6.0 -6.0 -3.06508 -2.02636 -1.88977 -1.82387 -1.76301 -1.71026 -1.63792 -1.58528 -1.01632 -1.00511 -0.2962 -0.47829 -0.27635 -0.37401 -0.47382 -0.946 -1.37482 -1.84546 -2.10057 -3.20961 -5.06621 -6.0 -3.02104 -3.10955 -2.94309 -1.92813 -1.88183 -1.71217 -1.46281 -1.13687 -1.16469 -1.4754 -1.93773 -6.0 -6.0 -6.0 -6.0 -6.0 -6.0 -6.0 -6.0 -6.0 -6.0 -6.0 -6.0 -6.0 -6.0 -6.0 -6.0 -6.0 -6.0 -6.0 -6.0 -6.0 -6.0 -6.0 -6.0 -6.0 -6.0 -6.0 -6.0 -6.0 -6.0 -6.0 -6.0 -6.0 -6.0 -6.0 -6.0 -6.0 -6.0 -6.0 -6.0 -6.0 -6.0 -6.0 -6.0 -6.0 -6.0 -6.0 -6.0 -6.0 -6.0 -6.0 -6.0 -6.0 -6.0 -6.0 -6.0 -6.0 -6.0 -6.0 -6.0 -6.0 -6.0 -6.0 -6.0 -6.0 -6.0 -6.0 -6.0 -6.0 -6.0 -6.0 -6.0 -6.0 -6.0 -6.0 -6.0 -6.0 -6.0 -6.0 -6.0 -6.0 -6.0 -6.0 -6.0 -6.0 -6.0 -6.0 -6.0 -6.0 -6.0 -6.0 -6.0 -6.0 -6.0 -6.0 -6.0 -6.0 -6.0 -6.0 -6.0 -6.0 -6.0 -6.0 -6.0 -6.0 -6.0 -6.0 -6.0 -6.0 -6.0 -6.0 -6.0 -6.0 -6.0 -6.0 -6.0 -6.0 -6.0 -6.0 -6.0 -6.0 -6.0 -6.0 -6.0 -6.0 -6.0 -6.0 -6.0 -6.0 -6.0 -6.0 -6.0 -6.0 -6.0 -6.0 -6.0 -6.0 -6.0 -6.0 -6.0 -6.0 -6.0 -6.0 -6.0 -6.0 -6.0 -6.0 -6.0 -6.0 -6.0 -6.0 -6.0 -6.0 -6.0 -6.0 -6.0 -6.0 -6.0 -6.0 -6.0 -6.0 -6.0 -6.0 -6.0 -6.0 -6.0 -6.0 -6.0 -6.0 -6.0 -6.0 -6.0 -6.0 -6.0 -6.0 -6.0 -6.0 -6.0
-6.0 -6.0 -6.0 -6.0 -6.0 -6.0 -6.0 -6.0 -6.0 -6.0 -6.0 -6.0 -6.0 -6.0 -6.0 -6.0 -6.0 -6.0 -4.14622 -1.56707 -1.83742 -0.81148 -1.12051 -0.99707 -0.92579 -0.42132 0.11428 -0.0898 -0.66548 -0.97198 -1.26352 -1.65662 -1.85734 -0.81597 -0.86112 -0.73686 -0.67061 -0.86363 -0.89877 -0.67843 -0.3618 -1.77038 -6.0 -6.0 -6.0 -6.0 -6.0 -6.0 -6.0 -6.0 -6.0 -6.0 -6.0 -6.0 -6.0 -6.0 -6.0 -6.0 -6.0 -6.0 -6.0 -6.0 -6.0 -6.0 -6.0 -6.0 -6.0 -6.0 -6.0 -6.0 -6.0 -6.0 -6.0 -6.0 -6.0 -6.0 -6.0 -6.0 -6.0 -6.0 -6.0 -6.0 -6.0 -6.0 -6.0 -6.0 -6.0 -6.0 -6.0 -6.0 -6.0 -6.0 -6.0 -6.0 -6.0 -6.0 -6.0 -6.0 -6.0 -6.0 -6.0 -6.0 -6.0 -6.0 -6.0 -6.0 -6.0 -6.0 -6.0 -6.0 -6.0 -6.0 -6.0 -6.0 -6.0 -6.0 -6.0 -6.0 -6.0 -6.0 -6.0 -6.0 -6.0 -6.0 -6.0 -6.0 -6.0 -6.0 -6.0 -6.0 -6.0 -6.0 -6.0 -6.0 -6.0 -6.0 -6.0 -6.0 -6.0 -6.0 -6.0 -6.0 -6.0 -6.0 -6.0 -6.0 -6.0 -6.0 -6.0 -6.0 -6.0 -6.0 -6.0 -6.0 -6.0 -6.0 -6.0 -6.0 -6.0 -6.0 -6.0 -6.0 -6.0 -6.0 -6.0 -6.0 -6.0 -6.0 -6.0 -6.0 -6.0 -6.0 -6.0 -6.0 -6.0 -6.0 -6.0 -6.0 -6.0 -6.0 -6.0 -6.0 -6.0 -6.0 -6.0 -6.0 -6.0 -6.0 -6.0 -6.0 -6.0 -6.0 -6.0 -6.0 -6.0 -6.0 -6.0 -6.0 -6.0 -6.0 -6.0 -6.0 -6.0 -6.0 -6.0 -6.0 -6.0 -6.0 -6.0 -6.0 -6.0 -6.0 -6.0 -6.0 -6.0 -6.0 -6.0 -6.0 -6.0 -6.0 -6.0 -6.0
-6.0 -6.0 -6.0 -6.0 -6.0 -6.0 -6.0 -6.0 -6.0 -6.0 -6.0 -6.0 -6.0 -6.0 -6.0 -6.0 -6.0 -6.0 -4.1145 -1.66651 -6.0 -6.0 -6.0 -6.0 -6.0 -2.89591 -1.31821 -0.92884 -0.60739 -0.53781 -0.24253 -0.23833 -0.72184 -0.60801 -0.65411 -0.66841 -0.67038 -0.93524 -2.58088 -6.0 -6.0 -6.0 -6.0 -6.0 -6.0 -6.0 -6.0 -6.0 -6.0 -6.0 -6.0 -6.0 -6.0 -6.0 -6.0 -6.0 -6.0 -6.0 -6.0 -6.0 -6.0 -6.0 -6.0 -6.0 -6.0 -6.0 -6.0 -6.0 -6.0 -6.0 -6.0 -6.0 -6.0 -6.0 -6.0 -6.0 -6.0 -6.0 -6.0 -6.0 -6.0 -6.0 -6.0 -6.0 -6.0 -6.0 -6.0 -6.0 -6.0 -6.0 -6.0 -6.0 -6.0 -6.0 -6.0 -6.0 -6.0 -6.0 -6.0 -6.0 -6.0 -6.0 -6.0 -6.0 -6.0 -6.0 -6.0 -6.0 -6.0 -6.0 -6.0 -6.0 -6.0 -6.0 -6.0 -6.0 -6.0 -6.0 -6.0 -6.0 -6.0 -6.0 -6.0 -6.0 -6.0 -6.0 -6.0 -6.0 -6.0 -6.0 -6.0 -6.0 -6.0 -6.0 -6.0 -6.0 -6.0 -6.0 -6.0 -6.0 -6.0 -6.0 -6.0 -6.0 -6.0 -6.0 -6.0 -6.0 -6.0 -6.0 -6.0 -6.0 -6.0 -6.0 -6.0 -6.0 -6.0 -6.0 -6.0 -6.0 -6.0 -6.0 -6.0 -6.0 -6.0 -6.0 -6.0 -6.0 -6.0 -6.0 -6.0 -6.0 -6.0 -6.0 -6.0 -6.0 -6.0 -6.0 -6.0 -6.0 -6.0 -6.0 -6.0 -6.0 -6.0 -6.0 -6.0 -6.0 -6.0 -6.0 -6.0 -6.0 -6.0 -6.0 -6.0 -6.0 -6.0 -6.0 -6.0 -6.0 -6.0 -6.0 -6.0 -6.0 -6.0 -6.0 -6.0 -6.0 -6.0 -6.0 -6.0 -6.0 -6.0 -6.0 -6.0 -6.0 -6.0 -6.0 -6.0 -6.0 -6.0 -6.0
-6.0 -6.0 -6.0 -6.0 -6.0 -6.0 -6.0 -6.0 -6.0 -6.0 -6.0 -6.0 -6.0 -6.0 -6.0 -6.0 -6.0 -6.0 -6.0 -6.0 -6.0 -6.0 -6.0 -6.0 -6.0 -6.0 -6.0 -6.0 -6.0 -3.16991 -1.52771 -1.61873 -5.99151 -6.0 -6.0 -6.0 -6.0 -6.0 -6.0 -6.0 -6.0 -6.0 -6.0 -6.0 -6.0 -6.0 -6.0 -6.0 -6.0 -6.0 -6.0 -6.0 -6.0 -6.0 -6.0 -6.0 -6.0 -6.0 -6.0 -6.0 -6.0 -6.0 -6.0 -6.0 -6.0 -6.0 -6.0 -6.0 -6.0 -6.0 -6.0 -6.0 -6.0 -6.0 -6.0 -6.0 -6.0 -6.0 -6.0 -6.0 -6.0 -6.0 -6.0 -6.0 -6.0 -6.0 -6.0 -6.0 -6.0 -6.0 -6.0 -6.0 -6.0 -6.0 -6.0 -6.0 -6.0 -6.0 -6.0 -6.0 -6.0 -6.0 -6.0 -6.0 -6.0 -6.0 -6.0 -6.0 -6.0 -6.0 -6.0 -6.0 -6.0 -6.0 -6.0 -6.0 -6.0 -6.0 -6.0 -6.0 -6.0 -6.0 -6.0 -6.0 -6.0 -6.0 -6.0 -6.0 -6.0 -6.0 -6.0 -6.0 -6.0 -6.0 -6.0 -6.0 -6.0 -6.0 -6.0 -6.0 -6.0 -6.0 -6.0 -6.0 -6.0 -6.0 -6.0 -6.0 -6.0 -6.0 -6.0 -6.0 -6.0 -6.0 -6.0 -6.0 -6.0 -6.0 -6.0 -6.0 -6.0 -6.0 -6.0 -6.0 -6.0 -6.0 -6.0 -6.0 -6.0 -6.0 -6.0 -6.0 -6.0 -6.0 -6.0 -6.0 -6.0 -6.0 -6.0 -6.0 -6.0 -6.0 -6.0 -6.0 -6.0 -6.0 -6.0 -6.0 -6.0 -6.0 -6.0 -6.0 -6.0 -6.0 -6.0 -6.0 -6.0 -6.0 -6.0 -6.0 -6.0 -6.0 -6.0 -6.0 -6.0 -6.0 -6.0 -6.0 -6.0 -6.0 -6.0 -6.0 -6.0 -6.0 -6.0 -6.0 -6.0 -6.0 -6.0 -6.0 -6.0 -6.0
-6.0 -6.0 -6.0 -6.0 -6.0 -6.0 -6.0 -6.0 -6.0 -6.0 -6.0 -6.0 -6.0 -6.0 -6.0 -6.0 -6.0 -6.0 -6.0 -6.0 -6.0 -6.0 -6.0 -6.0 -6.0 -6.0 -6.0 -6.0 -6.0 -6.0 -5.09301 -5.08491 -6.0 -6.0 -6.0 -6.0 -6.0 -6.0 -6.0 -6.0 -6.0 -6.0 -6.0 -6.0 -6.0 -6.0 -6.0 -6.0 -6.0 -6.0 -6.0 -6.0 -6.0 -6.0 -6.0 -6.0 -6.0 -6.0 -6.0 -6.0 -6.0 -6.0 -6.0 -6.0 -6.0 -6.0 -6.0 -6.0 -6.0 -6.0 -6.0 -6.0 -6.0 -6.0 -6.0 -6.0 -6.0 -6.0 -6.0 -6.0 -6.0 -6.0 -6.0 -6.0 -6.0 -6.0 -6.0 -6.0 -6.0 -6.0 -6.0 -6.0 -6.0 -6.0 -6.0 -6.0 -6.0 -6.0 -6.0 -6.0 -6.0 -6.0 -6.0 -6.0 -6.0 -6.0 -6.0 -6.0 -6.0 -6.0 -6.0 -6.0 -6.0 -6.0 -6.0 -6.0 -6.0 -6.0 -6.0 -6.0 -6.0 -6.0 -6.0 -6.0 -6.0 -6.0 -6.0 -6.0 -6.0 -6.0 -6.0 -6.0 -6.0 -6.0 -6.0 -6.0 -6.0 -6.0 -6.0 -6.0 -6.0 -6.0 -6.0 -6.0 -6.0 -6.0 -6.0 -6.0 -6.0 -6.0 -6.0 -6.0 -6.0 -6.0 -6.0 -6.0 -6.0 -6.0 -6.0 -6.0 -6.0 -6.0 -6.0 -6.0 -6.0 -6.0 -6.0 -6.0 -6.0 -6.0 -6.0 -6.0 -6.0 -6.0 -6.0 -6.0 -6.0 -6.0 -6.0 -6.0 -6.0 -6.0 -6.0 -6.0 -6.0 -6.0 -6.0 -6.0 -6.0 -6.0 -6.0 -6.0 -6.0 -6.0 -6.0 -6.0 -6.0 -6.0 -6.0 -6.0 -6.0 -6.0 -6.0 -6.0 -6.0 -6.0 -6.0 -6.0 -6.0 -6.0 -6.0 -6.0 -6.0 -6.0 -6.0 -6.0 -6.0 -6.0 -6.0 -6.0 -6.0 -6.0
-6.0 -6.0 -6.0 -6.0 -6.0 -6.0 -6.0 -6.0 -6.0 -6.0 -6.0 -6.0 -6.0 -6.0 -6.0 -6.0 -6.0 -6.0 -6.0 -6.0 -6.0 -6.0 -6.0 -6.0 -6.0 -6.0 -6.0 -6.0 -6.0 -6.0 -6.0 -6.0 -6.0 -6.0 -6.0 -6.0 -6.0 -6.0 -6.0 -6.0 -6.0 -6.0 -6.0 -6.0 -6.0 -6.0 -6.0 -6.0 -6.0 -6.0 -6.0 -6.0 -6.0 -6.0 -6.0 -6.0 -6.0 -6.0 -6.0 -6.0 -6.0 -6.0 -6.0 -6.0 -6.0 -6.0 -6.0 -6.0 -6.0 -6.0 -6.0 -6.0 -6.0 -6.0 -6.0 -6.0 -6.0 -6.0 -6.0 -6.0 -6.0 -6.0 -6.0 -6.0 -6.0 -6.0 -6.0 -6.0 -6.0 -6.0 -6.0 -6.0 -6.0 -6.0 -6.0 -6.0 -6.0 -6.0 -6.0 -6.0 -6.0 -6.0 -6.0 -6.0 -6.0 -6.0 -6.0 -6.0 -6.0 -6.0 -6.0 -6.0 -6.0 -6.0 -6.0 -6.0 -6.0 -6.0 -6.0 -6.0 -6.0 -6.0 -6.0 -6.0 -6.0 -6.0 -6.0 -6.0 -6.0 -6.0 -6.0 -6.0 -6.0 -6.0 -6.0 -6.0 -6.0 -6.0 -6.0 -6.0 -6.0 -6.0 -6.0 -6.0 -6.0 -6.0 -6.0 -6.0 -6.0 -6.0 -6.0 -6.0 -6.0 -6.0 -6.0 -6.0 -6.0 -6.0 -6.0 -6.0 -6.0 -6.0 -6.0 -6.0 -6.0 -6.0 -6.0 -6.0 -6.0 -6.0 -6.0 -6.0 -6.0 -6.0 -6.0 -6.0 -6.0 -6.0 -6.0 -6.0 -6.0 -6.0 -6.0 -6.0 -6.0 -6.0 -6.0 -6.0 -6.0 -6.0 -6.0 -6.0 -6.0 -6.0 -6.0 -6.0 -6.0 -6.0 -6.0 -6.0 -6.0 -6.0 -6.0 -6.0 -6.0 -6.0 -6.0 -6.0 -6.0 -6.0 -6.0 -6.0 -6.0 -6.0 -6.0 -6.0 -6.0 -6.0 -6.0 -6.0 -6.0 -6.0
-6.0 -6.0 -6.0 -6.0 -6.0 -6.0 -6.0 -6.0 -6.0 -6.0 -6.0 -6.0 -6.0 -6.0 -6.0 -6.0 -6.0 -6.0 -6.0 -6.0 -6.0 -6.0 -6.0 -6.0 -6.0 -6.0 -6.0 -6.0 -6.0 -6.0 -6.0 -6.0 -6.0 -6.0 -6.0 -6.0 -6.0 -6.0 -6.0 -6.0 -6.0 -6.0 -6.0 -6.0 -6.0 -6.0 -6.0 -6.0 -6.0 -6.0 -6.0 -6.0 -6.0 -6.0 -6.0 -6.0 -6.0 -6.0 -6.0 -6.0 -6.0 -6.0 -6.0 -6.0 -6.0 -6.0 -6.0 -6.0 -6.0 -6.0 -6.0 -6.0 -6.0 -6.0 -6.0 -6.0 -6.0 -6.0 -6.0 -6.0 -6.0 -6.0 -6.0 -6.0 -6.0 -6.0 -6.0 -6.0 -6.0 -6.0 -6.0 -6.0 -6.0 -6.0 -6.0 -6.0 -6.0 -6.0 -6.0 -6.0 -6.0 -6.0 -6.0 -6.0 -6.0 -6.0 -6.0 -6.0 -6.0 -6.0 -6.0 -6.0 -6.0 -6.0 -6.0 -6.0 -6.0 -6.0 -6.0 -6.0 -6.0 -6.0 -6.0 -6.0 -6.0 -6.0 -6.0 -6.0 -6.0 -6.0 -6.0 -6.0 -6.0 -6.0 -6.0 -6.0 -6.0 -6.0 -6.0 -6.0 -6.0 -6.0 -6.0 -6.0 -6.0 -6.0 -6.0 -6.0 -6.0 -6.0 -6.0 -6.0 -6.0 -6.0 -6.0 -6.0 -6.0 -6.0 -6.0 -6.0 -6.0 -6.0 -6.0 -6.0 -6.0 -6.0 -6.0 -6.0 -6.0 -6.0 -6.0 -6.0 -6.0 -6.0 -6.0 -6.0 -6.0 -6.0 -6.0 -6.0 -6.0 -6.0 -6.0 -6.0 -6.0 -6.0 -6.0 -6.0 -6.0 -6.0 -6.0 -6.0 -6.0 -6.0 -6.0 -6.0 -6.0 -6.0 -6.0 -6.0 -6.0 -6.0 -6.0 -6.0 -6.0 -6.0 -6.0 -6.0 -6.0 -6.0 -6.0 -6.0 -6.0 -6.0 -6.0 -6.0 -6.0 -6.0 -6.0 -6.0 -6.0 -6.0
-6.0 -6.0 -6.0 -6.0 -6.0 -6.0 -6.0 -6.0 -6.0 -6.0 -6.0 -6.0 -6.0 -6.0 -6.0 -6.0 -6.0 -6.0 -6.0 -6.0 -6.0 -6.0 -6.0 -6.0 -6.0 -6.0 -6.0 -6.0 -6.0 -6.0 -6.0 -6.0 -6.0 -6.0 -6.0 -6.0 -6.0 -6.0 -6.0 -6.0 -6.0 -6.0 -6.0 -6.0 -6.0 -6.0 -6.0 -6.0 -6.0 -6.0 -6.0 -6.0 -6.0 -6.0 -6.0 -6.0 -6.0 -6.0 -6.0 -6.0 -6.0 -6.0 -6.0 -6.0 -6.0 -6.0 -6.0 -6.0 -6.0 -6.0 -6.0 -6.0 -6.0 -6.0 -6.0 -6.0 -6.0 -6.0 -6.0 -6.0 -6.0 -6.0 -6.0 -6.0 -6.0 -6.0 -6.0 -6.0 -6.0 -6.0 -6.0 -6.0 -6.0 -6.0 -6.0 -6.0 -6.0 -6.0 -6.0 -6.0 -6.0 -6.0 -6.0 -6.0 -6.0 -6.0 -6.0 -6.0 -6.0 -6.0 -6.0 -6.0 -6.0 -6.0 -6.0 -6.0 -6.0 -6.0 -6.0 -6.0 -6.0 -6.0 -6.0 -6.0 -6.0 -6.0 -6.0 -6.0 -6.0 -6.0 -6.0 -6.0 -6.0 -6.0 -6.0 -6.0 -6.0 -6.0 -6.0 -6.0 -6.0 -6.0 -6.0 -6.0 -6.0 -6.0 -6.0 -6.0 -6.0 -6.0 -6.0 -6.0 -6.0 -6.0 -6.0 -6.0 -6.0 -6.0 -6.0 -6.0 -6.0 -6.0 -6.0 -6.0 -6.0 -6.0 -6.0 -6.0 -6.0 -6.0 -6.0 -6.0 -6.0 -6.0 -6.0 -6.0 -6.0 -6.0 -6.0 -6.0 -6.0 -6.0 -6.0 -6.0 -6.0 -6.0 -6.0 -6.0 -6.0 -6.0 -6.0 -6.0 -6.0 -6.0 -6.0 -6.0 -6.0 -6.0 -6.0 -6.0 -6.0 -6.0 -6.0 -6.0 -6.0 -6.0 -6.0 -6.0 -6.0 -6.0 -6.0 -6.0 -6.0 -6.0 -6.0 -6.0 -6.0 -6.0 -6.0 -6.0 -6.0 -6.0
-6.0 -6.0 -6.0 -6.0 -6.0 -6.0 -6.0 -6.0 -6.0 -6.0 -6.0 -6.0 -6.0 -6.0 -6.0 -6.0 -6.0 -6.0 -6.0 -6.0 -6.0 -6.0 -6.0 -6.0 -6.0 -6.0 -6.0 -6.0 -6.0 -6.0 -6.0 -6.0 -6.0 -6.0 -6.0 -6.0 -6.0 -6.0 -6.0 -6.0 -6.0 -6.0 -6.0 -6.0 -6.0 -6.0 -6.0 -6.0 -6.0 -6.0 -6.0 -6.0 -6.0 -6.0 -6.0 -6.0 -6.0 -6.0 -6.0 -6.0 -6.0 -6.0 -6.0 -6.0 -6.0 -6.0 -6.0 -6.0 -6.0 -6.0 -6.0 -6.0 -6.0 -6.0 -6.0 -6.0 -6.0 -6.0 -6.0 -6.0 -6.0 -6.0 -6.0 -6.0 -6.0 -6.0 -6.0 -6.0 -6.0 -6.0 -6.0 -6.0 -6.0 -6.0 -6.0 -6.0 -6.0 -6.0 -6.0 -6.0 -6.0 -6.0 -6.0 -6.0 -6.0 -6.0 -6.0 -6.0 -6.0 -6.0 -6.0 -6.0 -6.0 -6.0 -6.0 -6.0 -6.0 -6.0 -6.0 -6.0 -6.0 -6.0 -6.0 -6.0 -6.0 -6.0 -6.0 -6.0 -6.0 -6.0 -6.0 -6.0 -6.0 -6.0 -6.0 -6.0 -6.0 -6.0 -6.0 -6.0 -6.0 -6.0 -6.0 -6.0 -6.0 -6.0 -6.0 -6.0 -6.0 -6.0 -6.0 -6.0 -6.0 -6.0 -6.0 -6.0 -6.0 -6.0 -6.0 -6.0 -6.0 -6.0 -6.0 -6.0 -6.0 -6.0 -6.0 -6.0 -6.0 -6.0 -6.0 -6.0 -6.0 -6.0 -6.0 -6.0 -6.0 -6.0 -6.0 -6.0 -6.0 -6.0 -6.0 -6.0 -6.0 -6.0 -6.0 -6.0 -6.0 -6.0 -6.0 -6.0 -6.0 -6.0 -6.0 -6.0 -6.0 -6.0 -6.0 -6.0 -6.0 -6.0 -6.0 -6.0 -6.0 -6.0 -6.0 -6.0 -6.0 -6.0 -6.0 -6.0 -6.0 -6.0 -6.0 -6.0 -6.0 -6.0 -6.0 -6.0 -6.0 -6.0
-6.0 -6.0 -6.0 -6.0 -6.0 -6.0 -6.0 -6.0 -6.0 -6.0 -6.0 -6.0 -6.0 -6.0 -6.0 -6.0 -6.0 -6.0 -6.0 -6.0 -6.0 -6.0 -6.0 -6.0 -6.0 -6.0 -6.0 -6.0 -6.0 -6.0 -6.0 -6.0 -6.0 -6.0 -6.0 -6.0 -6.0 -6.0 -6.0 -6.0 -6.0 -6.0 -6.0 -6.0 -6.0 -6.0 -6.0 -6.0 -6.0 -6.0 -6.0 -6.0 -6.0 -6.0 -6.0 -6.0 -6.0 -6.0 -6.0 -6.0 -6.0 -6.0 -6.0 -6.0 -6.0 -6.0 -6.0 -6.0 -6.0 -6.0 -6.0 -6.0 -6.0 -6.0 -6.0 -6.0 -6.0 -6.0 -6.0 -6.0 -6.0 -6.0 -6.0 -6.0 -6.0 -6.0 -6.0 -6.0 -6.0 -6.0 -6.0 -6.0 -6.0 -6.0 -6.0 -6.0 -6.0 -6.0 -6.0 -6.0 -6.0 -6.0 -6.0 -6.0 -6.0 -6.0 -6.0 -6.0 -6.0 -6.0 -6.0 -6.0 -6.0 -6.0 -6.0 -6.0 -6.0 -6.0 -6.0 -6.0 -6.0 -6.0 -6.0 -6.0 -6.0 -6.0 -6.0 -6.0 -6.0 -6.0 -6.0 -6.0 -6.0 -6.0 -6.0 -6.0 -6.0 -6.0 -6.0 -6.0 -6.0 -6.0 -6.0 -6.0 -6.0 -6.0 -6.0 -6.0 -6.0 -6.0 -6.0 -6.0 -6.0 -6.0 -6.0 -6.0 -6.0 -6.0 -6.0 -6.0 -6.0 -6.0 -6.0 -6.0 -6.0 -6.0 -6.0 -6.0 -6.0 -6.0 -6.0 -6.0 -6.0 -6.0 -6.0 -6.0 -6.0 -6.0 -6.0 -6.0 -6.0 -6.0 -6.0 -6.0 -6.0 -6.0 -6.0 -6.0 -6.0 -6.0 -6.0 -6.0 -6.0 -6.0 -6.0 -6.0 -6.0 -6.0 -6.0 -6.0 -6.0 -6.0 -6.0 -6.0 -6.0 -6.0 -6.0 -6.0 -6.0 -6.0 -6.0 -6.0 -6.0 -6.0 -6.0 -6.0 -6.0 -6.0 -6.0 -6.0 -6.0 -6.0
-6.0 -6.0 -6.0 -6.0 -6.0 -6.0 -6.0 -6.0 -6.0 -6.0 -6.0 -6.0 -6.0 -6.0 -6.0 -6.0 -6.0 -6.0 -6.0 -6.0 -6.0 -6.0 -6.0 -6.0 -6.0 -6.0 -6.0 -6.0 -6.0 -6.0 -6.0 -6.0 -6.0 -6.0 -6.0 -6.0 -6.0 -6.0 -6.0 -6.0 -6.0 -6.0 -6.0 -6.0 -6.0 -6.0 -6.0 -6.0 -6.0 -6.0 -6.0 -6.0 -6.0 -6.0 -6.0 -6.0 -6.0 -6.0 -6.0 -6.0 -6.0 -6.0 -6.0 -6.0 -6.0 -6.0 -6.0 -6.0 -6.0 -6.0 -6.0 -6.0 -6.0 -6.0 -6.0 -6.0 -6.0 -6.0 -6.0 -6.0 -6.0 -6.0 -6.0 -6.0 -6.0 -6.0 -6.0 -6.0 -6.0 -6.0 -6.0 -6.0 -6.0 -6.0 -6.0 -6.0 -6.0 -6.0 -6.0 -6.0 -6.0 -6.0 -6.0 -6.0 -6.0 -6.0 -6.0 -6.0 -6.0 -6.0 -6.0 -6.0 -6.0 -6.0 -6.0 -6.0 -6.0 -6.0 -6.0 -6.0 -6.0 -6.0 -6.0 -6.0 -6.0 -6.0 -6.0 -6.0 -6.0 -6.0 -6.0 -6.0 -6.0 -6.0 -6.0 -6.0 -6.0 -6.0 -6.0 -6.0 -6.0 -6.0 -6.0 -6.0 -6.0 -6.0 -6.0 -6.0 -6.0 -6.0 -6.0 -6.0 -6.0 -6.0 -6.0 -6.0 -6.0 -6.0 -6.0 -6.0 -6.0 -6.0 -6.0 -6.0 -6.0 -6.0 -6.0 -6.0 -6.0 -6.0 -6.0 -6.0 -6.0 -6.0 -6.0 -6.0 -6.0 -6.0 -6.0 -6.0 -6.0 -6.0 -6.0 -6.0 -6.0 -6.0 -6.0 -6.0 -6.0 -6.0 -6.0 -6.0 -6.0 -6.0 -6.0 -6.0 -6.0 -6.0 -6.0 -6.0 -6.0 -6.0 -6.0 -6.0 -6.0 -6.0 -6.0 -6.0 -6.0 -6.0 -6.0 -6.0 -6.0 -6.0 -6.0 -6.0 -6.0 -6.0 -6.0 -6.0 -6.0 -6.0
-6.0 -6.0 -6.0 -6.0 -6.0 -6.0 -6.0 -6.0 -6.0 -6.0 -6.0 -6.0 -6.0 -6.0 -6.0 -6.0 -6.0 -6.0 -6.0 -6.0 -6.0 -6.0 -6.0 -6.0 -6.0 -6.0 -6.0 -6.0 -6.0 -6.0 -6.0 -6.0 -6.0 -6.0 -6.0 -6.0 -6.0 -6.0 -6.0 -6.0 -6.0 -6.0 -6.0 -6.0 -6.0 -6.0 -6.0 -6.0 -6.0 -6.0 -6.0 -6.0 -6.0 -6.0 -6.0 -6.0 -6.0 -6.0 -6.0 -6.0 -6.0 -6.0 -6.0 -6.0 -6.0 -6.0 -6.0 -6.0 -6.0 -6.0 -6.0 -6.0 -6.0 -6.0 -6.0 -6.0 -6.0 -6.0 -6.0 -6.0 -6.0 -6.0 -6.0 -6.0 -6.0 -6.0 -6.0 -6.0 -6.0 -6.0 -6.0 -6.0 -6.0 -6.0 -6.0 -6.0 -6.0 -6.0 -6.0 -6.0 -6.0 -6.0 -6.0 -6.0 -6.0 -6.0 -6.0 -6.0 -6.0 -6.0 -6.0 -6.0 -6.0 -6.0 -6.0 -6.0 -6.0 -6.0 -6.0 -6.0 -6.0 -6.0 -6.0 -6.0 -6.0 -6.0 -6.0 -6.0 -6.0 -6.0 -6.0 -6.0 -6.0 -6.0 -6.0 -6.0 -6.0 -6.0 -6.0 -6.0 -6.0 -6.0 -6.0 -6.0 -6.0 -6.0 -6.0 -6.0 -6.0 -6.0 -6.0 -6.0 -6.0 -6.0 -6.0 -6.0 -6.0 -6.0 -6.0 -6.0 -6.0 -6.0 -6.0 -6.0 -6.0 -6.0 -6.0 -6.0 -6.0 -6.0 -6.0 -6.0 -6.0 -6.0 -6.0 -6.0 -6.0 -6.0 -6.0 -6.0 -6.0 -6.0 -6.0 -6.0 -6.0 -6.0 -6.0 -6.0 -6.0 -6.0 -6.0 -6.0 -6.0 -6.0 -6.0 -6.0 -6.0 -6.0 -6.0 -6.0 -6.0 -6.0 -6.0 -6.0 -6.0 -6.0 -6.0 -6.0 -6.0 -6.0 -6.0 -6.0 -6.0 -6.0 -6.0 -6.0 -6.0 -6.0 -6.0 -6.0 -6.0 -6.0
nan nan -6.0 -6.0 -6.0 -6.0 -6.0 -6.0 -6.0 -6.0 -6.0 -6.0 -6.0 -6.0 -6.0 -6.0 -6.0 -6.0 -6.0 -6.0 -6.0 -6.0 -6.0 -6.0 -6.0 -6.0 -6.0 -6.0 -6.0 -6.0 -6.0 -6.0 -6.0 -6.0 -6.0 -6.0 -6.0 -6.0 -6.0 -6.0 -6.0 -6.0 -6.0 -6.0 -6.0 -6.0 -6.0 -6.0 -6.0 -6.0 -6.0 -6.0 -6.0 -6.0 -6.0 -6.0 -6.0 -6.0 -6.0 -6.0 -6.0 -6.0 -6.0 -6.0 -6.0 -6.0 -6.0 -6.0 -6.0 -6.0 -6.0 -6.0 -6.0 -6.0 -6.0 -6.0 -6.0 -6.0 -6.0 -6.0 -6.0 -6.0 -6.0 -6.0 -6.0 -6.0 -6.0 -6.0 -6.0 -6.0 -6.0 -6.0 -6.0 -6.0 -6.0 -6.0 -6.0 -6.0 -6.0 -6.0 -6.0 -6.0 -6.0 -6.0 -6.0 -6.0 -6.0 -6.0 -6.0 -6.0 -6.0 -6.0 -6.0 -6.0 -6.0 -6.0 -6.0 -6.0 -6.0 -6.0 -6.0 -6.0 -6.0 -6.0 -6.0 -6.0 -6.0 -6.0 -6.0 -6.0 -6.0 -6.0 -6.0 -6.0 -6.0 -6.0 -6.0 -6.0 -6.0 -6.0 -6.0 -6.0 -6.0 -6.0 -6.0 -6.0 -6.0 -6.0 -6.0 -6.0 -6.0 -6.0 -6.0 -6.0 -6.0 -6.0 -6.0 -6.0 -6.0 -6.0 -6.0 -6.0 -6.0 -6.0 -6.0 -6.0 -6.0 -6.0 -6.0 -6.0 -6.0 -6.0 -6.0 -6.0 -6.0 -6.0 -6.0 -6.0 -6.0 -6.0 -6.0 -6.0 -6.0 -6.0 -6.0 -6.0 -6.0 -6.0 -6.0 -6.0 -6.0 -6.0 -6.0 -6.0 -6.0 -6.0 -6.0 -6.0 -6.0 -6.0 -6.0 -6.0 -6.0 -6.0 -6.0 -6.0 -6.0 -6.0 -6.0 -6.0 -6.0 -6.0 -6.0 -6.0 -6.0 -6.0 -6.0 -6.0 -6.0 -6.0 -6.0 -6.0
nan nan -6.0 -6.0 -6.0 -6.0 -6.0 -6.0 -6.0 -6.0 -6.0 -6.0 -6.0 -6.0 -6.0 -6.0 -6.0 -6.0 -6.0 -6.0 -6.0 -6.0 -6.0 -6.0 -6.0 -6.0 -6.0 -6.0 -6.0 -6.0 -6.0 -6.0 -6.0 -6.0 -6.0 -6.0 -6.0 -6.0 -6.0 -6.0 -6.0 -6.0 -6.0 -6.0 -6.0 -6.0 -6.0 -6.0 -6.0 -6.0 -6.0 -6.0 -6.0 -6.0 -6.0 -6.0 -6.0 -6.0 -6.0 -6.0 -6.0 -6.0 -6.0 -6.0 -6.0 -6.0 -6.0 -6.0 -6.0 -6.0 -6.0 -6.0 -6.0 -6.0 -6.0 -6.0 -6.0 -6.0 -6.0 -6.0 -6.0 -6.0 -6.0 -6.0 -6.0 -6.0 -6.0 -6.0 -6.0 -6.0 -6.0 -6.0 -6.0 -6.0 -6.0 -6.0 -6.0 -6.0 -6.0 -6.0 -6.0 -6.0 -6.0 -6.0 -6.0 -6.0 -6.0 -6.0 -6.0 -6.0 -6.0 -6.0 -6.0 -6.0 -6.0 -6.0 -6.0 -6.0 -6.0 -6.0 -6.0 -6.0 -6.0 -6.0 -6.0 -6.0 -6.0 -6.0 -6.0 -6.0 -6.0 -6.0 -6.0 -6.0 -6.0 -6.0 -6.0 -6.0 -6.0 -6.0 -6.0 -6.0 -6.0 -6.0 -6.0 -6.0 -6.0 -6.0 -6.0 -6.0 -6.0 -6.0 -6.0 -6.0 -6.0 -6.0 -6.0 -6.0 -6.0 -6.0 -6.0 -6.0 -6.0 -6.0 -6.0 -6.0 -6.0 -6.0 -6.0 -6.0 -6.0 -6.0 -6.0 -6.0 -6.0 -6.0 -6.0 -6.0 -6.0 -6.0 -6.0 -6.0 -6.0 -6.0 -6.0 -6.0 -6.0 -6.0 -6.0 -6.0 -6.0 -6.0 -6.0 -6.0 -6.0 -6.0 -6.0 -6.0 -6.0 -6.0 -6.0 -6.0 -6.0 -6.0 -6.0 -6.0 -6.0 -6.0 -6.0 -6.0 -6.0 -6.0 -6.0 -6.0 -6.0 -6.0 -6.0 -6.0 -6.0 -6.0 -6.0 -6.0
